#usda 1.0
(
    doc = "Schematic hierarchy symbols only. Sizes and positions are diagram layout, not surveyed geometry."
)

def "ReviewMaterials"
{
    def Material "Site"
    {
        token outputs:surface.connect = </ReviewMaterials/Site/Surface.outputs:surface>

        def Shader "Surface"
        {
            uniform token info:id = "UsdPreviewSurface"
            color3f inputs:diffuseColor = (0, 0, 0)
            color3f inputs:emissiveColor = (0.2, 0.4, 0.65)
            color3f inputs:specularColor = (0, 0, 0)
            int inputs:useSpecularWorkflow = 1
            token outputs:surface
        }
    }

    def Material "Part"
    {
        token outputs:surface.connect = </ReviewMaterials/Part/Surface.outputs:surface>

        def Shader "Surface"
        {
            uniform token info:id = "UsdPreviewSurface"
            color3f inputs:diffuseColor = (0, 0, 0)
            color3f inputs:emissiveColor = (0.25, 0.57, 0.37)
            color3f inputs:specularColor = (0, 0, 0)
            int inputs:useSpecularWorkflow = 1
            token outputs:surface
        }
    }

    def Material "Space"
    {
        token outputs:surface.connect = </ReviewMaterials/Space/Surface.outputs:surface>

        def Shader "Surface"
        {
            uniform token info:id = "UsdPreviewSurface"
            color3f inputs:diffuseColor = (0, 0, 0)
            color3f inputs:emissiveColor = (0.22, 0.65, 0.67)
            color3f inputs:specularColor = (0, 0, 0)
            int inputs:useSpecularWorkflow = 1
            token outputs:surface
        }
    }

    def Material "Element"
    {
        token outputs:surface.connect = </ReviewMaterials/Element/Surface.outputs:surface>

        def Shader "Surface"
        {
            uniform token info:id = "UsdPreviewSurface"
            color3f inputs:diffuseColor = (0, 0, 0)
            color3f inputs:emissiveColor = (0.85, 0.57, 0.2)
            color3f inputs:specularColor = (0, 0, 0)
            int inputs:useSpecularWorkflow = 1
            token outputs:surface
        }
    }

    def Material "Ink"
    {
        token outputs:surface.connect = </ReviewMaterials/Ink/Surface.outputs:surface>

        def Shader "Surface"
        {
            uniform token info:id = "UsdPreviewSurface"
            color3f inputs:diffuseColor = (0, 0, 0)
            color3f inputs:emissiveColor = (0.01, 0.015, 0.02)
            color3f inputs:specularColor = (0, 0, 0)
            int inputs:useSpecularWorkflow = 1
            token outputs:surface
        }
    }

    def Material "Link"
    {
        token outputs:surface.connect = </ReviewMaterials/Link/Surface.outputs:surface>

        def Shader "Surface"
        {
            uniform token info:id = "UsdPreviewSurface"
            color3f inputs:diffuseColor = (0, 0, 0)
            color3f inputs:emissiveColor = (0.35, 0.4, 0.45)
            color3f inputs:specularColor = (0, 0, 0)
            int inputs:useSpecularWorkflow = 1
            token outputs:surface
        }
    }
}

over "Reno"
{
    over "Site"
    {
        def Cube "ReviewSymbol" (
            prepend apiSchemas = ["AecoDerivedGeometryAPI", "MaterialBindingAPI"]
        )
        {
            uniform token aeco:derived:approx = "exact"
            uniform token aeco:derived:role = "symbol"
            string aeco:derived:source = "db6ab87a-22f0-5181-b97d-116f8c988e54"
            string aeco:derived:stamp = "core hierarchy symbols 0.9.2"
            double aeco:derived:tolerance = 0.000001
            float3[] extent = [(-0.5, -0.5, -0.5), (0.5, 0.5, 0.5)]
            rel material:binding = </ReviewMaterials/Site>
            color3f[] primvars:displayColor = [(0.2, 0.4, 0.65)]
            double size = 1
            float3 xformOp:scale = (2.12, 0.5, 0.08)
            matrix4d xformOp:transform = ( (1, 0, 0, 0), (0, 1, 0, 0), (0, 0, 1, 0), (0, 0, 0, 1) )
            uniform token[] xformOpOrder = ["xformOp:transform", "xformOp:scale"]
        }

        def Mesh "ReviewLabel" (
            prepend apiSchemas = ["AecoDerivedGeometryAPI", "MaterialBindingAPI"]
        )
        {
            uniform token aeco:derived:approx = "tessellated"
            uniform token aeco:derived:role = "symbol"
            string aeco:derived:source = "db6ab87a-22f0-5181-b97d-116f8c988e54"
            string aeco:derived:stamp = "core hierarchy symbols 0.9.2"
            uniform bool doubleSided = 1
            float3[] extent = [(-0.95, -0.13, 0.051), (-0.47, 0.11, 0.051)]
            int[] faceVertexCounts = [4, 4, 4, 4, 4, 4, 4, 4, 4, 4, 4, 4, 4, 4, 4, 4, 4, 4, 4, 4, 4, 4, 4, 4, 4, 4, 4, 4, 4, 4, 4, 4, 4]
            int[] faceVertexIndices = [0, 1, 2, 3, 4, 5, 6, 7, 8, 9, 10, 11, 12, 13, 14, 15, 16, 17, 18, 19, 20, 21, 22, 23, 24, 25, 26, 27, 28, 29, 30, 31, 32, 33, 34, 35, 36, 37, 38, 39, 40, 41, 42, 43, 44, 45, 46, 47, 48, 49, 50, 51, 52, 53, 54, 55, 56, 57, 58, 59, 60, 61, 62, 63, 64, 65, 66, 67, 68, 69, 70, 71, 72, 73, 74, 75, 76, 77, 78, 79, 80, 81, 82, 83, 84, 85, 86, 87, 88, 89, 90, 91, 92, 93, 94, 95, 96, 97, 98, 99, 100, 101, 102, 103, 104, 105, 106, 107, 108, 109, 110, 111, 112, 113, 114, 115, 116, 117, 118, 119, 120, 121, 122, 123, 124, 125, 126, 127, 128, 129, 130, 131]
            rel material:binding = </ReviewMaterials/Ink>
            point3f[] points = [(-0.92, 0.08, 0.051), (-0.83, 0.08, 0.051), (-0.83, 0.11, 0.051), (-0.92, 0.11, 0.051), (-0.77, 0.08, 0.051), (-0.74, 0.08, 0.051), (-0.74, 0.11, 0.051), (-0.77, 0.11, 0.051), (-0.68, 0.08, 0.051), (-0.65, 0.08, 0.051), (-0.65, 0.11, 0.051), (-0.68, 0.11, 0.051), (-0.95, 0.05, 0.051), (-0.92, 0.05, 0.051), (-0.92, 0.08, 0.051), (-0.95, 0.08, 0.051), (-0.83, 0.05, 0.051), (-0.8, 0.05, 0.051), (-0.8, 0.08, 0.051), (-0.83, 0.08, 0.051), (-0.68, 0.05, 0.051), (-0.65, 0.05, 0.051), (-0.65, 0.08, 0.051), (-0.68, 0.08, 0.051), (-0.95, 0.02, 0.051), (-0.92, 0.02, 0.051), (-0.92, 0.05, 0.051), (-0.95, 0.05, 0.051), (-0.77, 0.02, 0.051), (-0.74, 0.02, 0.051), (-0.74, 0.05, 0.051), (-0.77, 0.05, 0.051), (-0.71, 0.02, 0.051), (-0.62, 0.02, 0.051), (-0.62, 0.05, 0.051), (-0.71, 0.05, 0.051), (-0.59, 0.02, 0.051), (-0.5, 0.02, 0.051), (-0.5, 0.05, 0.051), (-0.59, 0.05, 0.051), (-0.92, -0.01, 0.051), (-0.86, -0.01, 0.051), (-0.86, 0.02, 0.051), (-0.92, 0.02, 0.051), (-0.77, -0.01, 0.051), (-0.74, -0.01, 0.051), (-0.74, 0.02, 0.051), (-0.77, 0.02, 0.051), (-0.68, -0.01, 0.051), (-0.65, -0.01, 0.051), (-0.65, 0.02, 0.051), (-0.68, 0.02, 0.051), (-0.62, -0.01, 0.051), (-0.59, -0.01, 0.051), (-0.59, 0.02, 0.051), (-0.62, 0.02, 0.051), (-0.5, -0.01, 0.051), (-0.47, -0.01, 0.051), (-0.47, 0.02, 0.051), (-0.5, 0.02, 0.051), (-0.86, -0.04, 0.051), (-0.8, -0.04, 0.051), (-0.8, -0.01, 0.051), (-0.86, -0.01, 0.051), (-0.77, -0.04, 0.051), (-0.74, -0.04, 0.051), (-0.74, -0.01, 0.051), (-0.77, -0.01, 0.051), (-0.68, -0.04, 0.051), (-0.65, -0.04, 0.051), (-0.65, -0.01, 0.051), (-0.68, -0.01, 0.051), (-0.62, -0.04, 0.051), (-0.47, -0.04, 0.051), (-0.47, -0.01, 0.051), (-0.62, -0.01, 0.051), (-0.83, -0.07, 0.051), (-0.8, -0.07, 0.051), (-0.8, -0.04, 0.051), (-0.83, -0.04, 0.051), (-0.77, -0.07, 0.051), (-0.74, -0.07, 0.051), (-0.74, -0.04, 0.051), (-0.77, -0.04, 0.051), (-0.68, -0.07, 0.051), (-0.65, -0.07, 0.051), (-0.65, -0.04, 0.051), (-0.68, -0.04, 0.051), (-0.62, -0.07, 0.051), (-0.59, -0.07, 0.051), (-0.59, -0.04, 0.051), (-0.62, -0.04, 0.051), (-0.95, -0.1, 0.051), (-0.92, -0.1, 0.051), (-0.92, -0.07, 0.051), (-0.95, -0.07, 0.051), (-0.83, -0.1, 0.051), (-0.8, -0.1, 0.051), (-0.8, -0.07, 0.051), (-0.83, -0.07, 0.051), (-0.77, -0.1, 0.051), (-0.74, -0.1, 0.051), (-0.74, -0.07, 0.051), (-0.77, -0.07, 0.051), (-0.68, -0.1, 0.051), (-0.65, -0.1, 0.051), (-0.65, -0.07, 0.051), (-0.68, -0.07, 0.051), (-0.62, -0.1, 0.051), (-0.59, -0.1, 0.051), (-0.59, -0.07, 0.051), (-0.62, -0.07, 0.051), (-0.5, -0.1, 0.051), (-0.47, -0.1, 0.051), (-0.47, -0.07, 0.051), (-0.5, -0.07, 0.051), (-0.92, -0.13, 0.051), (-0.83, -0.13, 0.051), (-0.83, -0.1, 0.051), (-0.92, -0.1, 0.051), (-0.77, -0.13, 0.051), (-0.74, -0.13, 0.051), (-0.74, -0.1, 0.051), (-0.77, -0.1, 0.051), (-0.68, -0.13, 0.051), (-0.62, -0.13, 0.051), (-0.62, -0.1, 0.051), (-0.68, -0.1, 0.051), (-0.59, -0.13, 0.051), (-0.5, -0.13, 0.051), (-0.5, -0.1, 0.051), (-0.59, -0.1, 0.051)]
            color3f[] primvars:displayColor = [(0.015, 0.022, 0.028)]
            uniform token subdivisionScheme = "none"
            matrix4d xformOp:transform = ( (1, 0, 0, 0), (0, 1, 0, 0), (0, 0, 1, 0), (0, 0, 0, 1) )
            uniform token[] xformOpOrder = ["xformOp:transform"]
        }

        over "Building"
        {
            def Cube "ReviewSymbol" (
                prepend apiSchemas = ["AecoDerivedGeometryAPI", "MaterialBindingAPI"]
            )
            {
                uniform token aeco:derived:approx = "exact"
                uniform token aeco:derived:role = "symbol"
                string aeco:derived:source = "58d91d44-9fad-5353-b476-2143495af57b"
                string aeco:derived:stamp = "core hierarchy symbols 0.9.2"
                double aeco:derived:tolerance = 0.000001
                float3[] extent = [(-0.5, -0.5, -0.5), (0.5, 0.5, 0.5)]
                rel material:binding = </ReviewMaterials/Site>
                color3f[] primvars:displayColor = [(0.2, 0.4, 0.65)]
                double size = 1
                float3 xformOp:scale = (2.12, 0.5, 0.08)
                matrix4d xformOp:transform = ( (1, 0, 0, 0), (0, 1, 0, 0), (0, 0, 1, 0), (2.5, -0.75, 0, 1) )
                uniform token[] xformOpOrder = ["xformOp:transform", "xformOp:scale"]
            }

            def Mesh "ReviewLabel" (
                prepend apiSchemas = ["AecoDerivedGeometryAPI", "MaterialBindingAPI"]
            )
            {
                uniform token aeco:derived:approx = "tessellated"
                uniform token aeco:derived:role = "symbol"
                string aeco:derived:source = "58d91d44-9fad-5353-b476-2143495af57b"
                string aeco:derived:stamp = "core hierarchy symbols 0.9.2"
                uniform bool doubleSided = 1
                float3[] extent = [(-0.95, -0.19, 0.051), (0.22, 0.11, 0.051)]
                int[] faceVertexCounts = [4, 4, 4, 4, 4, 4, 4, 4, 4, 4, 4, 4, 4, 4, 4, 4, 4, 4, 4, 4, 4, 4, 4, 4, 4, 4, 4, 4, 4, 4, 4, 4, 4, 4, 4, 4, 4, 4, 4, 4, 4, 4, 4, 4, 4, 4, 4, 4, 4, 4, 4, 4, 4, 4, 4, 4, 4, 4, 4, 4, 4, 4, 4, 4, 4, 4, 4, 4, 4, 4, 4, 4, 4, 4, 4, 4, 4, 4, 4, 4, 4]
                int[] faceVertexIndices = [0, 1, 2, 3, 4, 5, 6, 7, 8, 9, 10, 11, 12, 13, 14, 15, 16, 17, 18, 19, 20, 21, 22, 23, 24, 25, 26, 27, 28, 29, 30, 31, 32, 33, 34, 35, 36, 37, 38, 39, 40, 41, 42, 43, 44, 45, 46, 47, 48, 49, 50, 51, 52, 53, 54, 55, 56, 57, 58, 59, 60, 61, 62, 63, 64, 65, 66, 67, 68, 69, 70, 71, 72, 73, 74, 75, 76, 77, 78, 79, 80, 81, 82, 83, 84, 85, 86, 87, 88, 89, 90, 91, 92, 93, 94, 95, 96, 97, 98, 99, 100, 101, 102, 103, 104, 105, 106, 107, 108, 109, 110, 111, 112, 113, 114, 115, 116, 117, 118, 119, 120, 121, 122, 123, 124, 125, 126, 127, 128, 129, 130, 131, 132, 133, 134, 135, 136, 137, 138, 139, 140, 141, 142, 143, 144, 145, 146, 147, 148, 149, 150, 151, 152, 153, 154, 155, 156, 157, 158, 159, 160, 161, 162, 163, 164, 165, 166, 167, 168, 169, 170, 171, 172, 173, 174, 175, 176, 177, 178, 179, 180, 181, 182, 183, 184, 185, 186, 187, 188, 189, 190, 191, 192, 193, 194, 195, 196, 197, 198, 199, 200, 201, 202, 203, 204, 205, 206, 207, 208, 209, 210, 211, 212, 213, 214, 215, 216, 217, 218, 219, 220, 221, 222, 223, 224, 225, 226, 227, 228, 229, 230, 231, 232, 233, 234, 235, 236, 237, 238, 239, 240, 241, 242, 243, 244, 245, 246, 247, 248, 249, 250, 251, 252, 253, 254, 255, 256, 257, 258, 259, 260, 261, 262, 263, 264, 265, 266, 267, 268, 269, 270, 271, 272, 273, 274, 275, 276, 277, 278, 279, 280, 281, 282, 283, 284, 285, 286, 287, 288, 289, 290, 291, 292, 293, 294, 295, 296, 297, 298, 299, 300, 301, 302, 303, 304, 305, 306, 307, 308, 309, 310, 311, 312, 313, 314, 315, 316, 317, 318, 319, 320, 321, 322, 323]
                rel material:binding = </ReviewMaterials/Ink>
                point3f[] points = [(-0.95, 0.08, 0.051), (-0.83, 0.08, 0.051), (-0.83, 0.11, 0.051), (-0.95, 0.11, 0.051), (-0.56, 0.08, 0.051), (-0.53, 0.08, 0.051), (-0.53, 0.11, 0.051), (-0.56, 0.11, 0.051), (-0.47, 0.08, 0.051), (-0.44, 0.08, 0.051), (-0.44, 0.11, 0.051), (-0.47, 0.11, 0.051), (-0.29, 0.08, 0.051), (-0.26, 0.08, 0.051), (-0.26, 0.11, 0.051), (-0.29, 0.11, 0.051), (-0.2, 0.08, 0.051), (-0.17, 0.08, 0.051), (-0.17, 0.11, 0.051), (-0.2, 0.11, 0.051), (-0.95, 0.05, 0.051), (-0.92, 0.05, 0.051), (-0.92, 0.08, 0.051), (-0.95, 0.08, 0.051), (-0.83, 0.05, 0.051), (-0.8, 0.05, 0.051), (-0.8, 0.08, 0.051), (-0.83, 0.08, 0.051), (-0.47, 0.05, 0.051), (-0.44, 0.05, 0.051), (-0.44, 0.08, 0.051), (-0.47, 0.08, 0.051), (-0.29, 0.05, 0.051), (-0.26, 0.05, 0.051), (-0.26, 0.08, 0.051), (-0.29, 0.08, 0.051), (-0.95, 0.02, 0.051), (-0.92, 0.02, 0.051), (-0.92, 0.05, 0.051), (-0.95, 0.05, 0.051), (-0.83, 0.02, 0.051), (-0.8, 0.02, 0.051), (-0.8, 0.05, 0.051), (-0.83, 0.05, 0.051), (-0.77, 0.02, 0.051), (-0.74, 0.02, 0.051), (-0.74, 0.05, 0.051), (-0.77, 0.05, 0.051), (-0.65, 0.02, 0.051), (-0.62, 0.02, 0.051), (-0.62, 0.05, 0.051), (-0.65, 0.05, 0.051), (-0.56, 0.02, 0.051), (-0.53, 0.02, 0.051), (-0.53, 0.05, 0.051), (-0.56, 0.05, 0.051), (-0.47, 0.02, 0.051), (-0.44, 0.02, 0.051), (-0.44, 0.05, 0.051), (-0.47, 0.05, 0.051), (-0.38, 0.02, 0.051), (-0.26, 0.02, 0.051), (-0.26, 0.05, 0.051), (-0.38, 0.05, 0.051), (-0.2, 0.02, 0.051), (-0.17, 0.02, 0.051), (-0.17, 0.05, 0.051), (-0.2, 0.05, 0.051), (-0.11, 0.02, 0.051), (0.01, 0.02, 0.051), (0.01, 0.05, 0.051), (-0.11, 0.05, 0.051), (0.1, 0.02, 0.051), (0.22, 0.02, 0.051), (0.22, 0.05, 0.051), (0.1, 0.05, 0.051), (-0.95, -0.01, 0.051), (-0.92, -0.01, 0.051), (-0.92, 0.02, 0.051), (-0.95, 0.02, 0.051), (-0.77, -0.01, 0.051), (-0.74, -0.01, 0.051), (-0.74, 0.02, 0.051), (-0.77, 0.02, 0.051), (-0.65, -0.01, 0.051), (-0.62, -0.01, 0.051), (-0.62, 0.02, 0.051), (-0.65, 0.02, 0.051), (-0.56, -0.01, 0.051), (-0.53, -0.01, 0.051), (-0.53, 0.02, 0.051), (-0.56, 0.02, 0.051), (-0.47, -0.01, 0.051), (-0.44, -0.01, 0.051), (-0.44, 0.02, 0.051), (-0.47, 0.02, 0.051), (-0.41, -0.01, 0.051), (-0.38, -0.01, 0.051), (-0.38, 0.02, 0.051), (-0.41, 0.02, 0.051), (-0.29, -0.01, 0.051), (-0.26, -0.01, 0.051), (-0.26, 0.02, 0.051), (-0.29, 0.02, 0.051), (-0.2, -0.01, 0.051), (-0.17, -0.01, 0.051), (-0.17, 0.02, 0.051), (-0.2, 0.02, 0.051), (-0.11, -0.01, 0.051), (-0.05, -0.01, 0.051), (-0.05, 0.02, 0.051), (-0.11, 0.02, 0.051), (0.01, -0.01, 0.051), (0.04, -0.01, 0.051), (0.04, 0.02, 0.051), (0.01, 0.02, 0.051), (0.07, -0.01, 0.051), (0.1, -0.01, 0.051), (0.1, 0.02, 0.051), (0.07, 0.02, 0.051), (0.19, -0.01, 0.051), (0.22, -0.01, 0.051), (0.22, 0.02, 0.051), (0.19, 0.02, 0.051), (-0.95, -0.04, 0.051), (-0.8, -0.04, 0.051), (-0.8, -0.01, 0.051), (-0.95, -0.01, 0.051), (-0.77, -0.04, 0.051), (-0.74, -0.04, 0.051), (-0.74, -0.01, 0.051), (-0.77, -0.01, 0.051), (-0.65, -0.04, 0.051), (-0.62, -0.04, 0.051), (-0.62, -0.01, 0.051), (-0.65, -0.01, 0.051), (-0.56, -0.04, 0.051), (-0.53, -0.04, 0.051), (-0.53, -0.01, 0.051), (-0.56, -0.01, 0.051), (-0.47, -0.04, 0.051), (-0.44, -0.04, 0.051), (-0.44, -0.01, 0.051), (-0.47, -0.01, 0.051), (-0.41, -0.04, 0.051), (-0.38, -0.04, 0.051), (-0.38, -0.01, 0.051), (-0.41, -0.01, 0.051), (-0.29, -0.04, 0.051), (-0.26, -0.04, 0.051), (-0.26, -0.01, 0.051), (-0.29, -0.01, 0.051), (-0.2, -0.04, 0.051), (-0.17, -0.04, 0.051), (-0.17, -0.01, 0.051), (-0.2, -0.01, 0.051), (-0.11, -0.04, 0.051), (-0.08, -0.04, 0.051), (-0.08, -0.01, 0.051), (-0.11, -0.01, 0.051), (0.01, -0.04, 0.051), (0.04, -0.04, 0.051), (0.04, -0.01, 0.051), (0.01, -0.01, 0.051), (0.07, -0.04, 0.051), (0.1, -0.04, 0.051), (0.1, -0.01, 0.051), (0.07, -0.01, 0.051), (0.19, -0.04, 0.051), (0.22, -0.04, 0.051), (0.22, -0.01, 0.051), (0.19, -0.01, 0.051), (-0.95, -0.07, 0.051), (-0.92, -0.07, 0.051), (-0.92, -0.04, 0.051), (-0.95, -0.04, 0.051), (-0.83, -0.07, 0.051), (-0.8, -0.07, 0.051), (-0.8, -0.04, 0.051), (-0.83, -0.04, 0.051), (-0.77, -0.07, 0.051), (-0.74, -0.07, 0.051), (-0.74, -0.04, 0.051), (-0.77, -0.04, 0.051), (-0.65, -0.07, 0.051), (-0.62, -0.07, 0.051), (-0.62, -0.04, 0.051), (-0.65, -0.04, 0.051), (-0.56, -0.07, 0.051), (-0.53, -0.07, 0.051), (-0.53, -0.04, 0.051), (-0.56, -0.04, 0.051), (-0.47, -0.07, 0.051), (-0.44, -0.07, 0.051), (-0.44, -0.04, 0.051), (-0.47, -0.04, 0.051), (-0.41, -0.07, 0.051), (-0.38, -0.07, 0.051), (-0.38, -0.04, 0.051), (-0.41, -0.04, 0.051), (-0.29, -0.07, 0.051), (-0.26, -0.07, 0.051), (-0.26, -0.04, 0.051), (-0.29, -0.04, 0.051), (-0.2, -0.07, 0.051), (-0.17, -0.07, 0.051), (-0.17, -0.04, 0.051), (-0.2, -0.04, 0.051), (-0.11, -0.07, 0.051), (-0.08, -0.07, 0.051), (-0.08, -0.04, 0.051), (-0.11, -0.04, 0.051), (0.01, -0.07, 0.051), (0.04, -0.07, 0.051), (0.04, -0.04, 0.051), (0.01, -0.04, 0.051), (0.07, -0.07, 0.051), (0.1, -0.07, 0.051), (0.1, -0.04, 0.051), (0.07, -0.04, 0.051), (0.19, -0.07, 0.051), (0.22, -0.07, 0.051), (0.22, -0.04, 0.051), (0.19, -0.04, 0.051), (-0.95, -0.1, 0.051), (-0.92, -0.1, 0.051), (-0.92, -0.07, 0.051), (-0.95, -0.07, 0.051), (-0.83, -0.1, 0.051), (-0.8, -0.1, 0.051), (-0.8, -0.07, 0.051), (-0.83, -0.07, 0.051), (-0.77, -0.1, 0.051), (-0.74, -0.1, 0.051), (-0.74, -0.07, 0.051), (-0.77, -0.07, 0.051), (-0.68, -0.1, 0.051), (-0.62, -0.1, 0.051), (-0.62, -0.07, 0.051), (-0.68, -0.07, 0.051), (-0.56, -0.1, 0.051), (-0.53, -0.1, 0.051), (-0.53, -0.07, 0.051), (-0.56, -0.07, 0.051), (-0.47, -0.1, 0.051), (-0.44, -0.1, 0.051), (-0.44, -0.07, 0.051), (-0.47, -0.07, 0.051), (-0.41, -0.1, 0.051), (-0.38, -0.1, 0.051), (-0.38, -0.07, 0.051), (-0.41, -0.07, 0.051), (-0.29, -0.1, 0.051), (-0.26, -0.1, 0.051), (-0.26, -0.07, 0.051), (-0.29, -0.07, 0.051), (-0.2, -0.1, 0.051), (-0.17, -0.1, 0.051), (-0.17, -0.07, 0.051), (-0.2, -0.07, 0.051), (-0.11, -0.1, 0.051), (-0.08, -0.1, 0.051), (-0.08, -0.07, 0.051), (-0.11, -0.07, 0.051), (0.01, -0.1, 0.051), (0.04, -0.1, 0.051), (0.04, -0.07, 0.051), (0.01, -0.07, 0.051), (0.07, -0.1, 0.051), (0.1, -0.1, 0.051), (0.1, -0.07, 0.051), (0.07, -0.07, 0.051), (0.19, -0.1, 0.051), (0.22, -0.1, 0.051), (0.22, -0.07, 0.051), (0.19, -0.07, 0.051), (-0.95, -0.13, 0.051), (-0.83, -0.13, 0.051), (-0.83, -0.1, 0.051), (-0.95, -0.1, 0.051), (-0.74, -0.13, 0.051), (-0.62, -0.13, 0.051), (-0.62, -0.1, 0.051), (-0.74, -0.1, 0.051), (-0.56, -0.13, 0.051), (-0.53, -0.13, 0.051), (-0.53, -0.1, 0.051), (-0.56, -0.1, 0.051), (-0.47, -0.13, 0.051), (-0.41, -0.13, 0.051), (-0.41, -0.1, 0.051), (-0.47, -0.1, 0.051), (-0.38, -0.13, 0.051), (-0.26, -0.13, 0.051), (-0.26, -0.1, 0.051), (-0.38, -0.1, 0.051), (-0.2, -0.13, 0.051), (-0.17, -0.13, 0.051), (-0.17, -0.1, 0.051), (-0.2, -0.1, 0.051), (-0.11, -0.13, 0.051), (-0.08, -0.13, 0.051), (-0.08, -0.1, 0.051), (-0.11, -0.1, 0.051), (0.01, -0.13, 0.051), (0.04, -0.13, 0.051), (0.04, -0.1, 0.051), (0.01, -0.1, 0.051), (0.1, -0.13, 0.051), (0.22, -0.13, 0.051), (0.22, -0.1, 0.051), (0.1, -0.1, 0.051), (0.07, -0.16, 0.051), (0.1, -0.16, 0.051), (0.1, -0.13, 0.051), (0.07, -0.13, 0.051), (0.19, -0.16, 0.051), (0.22, -0.16, 0.051), (0.22, -0.13, 0.051), (0.19, -0.13, 0.051), (0.1, -0.19, 0.051), (0.19, -0.19, 0.051), (0.19, -0.16, 0.051), (0.1, -0.16, 0.051)]
                color3f[] primvars:displayColor = [(0.015, 0.022, 0.028)]
                uniform token subdivisionScheme = "none"
                matrix4d xformOp:transform = ( (1, 0, 0, 0), (0, 1, 0, 0), (0, 0, 1, 0), (2.5, -0.75, 0, 1) )
                uniform token[] xformOpOrder = ["xformOp:transform"]
            }

            def Cube "ReviewLink0" (
                prepend apiSchemas = ["MaterialBindingAPI", "AecoDerivedGeometryAPI"]
            )
            {
                uniform token aeco:derived:approx = "exact"
                uniform token aeco:derived:role = "symbol"
                string aeco:derived:source = "58d91d44-9fad-5353-b476-2143495af57b"
                string aeco:derived:stamp = "core hierarchy symbols 0.9.2"
                double aeco:derived:tolerance = 0.000001
                float3[] extent = [(-0.5, -0.5, -0.5), (0.5, 0.5, 0.5)]
                rel material:binding = </ReviewMaterials/Link>
                color3f[] primvars:displayColor = [(0.35, 0.4, 0.45)]
                double size = 1
                float3 xformOp:scale = (0.13, 0.04, 0.04)
                matrix4d xformOp:transform = ( (1, 0, 0, 0), (0, 1, 0, 0), (0, 0, 1, 0), (1.125, 0, 0, 1) )
                uniform token[] xformOpOrder = ["xformOp:transform", "xformOp:scale"]
            }

            def Cube "ReviewLink1" (
                prepend apiSchemas = ["MaterialBindingAPI", "AecoDerivedGeometryAPI"]
            )
            {
                uniform token aeco:derived:approx = "exact"
                uniform token aeco:derived:role = "symbol"
                string aeco:derived:source = "58d91d44-9fad-5353-b476-2143495af57b"
                string aeco:derived:stamp = "core hierarchy symbols 0.9.2"
                double aeco:derived:tolerance = 0.000001
                float3[] extent = [(-0.5, -0.5, -0.5), (0.5, 0.5, 0.5)]
                rel material:binding = </ReviewMaterials/Link>
                color3f[] primvars:displayColor = [(0.35, 0.4, 0.45)]
                double size = 1
                float3 xformOp:scale = (0.04, 0.75, 0.04)
                matrix4d xformOp:transform = ( (1, 0, 0, 0), (0, 1, 0, 0), (0, 0, 1, 0), (1.19, -0.375, 0, 1) )
                uniform token[] xformOpOrder = ["xformOp:transform", "xformOp:scale"]
            }

            def Cube "ReviewLink2" (
                prepend apiSchemas = ["MaterialBindingAPI", "AecoDerivedGeometryAPI"]
            )
            {
                uniform token aeco:derived:approx = "exact"
                uniform token aeco:derived:role = "symbol"
                string aeco:derived:source = "58d91d44-9fad-5353-b476-2143495af57b"
                string aeco:derived:stamp = "core hierarchy symbols 0.9.2"
                double aeco:derived:tolerance = 0.000001
                float3[] extent = [(-0.5, -0.5, -0.5), (0.5, 0.5, 0.5)]
                rel material:binding = </ReviewMaterials/Link>
                color3f[] primvars:displayColor = [(0.35, 0.4, 0.45)]
                double size = 1
                float3 xformOp:scale = (0.25, 0.04, 0.04)
                matrix4d xformOp:transform = ( (1, 0, 0, 0), (0, 1, 0, 0), (0, 0, 1, 0), (1.315, -0.75, 0, 1) )
                uniform token[] xformOpOrder = ["xformOp:transform", "xformOp:scale"]
            }

            over "WingB"
            {
                def Cube "ReviewSymbol" (
                    prepend apiSchemas = ["AecoDerivedGeometryAPI", "MaterialBindingAPI"]
                )
                {
                    uniform token aeco:derived:approx = "exact"
                    uniform token aeco:derived:role = "symbol"
                    string aeco:derived:source = "69121a8b-2039-5b69-91fb-a7d4e63bb735"
                    string aeco:derived:stamp = "core hierarchy symbols 0.9.2"
                    double aeco:derived:tolerance = 0.000001
                    float3[] extent = [(-0.5, -0.5, -0.5), (0.5, 0.5, 0.5)]
                    rel material:binding = </ReviewMaterials/Part>
                    color3f[] primvars:displayColor = [(0.25, 0.57, 0.37)]
                    double size = 1
                    float3 xformOp:scale = (2.12, 0.5, 0.08)
                    matrix4d xformOp:transform = ( (1, 0, 0, 0), (0, 1, 0, 0), (0, 0, 1, 0), (5, -1.5, 0, 1) )
                    uniform token[] xformOpOrder = ["xformOp:transform", "xformOp:scale"]
                }

                def Mesh "ReviewLabel" (
                    prepend apiSchemas = ["AecoDerivedGeometryAPI", "MaterialBindingAPI"]
                )
                {
                    uniform token aeco:derived:approx = "tessellated"
                    uniform token aeco:derived:role = "symbol"
                    string aeco:derived:source = "69121a8b-2039-5b69-91fb-a7d4e63bb735"
                    string aeco:derived:stamp = "core hierarchy symbols 0.9.2"
                    uniform bool doubleSided = 1
                    float3[] extent = [(-0.98, -0.19, 0.051), (-0.02, 0.11, 0.051)]
                    int[] faceVertexCounts = [4, 4, 4, 4, 4, 4, 4, 4, 4, 4, 4, 4, 4, 4, 4, 4, 4, 4, 4, 4, 4, 4, 4, 4, 4, 4, 4, 4, 4, 4, 4, 4, 4, 4, 4, 4, 4, 4, 4, 4, 4, 4, 4, 4, 4, 4, 4, 4, 4, 4, 4, 4, 4, 4, 4, 4, 4, 4, 4, 4, 4, 4, 4, 4, 4, 4]
                    int[] faceVertexIndices = [0, 1, 2, 3, 4, 5, 6, 7, 8, 9, 10, 11, 12, 13, 14, 15, 16, 17, 18, 19, 20, 21, 22, 23, 24, 25, 26, 27, 28, 29, 30, 31, 32, 33, 34, 35, 36, 37, 38, 39, 40, 41, 42, 43, 44, 45, 46, 47, 48, 49, 50, 51, 52, 53, 54, 55, 56, 57, 58, 59, 60, 61, 62, 63, 64, 65, 66, 67, 68, 69, 70, 71, 72, 73, 74, 75, 76, 77, 78, 79, 80, 81, 82, 83, 84, 85, 86, 87, 88, 89, 90, 91, 92, 93, 94, 95, 96, 97, 98, 99, 100, 101, 102, 103, 104, 105, 106, 107, 108, 109, 110, 111, 112, 113, 114, 115, 116, 117, 118, 119, 120, 121, 122, 123, 124, 125, 126, 127, 128, 129, 130, 131, 132, 133, 134, 135, 136, 137, 138, 139, 140, 141, 142, 143, 144, 145, 146, 147, 148, 149, 150, 151, 152, 153, 154, 155, 156, 157, 158, 159, 160, 161, 162, 163, 164, 165, 166, 167, 168, 169, 170, 171, 172, 173, 174, 175, 176, 177, 178, 179, 180, 181, 182, 183, 184, 185, 186, 187, 188, 189, 190, 191, 192, 193, 194, 195, 196, 197, 198, 199, 200, 201, 202, 203, 204, 205, 206, 207, 208, 209, 210, 211, 212, 213, 214, 215, 216, 217, 218, 219, 220, 221, 222, 223, 224, 225, 226, 227, 228, 229, 230, 231, 232, 233, 234, 235, 236, 237, 238, 239, 240, 241, 242, 243, 244, 245, 246, 247, 248, 249, 250, 251, 252, 253, 254, 255, 256, 257, 258, 259, 260, 261, 262, 263]
                    rel material:binding = </ReviewMaterials/Ink>
                    point3f[] points = [(-0.98, 0.08, 0.051), (-0.95, 0.08, 0.051), (-0.95, 0.11, 0.051), (-0.98, 0.11, 0.051), (-0.86, 0.08, 0.051), (-0.8, 0.08, 0.051), (-0.8, 0.11, 0.051), (-0.86, 0.11, 0.051), (-0.74, 0.08, 0.051), (-0.71, 0.08, 0.051), (-0.71, 0.11, 0.051), (-0.74, 0.11, 0.051), (-0.65, 0.08, 0.051), (-0.62, 0.08, 0.051), (-0.62, 0.11, 0.051), (-0.65, 0.11, 0.051), (-0.17, 0.08, 0.051), (-0.05, 0.08, 0.051), (-0.05, 0.11, 0.051), (-0.17, 0.11, 0.051), (-0.98, 0.05, 0.051), (-0.92, 0.05, 0.051), (-0.92, 0.08, 0.051), (-0.98, 0.08, 0.051), (-0.86, 0.05, 0.051), (-0.8, 0.05, 0.051), (-0.8, 0.08, 0.051), (-0.86, 0.08, 0.051), (-0.74, 0.05, 0.051), (-0.71, 0.05, 0.051), (-0.71, 0.08, 0.051), (-0.74, 0.08, 0.051), (-0.17, 0.05, 0.051), (-0.14, 0.05, 0.051), (-0.14, 0.08, 0.051), (-0.17, 0.08, 0.051), (-0.05, 0.05, 0.051), (-0.02, 0.05, 0.051), (-0.02, 0.08, 0.051), (-0.05, 0.08, 0.051), (-0.95, 0.02, 0.051), (-0.92, 0.02, 0.051), (-0.92, 0.05, 0.051), (-0.95, 0.05, 0.051), (-0.86, 0.02, 0.051), (-0.8, 0.02, 0.051), (-0.8, 0.05, 0.051), (-0.86, 0.05, 0.051), (-0.74, 0.02, 0.051), (-0.71, 0.02, 0.051), (-0.71, 0.05, 0.051), (-0.74, 0.05, 0.051), (-0.65, 0.02, 0.051), (-0.62, 0.02, 0.051), (-0.62, 0.05, 0.051), (-0.65, 0.05, 0.051), (-0.56, 0.02, 0.051), (-0.44, 0.02, 0.051), (-0.44, 0.05, 0.051), (-0.56, 0.05, 0.051), (-0.35, 0.02, 0.051), (-0.23, 0.02, 0.051), (-0.23, 0.05, 0.051), (-0.35, 0.05, 0.051), (-0.17, 0.02, 0.051), (-0.14, 0.02, 0.051), (-0.14, 0.05, 0.051), (-0.17, 0.05, 0.051), (-0.05, 0.02, 0.051), (-0.02, 0.02, 0.051), (-0.02, 0.05, 0.051), (-0.05, 0.05, 0.051), (-0.95, -0.01, 0.051), (-0.92, -0.01, 0.051), (-0.92, 0.02, 0.051), (-0.95, 0.02, 0.051), (-0.89, -0.01, 0.051), (-0.86, -0.01, 0.051), (-0.86, 0.02, 0.051), (-0.89, 0.02, 0.051), (-0.83, -0.01, 0.051), (-0.8, -0.01, 0.051), (-0.8, 0.02, 0.051), (-0.83, 0.02, 0.051), (-0.74, -0.01, 0.051), (-0.71, -0.01, 0.051), (-0.71, 0.02, 0.051), (-0.74, 0.02, 0.051), (-0.65, -0.01, 0.051), (-0.62, -0.01, 0.051), (-0.62, 0.02, 0.051), (-0.65, 0.02, 0.051), (-0.56, -0.01, 0.051), (-0.5, -0.01, 0.051), (-0.5, 0.02, 0.051), (-0.56, 0.02, 0.051), (-0.44, -0.01, 0.051), (-0.41, -0.01, 0.051), (-0.41, 0.02, 0.051), (-0.44, 0.02, 0.051), (-0.38, -0.01, 0.051), (-0.35, -0.01, 0.051), (-0.35, 0.02, 0.051), (-0.38, 0.02, 0.051), (-0.26, -0.01, 0.051), (-0.23, -0.01, 0.051), (-0.23, 0.02, 0.051), (-0.26, 0.02, 0.051), (-0.17, -0.01, 0.051), (-0.14, -0.01, 0.051), (-0.14, 0.02, 0.051), (-0.17, 0.02, 0.051), (-0.95, -0.04, 0.051), (-0.92, -0.04, 0.051), (-0.92, -0.01, 0.051), (-0.95, -0.01, 0.051), (-0.89, -0.04, 0.051), (-0.86, -0.04, 0.051), (-0.86, -0.01, 0.051), (-0.89, -0.01, 0.051), (-0.8, -0.04, 0.051), (-0.74, -0.04, 0.051), (-0.74, -0.01, 0.051), (-0.8, -0.01, 0.051), (-0.65, -0.04, 0.051), (-0.62, -0.04, 0.051), (-0.62, -0.01, 0.051), (-0.65, -0.01, 0.051), (-0.56, -0.04, 0.051), (-0.53, -0.04, 0.051), (-0.53, -0.01, 0.051), (-0.56, -0.01, 0.051), (-0.44, -0.04, 0.051), (-0.41, -0.04, 0.051), (-0.41, -0.01, 0.051), (-0.44, -0.01, 0.051), (-0.38, -0.04, 0.051), (-0.35, -0.04, 0.051), (-0.35, -0.01, 0.051), (-0.38, -0.01, 0.051), (-0.26, -0.04, 0.051), (-0.23, -0.04, 0.051), (-0.23, -0.01, 0.051), (-0.26, -0.01, 0.051), (-0.17, -0.04, 0.051), (-0.02, -0.04, 0.051), (-0.02, -0.01, 0.051), (-0.17, -0.01, 0.051), (-0.95, -0.07, 0.051), (-0.92, -0.07, 0.051), (-0.92, -0.04, 0.051), (-0.95, -0.04, 0.051), (-0.89, -0.07, 0.051), (-0.86, -0.07, 0.051), (-0.86, -0.04, 0.051), (-0.89, -0.04, 0.051), (-0.8, -0.07, 0.051), (-0.74, -0.07, 0.051), (-0.74, -0.04, 0.051), (-0.8, -0.04, 0.051), (-0.65, -0.07, 0.051), (-0.62, -0.07, 0.051), (-0.62, -0.04, 0.051), (-0.65, -0.04, 0.051), (-0.56, -0.07, 0.051), (-0.53, -0.07, 0.051), (-0.53, -0.04, 0.051), (-0.56, -0.04, 0.051), (-0.44, -0.07, 0.051), (-0.41, -0.07, 0.051), (-0.41, -0.04, 0.051), (-0.44, -0.04, 0.051), (-0.38, -0.07, 0.051), (-0.35, -0.07, 0.051), (-0.35, -0.04, 0.051), (-0.38, -0.04, 0.051), (-0.26, -0.07, 0.051), (-0.23, -0.07, 0.051), (-0.23, -0.04, 0.051), (-0.26, -0.04, 0.051), (-0.17, -0.07, 0.051), (-0.14, -0.07, 0.051), (-0.14, -0.04, 0.051), (-0.17, -0.04, 0.051), (-0.05, -0.07, 0.051), (-0.02, -0.07, 0.051), (-0.02, -0.04, 0.051), (-0.05, -0.04, 0.051), (-0.92, -0.1, 0.051), (-0.86, -0.1, 0.051), (-0.86, -0.07, 0.051), (-0.92, -0.07, 0.051), (-0.8, -0.1, 0.051), (-0.74, -0.1, 0.051), (-0.74, -0.07, 0.051), (-0.8, -0.07, 0.051), (-0.65, -0.1, 0.051), (-0.62, -0.1, 0.051), (-0.62, -0.07, 0.051), (-0.65, -0.07, 0.051), (-0.56, -0.1, 0.051), (-0.53, -0.1, 0.051), (-0.53, -0.07, 0.051), (-0.56, -0.07, 0.051), (-0.44, -0.1, 0.051), (-0.41, -0.1, 0.051), (-0.41, -0.07, 0.051), (-0.44, -0.07, 0.051), (-0.38, -0.1, 0.051), (-0.35, -0.1, 0.051), (-0.35, -0.07, 0.051), (-0.38, -0.07, 0.051), (-0.26, -0.1, 0.051), (-0.23, -0.1, 0.051), (-0.23, -0.07, 0.051), (-0.26, -0.07, 0.051), (-0.17, -0.1, 0.051), (-0.14, -0.1, 0.051), (-0.14, -0.07, 0.051), (-0.17, -0.07, 0.051), (-0.05, -0.1, 0.051), (-0.02, -0.1, 0.051), (-0.02, -0.07, 0.051), (-0.05, -0.07, 0.051), (-0.92, -0.13, 0.051), (-0.89, -0.13, 0.051), (-0.89, -0.1, 0.051), (-0.92, -0.1, 0.051), (-0.8, -0.13, 0.051), (-0.74, -0.13, 0.051), (-0.74, -0.1, 0.051), (-0.8, -0.1, 0.051), (-0.65, -0.13, 0.051), (-0.62, -0.13, 0.051), (-0.62, -0.1, 0.051), (-0.65, -0.1, 0.051), (-0.56, -0.13, 0.051), (-0.53, -0.13, 0.051), (-0.53, -0.1, 0.051), (-0.56, -0.1, 0.051), (-0.44, -0.13, 0.051), (-0.41, -0.13, 0.051), (-0.41, -0.1, 0.051), (-0.44, -0.1, 0.051), (-0.35, -0.13, 0.051), (-0.23, -0.13, 0.051), (-0.23, -0.1, 0.051), (-0.35, -0.1, 0.051), (-0.17, -0.13, 0.051), (-0.05, -0.13, 0.051), (-0.05, -0.1, 0.051), (-0.17, -0.1, 0.051), (-0.38, -0.16, 0.051), (-0.35, -0.16, 0.051), (-0.35, -0.13, 0.051), (-0.38, -0.13, 0.051), (-0.26, -0.16, 0.051), (-0.23, -0.16, 0.051), (-0.23, -0.13, 0.051), (-0.26, -0.13, 0.051), (-0.35, -0.19, 0.051), (-0.26, -0.19, 0.051), (-0.26, -0.16, 0.051), (-0.35, -0.16, 0.051)]
                    color3f[] primvars:displayColor = [(0.015, 0.022, 0.028)]
                    uniform token subdivisionScheme = "none"
                    matrix4d xformOp:transform = ( (1, 0, 0, 0), (0, 1, 0, 0), (0, 0, 1, 0), (5, -1.5, 0, 1) )
                    uniform token[] xformOpOrder = ["xformOp:transform"]
                }

                def Cube "ReviewLink0" (
                    prepend apiSchemas = ["MaterialBindingAPI", "AecoDerivedGeometryAPI"]
                )
                {
                    uniform token aeco:derived:approx = "exact"
                    uniform token aeco:derived:role = "symbol"
                    string aeco:derived:source = "69121a8b-2039-5b69-91fb-a7d4e63bb735"
                    string aeco:derived:stamp = "core hierarchy symbols 0.9.2"
                    double aeco:derived:tolerance = 0.000001
                    float3[] extent = [(-0.5, -0.5, -0.5), (0.5, 0.5, 0.5)]
                    rel material:binding = </ReviewMaterials/Link>
                    color3f[] primvars:displayColor = [(0.35, 0.4, 0.45)]
                    double size = 1
                    float3 xformOp:scale = (0.13, 0.04, 0.04)
                    matrix4d xformOp:transform = ( (1, 0, 0, 0), (0, 1, 0, 0), (0, 0, 1, 0), (3.625, -0.75, 0, 1) )
                    uniform token[] xformOpOrder = ["xformOp:transform", "xformOp:scale"]
                }

                def Cube "ReviewLink1" (
                    prepend apiSchemas = ["MaterialBindingAPI", "AecoDerivedGeometryAPI"]
                )
                {
                    uniform token aeco:derived:approx = "exact"
                    uniform token aeco:derived:role = "symbol"
                    string aeco:derived:source = "69121a8b-2039-5b69-91fb-a7d4e63bb735"
                    string aeco:derived:stamp = "core hierarchy symbols 0.9.2"
                    double aeco:derived:tolerance = 0.000001
                    float3[] extent = [(-0.5, -0.5, -0.5), (0.5, 0.5, 0.5)]
                    rel material:binding = </ReviewMaterials/Link>
                    color3f[] primvars:displayColor = [(0.35, 0.4, 0.45)]
                    double size = 1
                    float3 xformOp:scale = (0.04, 0.75, 0.04)
                    matrix4d xformOp:transform = ( (1, 0, 0, 0), (0, 1, 0, 0), (0, 0, 1, 0), (3.69, -1.125, 0, 1) )
                    uniform token[] xformOpOrder = ["xformOp:transform", "xformOp:scale"]
                }

                def Cube "ReviewLink2" (
                    prepend apiSchemas = ["MaterialBindingAPI", "AecoDerivedGeometryAPI"]
                )
                {
                    uniform token aeco:derived:approx = "exact"
                    uniform token aeco:derived:role = "symbol"
                    string aeco:derived:source = "69121a8b-2039-5b69-91fb-a7d4e63bb735"
                    string aeco:derived:stamp = "core hierarchy symbols 0.9.2"
                    double aeco:derived:tolerance = 0.000001
                    float3[] extent = [(-0.5, -0.5, -0.5), (0.5, 0.5, 0.5)]
                    rel material:binding = </ReviewMaterials/Link>
                    color3f[] primvars:displayColor = [(0.35, 0.4, 0.45)]
                    double size = 1
                    float3 xformOp:scale = (0.25, 0.04, 0.04)
                    matrix4d xformOp:transform = ( (1, 0, 0, 0), (0, 1, 0, 0), (0, 0, 1, 0), (3.815, -1.5, 0, 1) )
                    uniform token[] xformOpOrder = ["xformOp:transform", "xformOp:scale"]
                }

                over "L1"
                {
                    def Cube "ReviewSymbol" (
                        prepend apiSchemas = ["AecoDerivedGeometryAPI", "MaterialBindingAPI"]
                    )
                    {
                        uniform token aeco:derived:approx = "exact"
                        uniform token aeco:derived:role = "symbol"
                        string aeco:derived:source = "10f0ce79-3f11-5517-9b4e-404c362eef0f"
                        string aeco:derived:stamp = "core hierarchy symbols 0.9.2"
                        double aeco:derived:tolerance = 0.000001
                        float3[] extent = [(-0.5, -0.5, -0.5), (0.5, 0.5, 0.5)]
                        rel material:binding = </ReviewMaterials/Part>
                        color3f[] primvars:displayColor = [(0.25, 0.57, 0.37)]
                        double size = 1
                        float3 xformOp:scale = (2.12, 0.5, 0.08)
                        matrix4d xformOp:transform = ( (1, 0, 0, 0), (0, 1, 0, 0), (0, 0, 1, 0), (7.5, -2.25, 0, 1) )
                        uniform token[] xformOpOrder = ["xformOp:transform", "xformOp:scale"]
                    }

                    def Mesh "ReviewLabel" (
                        prepend apiSchemas = ["AecoDerivedGeometryAPI", "MaterialBindingAPI"]
                    )
                    {
                        uniform token aeco:derived:approx = "tessellated"
                        uniform token aeco:derived:role = "symbol"
                        string aeco:derived:source = "10f0ce79-3f11-5517-9b4e-404c362eef0f"
                        string aeco:derived:stamp = "core hierarchy symbols 0.9.2"
                        uniform bool doubleSided = 1
                        float3[] extent = [(-0.95, -0.13, 0.051), (-0.68, 0.11, 0.051)]
                        int[] faceVertexCounts = [4, 4, 4, 4, 4, 4, 4, 4, 4, 4, 4, 4, 4, 4, 4, 4]
                        int[] faceVertexIndices = [0, 1, 2, 3, 4, 5, 6, 7, 8, 9, 10, 11, 12, 13, 14, 15, 16, 17, 18, 19, 20, 21, 22, 23, 24, 25, 26, 27, 28, 29, 30, 31, 32, 33, 34, 35, 36, 37, 38, 39, 40, 41, 42, 43, 44, 45, 46, 47, 48, 49, 50, 51, 52, 53, 54, 55, 56, 57, 58, 59, 60, 61, 62, 63]
                        rel material:binding = </ReviewMaterials/Ink>
                        point3f[] points = [(-0.95, 0.08, 0.051), (-0.92, 0.08, 0.051), (-0.92, 0.11, 0.051), (-0.95, 0.11, 0.051), (-0.74, 0.08, 0.051), (-0.68, 0.08, 0.051), (-0.68, 0.11, 0.051), (-0.74, 0.11, 0.051), (-0.95, 0.05, 0.051), (-0.92, 0.05, 0.051), (-0.92, 0.08, 0.051), (-0.95, 0.08, 0.051), (-0.77, 0.05, 0.051), (-0.68, 0.05, 0.051), (-0.68, 0.08, 0.051), (-0.77, 0.08, 0.051), (-0.95, 0.02, 0.051), (-0.92, 0.02, 0.051), (-0.92, 0.05, 0.051), (-0.95, 0.05, 0.051), (-0.71, 0.02, 0.051), (-0.68, 0.02, 0.051), (-0.68, 0.05, 0.051), (-0.71, 0.05, 0.051), (-0.95, -0.01, 0.051), (-0.92, -0.01, 0.051), (-0.92, 0.02, 0.051), (-0.95, 0.02, 0.051), (-0.71, -0.01, 0.051), (-0.68, -0.01, 0.051), (-0.68, 0.02, 0.051), (-0.71, 0.02, 0.051), (-0.95, -0.04, 0.051), (-0.92, -0.04, 0.051), (-0.92, -0.01, 0.051), (-0.95, -0.01, 0.051), (-0.71, -0.04, 0.051), (-0.68, -0.04, 0.051), (-0.68, -0.01, 0.051), (-0.71, -0.01, 0.051), (-0.95, -0.07, 0.051), (-0.92, -0.07, 0.051), (-0.92, -0.04, 0.051), (-0.95, -0.04, 0.051), (-0.71, -0.07, 0.051), (-0.68, -0.07, 0.051), (-0.68, -0.04, 0.051), (-0.71, -0.04, 0.051), (-0.95, -0.1, 0.051), (-0.92, -0.1, 0.051), (-0.92, -0.07, 0.051), (-0.95, -0.07, 0.051), (-0.71, -0.1, 0.051), (-0.68, -0.1, 0.051), (-0.68, -0.07, 0.051), (-0.71, -0.07, 0.051), (-0.95, -0.13, 0.051), (-0.8, -0.13, 0.051), (-0.8, -0.1, 0.051), (-0.95, -0.1, 0.051), (-0.71, -0.13, 0.051), (-0.68, -0.13, 0.051), (-0.68, -0.1, 0.051), (-0.71, -0.1, 0.051)]
                        color3f[] primvars:displayColor = [(0.015, 0.022, 0.028)]
                        uniform token subdivisionScheme = "none"
                        matrix4d xformOp:transform = ( (1, 0, 0, 0), (0, 1, 0, 0), (0, 0, 1, 0), (7.5, -2.25, 0, 1) )
                        uniform token[] xformOpOrder = ["xformOp:transform"]
                    }

                    def Cube "ReviewLink0" (
                        prepend apiSchemas = ["MaterialBindingAPI", "AecoDerivedGeometryAPI"]
                    )
                    {
                        uniform token aeco:derived:approx = "exact"
                        uniform token aeco:derived:role = "symbol"
                        string aeco:derived:source = "10f0ce79-3f11-5517-9b4e-404c362eef0f"
                        string aeco:derived:stamp = "core hierarchy symbols 0.9.2"
                        double aeco:derived:tolerance = 0.000001
                        float3[] extent = [(-0.5, -0.5, -0.5), (0.5, 0.5, 0.5)]
                        rel material:binding = </ReviewMaterials/Link>
                        color3f[] primvars:displayColor = [(0.35, 0.4, 0.45)]
                        double size = 1
                        float3 xformOp:scale = (0.13, 0.04, 0.04)
                        matrix4d xformOp:transform = ( (1, 0, 0, 0), (0, 1, 0, 0), (0, 0, 1, 0), (6.125, -1.5, 0, 1) )
                        uniform token[] xformOpOrder = ["xformOp:transform", "xformOp:scale"]
                    }

                    def Cube "ReviewLink1" (
                        prepend apiSchemas = ["MaterialBindingAPI", "AecoDerivedGeometryAPI"]
                    )
                    {
                        uniform token aeco:derived:approx = "exact"
                        uniform token aeco:derived:role = "symbol"
                        string aeco:derived:source = "10f0ce79-3f11-5517-9b4e-404c362eef0f"
                        string aeco:derived:stamp = "core hierarchy symbols 0.9.2"
                        double aeco:derived:tolerance = 0.000001
                        float3[] extent = [(-0.5, -0.5, -0.5), (0.5, 0.5, 0.5)]
                        rel material:binding = </ReviewMaterials/Link>
                        color3f[] primvars:displayColor = [(0.35, 0.4, 0.45)]
                        double size = 1
                        float3 xformOp:scale = (0.04, 0.75, 0.04)
                        matrix4d xformOp:transform = ( (1, 0, 0, 0), (0, 1, 0, 0), (0, 0, 1, 0), (6.19, -1.875, 0, 1) )
                        uniform token[] xformOpOrder = ["xformOp:transform", "xformOp:scale"]
                    }

                    def Cube "ReviewLink2" (
                        prepend apiSchemas = ["MaterialBindingAPI", "AecoDerivedGeometryAPI"]
                    )
                    {
                        uniform token aeco:derived:approx = "exact"
                        uniform token aeco:derived:role = "symbol"
                        string aeco:derived:source = "10f0ce79-3f11-5517-9b4e-404c362eef0f"
                        string aeco:derived:stamp = "core hierarchy symbols 0.9.2"
                        double aeco:derived:tolerance = 0.000001
                        float3[] extent = [(-0.5, -0.5, -0.5), (0.5, 0.5, 0.5)]
                        rel material:binding = </ReviewMaterials/Link>
                        color3f[] primvars:displayColor = [(0.35, 0.4, 0.45)]
                        double size = 1
                        float3 xformOp:scale = (0.25, 0.04, 0.04)
                        matrix4d xformOp:transform = ( (1, 0, 0, 0), (0, 1, 0, 0), (0, 0, 1, 0), (6.3149999999999995, -2.25, 0, 1) )
                        uniform token[] xformOpOrder = ["xformOp:transform", "xformOp:scale"]
                    }

                    over "Office"
                    {
                        def Cube "ReviewSymbol" (
                            prepend apiSchemas = ["AecoDerivedGeometryAPI", "MaterialBindingAPI"]
                        )
                        {
                            uniform token aeco:derived:approx = "exact"
                            uniform token aeco:derived:role = "symbol"
                            string aeco:derived:source = "c557f0a3-1802-521f-9249-71a1005f44e3"
                            string aeco:derived:stamp = "core hierarchy symbols 0.9.2"
                            double aeco:derived:tolerance = 0.000001
                            float3[] extent = [(-0.5, -0.5, -0.5), (0.5, 0.5, 0.5)]
                            rel material:binding = </ReviewMaterials/Space>
                            color3f[] primvars:displayColor = [(0.22, 0.65, 0.67)]
                            double size = 1
                            float3 xformOp:scale = (2.12, 0.5, 0.08)
                            matrix4d xformOp:transform = ( (1, 0, 0, 0), (0, 1, 0, 0), (0, 0, 1, 0), (10, -3, 0, 1) )
                            uniform token[] xformOpOrder = ["xformOp:transform", "xformOp:scale"]
                        }

                        def Mesh "ReviewLabel" (
                            prepend apiSchemas = ["AecoDerivedGeometryAPI", "MaterialBindingAPI"]
                        )
                        {
                            uniform token aeco:derived:approx = "tessellated"
                            uniform token aeco:derived:role = "symbol"
                            string aeco:derived:source = "c557f0a3-1802-521f-9249-71a1005f44e3"
                            string aeco:derived:stamp = "core hierarchy symbols 0.9.2"
                            uniform bool doubleSided = 1
                            float3[] extent = [(-0.98, -0.13, 0.051), (-0.2, 0.14, 0.051)]
                            int[] faceVertexCounts = [4, 4, 4, 4, 4, 4, 4, 4, 4, 4, 4, 4, 4, 4, 4, 4, 4, 4, 4, 4, 4, 4, 4, 4, 4, 4, 4, 4, 4, 4, 4, 4, 4, 4, 4, 4, 4, 4, 4, 4, 4, 4, 4, 4, 4, 4, 4, 4, 4, 4, 4]
                            int[] faceVertexIndices = [0, 1, 2, 3, 4, 5, 6, 7, 8, 9, 10, 11, 12, 13, 14, 15, 16, 17, 18, 19, 20, 21, 22, 23, 24, 25, 26, 27, 28, 29, 30, 31, 32, 33, 34, 35, 36, 37, 38, 39, 40, 41, 42, 43, 44, 45, 46, 47, 48, 49, 50, 51, 52, 53, 54, 55, 56, 57, 58, 59, 60, 61, 62, 63, 64, 65, 66, 67, 68, 69, 70, 71, 72, 73, 74, 75, 76, 77, 78, 79, 80, 81, 82, 83, 84, 85, 86, 87, 88, 89, 90, 91, 92, 93, 94, 95, 96, 97, 98, 99, 100, 101, 102, 103, 104, 105, 106, 107, 108, 109, 110, 111, 112, 113, 114, 115, 116, 117, 118, 119, 120, 121, 122, 123, 124, 125, 126, 127, 128, 129, 130, 131, 132, 133, 134, 135, 136, 137, 138, 139, 140, 141, 142, 143, 144, 145, 146, 147, 148, 149, 150, 151, 152, 153, 154, 155, 156, 157, 158, 159, 160, 161, 162, 163, 164, 165, 166, 167, 168, 169, 170, 171, 172, 173, 174, 175, 176, 177, 178, 179, 180, 181, 182, 183, 184, 185, 186, 187, 188, 189, 190, 191, 192, 193, 194, 195, 196, 197, 198, 199, 200, 201, 202, 203]
                            rel material:binding = </ReviewMaterials/Ink>
                            point3f[] points = [(-0.71, 0.11, 0.051), (-0.68, 0.11, 0.051), (-0.68, 0.14, 0.051), (-0.71, 0.14, 0.051), (-0.62, 0.11, 0.051), (-0.59, 0.11, 0.051), (-0.59, 0.14, 0.051), (-0.62, 0.14, 0.051), (-0.92, 0.08, 0.051), (-0.83, 0.08, 0.051), (-0.83, 0.11, 0.051), (-0.92, 0.11, 0.051), (-0.74, 0.08, 0.051), (-0.68, 0.08, 0.051), (-0.68, 0.11, 0.051), (-0.74, 0.11, 0.051), (-0.65, 0.08, 0.051), (-0.59, 0.08, 0.051), (-0.59, 0.11, 0.051), (-0.65, 0.11, 0.051), (-0.56, 0.08, 0.051), (-0.53, 0.08, 0.051), (-0.53, 0.11, 0.051), (-0.56, 0.11, 0.051), (-0.95, 0.05, 0.051), (-0.92, 0.05, 0.051), (-0.92, 0.08, 0.051), (-0.95, 0.08, 0.051), (-0.83, 0.05, 0.051), (-0.8, 0.05, 0.051), (-0.8, 0.08, 0.051), (-0.83, 0.08, 0.051), (-0.74, 0.05, 0.051), (-0.71, 0.05, 0.051), (-0.71, 0.08, 0.051), (-0.74, 0.08, 0.051), (-0.65, 0.05, 0.051), (-0.62, 0.05, 0.051), (-0.62, 0.08, 0.051), (-0.65, 0.08, 0.051), (-0.98, 0.02, 0.051), (-0.95, 0.02, 0.051), (-0.95, 0.05, 0.051), (-0.98, 0.05, 0.051), (-0.8, 0.02, 0.051), (-0.59, 0.02, 0.051), (-0.59, 0.05, 0.051), (-0.8, 0.05, 0.051), (-0.56, 0.02, 0.051), (-0.53, 0.02, 0.051), (-0.53, 0.05, 0.051), (-0.56, 0.05, 0.051), (-0.47, 0.02, 0.051), (-0.38, 0.02, 0.051), (-0.38, 0.05, 0.051), (-0.47, 0.05, 0.051), (-0.32, 0.02, 0.051), (-0.23, 0.02, 0.051), (-0.23, 0.05, 0.051), (-0.32, 0.05, 0.051), (-0.98, -0.01, 0.051), (-0.95, -0.01, 0.051), (-0.95, 0.02, 0.051), (-0.98, 0.02, 0.051), (-0.8, -0.01, 0.051), (-0.77, -0.01, 0.051), (-0.77, 0.02, 0.051), (-0.8, 0.02, 0.051), (-0.74, -0.01, 0.051), (-0.71, -0.01, 0.051), (-0.71, 0.02, 0.051), (-0.74, 0.02, 0.051), (-0.65, -0.01, 0.051), (-0.62, -0.01, 0.051), (-0.62, 0.02, 0.051), (-0.65, 0.02, 0.051), (-0.56, -0.01, 0.051), (-0.53, -0.01, 0.051), (-0.53, 0.02, 0.051), (-0.56, 0.02, 0.051), (-0.5, -0.01, 0.051), (-0.47, -0.01, 0.051), (-0.47, 0.02, 0.051), (-0.5, 0.02, 0.051), (-0.38, -0.01, 0.051), (-0.32, -0.01, 0.051), (-0.32, 0.02, 0.051), (-0.38, 0.02, 0.051), (-0.23, -0.01, 0.051), (-0.2, -0.01, 0.051), (-0.2, 0.02, 0.051), (-0.23, 0.02, 0.051), (-0.98, -0.04, 0.051), (-0.95, -0.04, 0.051), (-0.95, -0.01, 0.051), (-0.98, -0.01, 0.051), (-0.8, -0.04, 0.051), (-0.77, -0.04, 0.051), (-0.77, -0.01, 0.051), (-0.8, -0.01, 0.051), (-0.74, -0.04, 0.051), (-0.71, -0.04, 0.051), (-0.71, -0.01, 0.051), (-0.74, -0.01, 0.051), (-0.65, -0.04, 0.051), (-0.62, -0.04, 0.051), (-0.62, -0.01, 0.051), (-0.65, -0.01, 0.051), (-0.56, -0.04, 0.051), (-0.53, -0.04, 0.051), (-0.53, -0.01, 0.051), (-0.56, -0.01, 0.051), (-0.5, -0.04, 0.051), (-0.47, -0.04, 0.051), (-0.47, -0.01, 0.051), (-0.5, -0.01, 0.051), (-0.35, -0.04, 0.051), (-0.2, -0.04, 0.051), (-0.2, -0.01, 0.051), (-0.35, -0.01, 0.051), (-0.98, -0.07, 0.051), (-0.95, -0.07, 0.051), (-0.95, -0.04, 0.051), (-0.98, -0.04, 0.051), (-0.8, -0.07, 0.051), (-0.77, -0.07, 0.051), (-0.77, -0.04, 0.051), (-0.8, -0.04, 0.051), (-0.74, -0.07, 0.051), (-0.71, -0.07, 0.051), (-0.71, -0.04, 0.051), (-0.74, -0.04, 0.051), (-0.65, -0.07, 0.051), (-0.62, -0.07, 0.051), (-0.62, -0.04, 0.051), (-0.65, -0.04, 0.051), (-0.56, -0.07, 0.051), (-0.53, -0.07, 0.051), (-0.53, -0.04, 0.051), (-0.56, -0.04, 0.051), (-0.5, -0.07, 0.051), (-0.47, -0.07, 0.051), (-0.47, -0.04, 0.051), (-0.5, -0.04, 0.051), (-0.35, -0.07, 0.051), (-0.32, -0.07, 0.051), (-0.32, -0.04, 0.051), (-0.35, -0.04, 0.051), (-0.95, -0.1, 0.051), (-0.92, -0.1, 0.051), (-0.92, -0.07, 0.051), (-0.95, -0.07, 0.051), (-0.83, -0.1, 0.051), (-0.8, -0.1, 0.051), (-0.8, -0.07, 0.051), (-0.83, -0.07, 0.051), (-0.74, -0.1, 0.051), (-0.71, -0.1, 0.051), (-0.71, -0.07, 0.051), (-0.74, -0.07, 0.051), (-0.65, -0.1, 0.051), (-0.62, -0.1, 0.051), (-0.62, -0.07, 0.051), (-0.65, -0.07, 0.051), (-0.56, -0.1, 0.051), (-0.53, -0.1, 0.051), (-0.53, -0.07, 0.051), (-0.56, -0.07, 0.051), (-0.5, -0.1, 0.051), (-0.47, -0.1, 0.051), (-0.47, -0.07, 0.051), (-0.5, -0.07, 0.051), (-0.41, -0.1, 0.051), (-0.32, -0.1, 0.051), (-0.32, -0.07, 0.051), (-0.41, -0.07, 0.051), (-0.23, -0.1, 0.051), (-0.2, -0.1, 0.051), (-0.2, -0.07, 0.051), (-0.23, -0.07, 0.051), (-0.92, -0.13, 0.051), (-0.83, -0.13, 0.051), (-0.83, -0.1, 0.051), (-0.92, -0.1, 0.051), (-0.74, -0.13, 0.051), (-0.71, -0.13, 0.051), (-0.71, -0.1, 0.051), (-0.74, -0.1, 0.051), (-0.65, -0.13, 0.051), (-0.62, -0.13, 0.051), (-0.62, -0.1, 0.051), (-0.65, -0.1, 0.051), (-0.56, -0.13, 0.051), (-0.53, -0.13, 0.051), (-0.53, -0.1, 0.051), (-0.56, -0.1, 0.051), (-0.47, -0.13, 0.051), (-0.38, -0.13, 0.051), (-0.38, -0.1, 0.051), (-0.47, -0.1, 0.051), (-0.32, -0.13, 0.051), (-0.23, -0.13, 0.051), (-0.23, -0.1, 0.051), (-0.32, -0.1, 0.051)]
                            color3f[] primvars:displayColor = [(0.015, 0.022, 0.028)]
                            uniform token subdivisionScheme = "none"
                            matrix4d xformOp:transform = ( (1, 0, 0, 0), (0, 1, 0, 0), (0, 0, 1, 0), (10, -3, 0, 1) )
                            uniform token[] xformOpOrder = ["xformOp:transform"]
                        }

                        def Cube "ReviewLink0" (
                            prepend apiSchemas = ["MaterialBindingAPI", "AecoDerivedGeometryAPI"]
                        )
                        {
                            uniform token aeco:derived:approx = "exact"
                            uniform token aeco:derived:role = "symbol"
                            string aeco:derived:source = "c557f0a3-1802-521f-9249-71a1005f44e3"
                            string aeco:derived:stamp = "core hierarchy symbols 0.9.2"
                            double aeco:derived:tolerance = 0.000001
                            float3[] extent = [(-0.5, -0.5, -0.5), (0.5, 0.5, 0.5)]
                            rel material:binding = </ReviewMaterials/Link>
                            color3f[] primvars:displayColor = [(0.35, 0.4, 0.45)]
                            double size = 1
                            float3 xformOp:scale = (0.13, 0.04, 0.04)
                            matrix4d xformOp:transform = ( (1, 0, 0, 0), (0, 1, 0, 0), (0, 0, 1, 0), (8.625, -2.25, 0, 1) )
                            uniform token[] xformOpOrder = ["xformOp:transform", "xformOp:scale"]
                        }

                        def Cube "ReviewLink1" (
                            prepend apiSchemas = ["MaterialBindingAPI", "AecoDerivedGeometryAPI"]
                        )
                        {
                            uniform token aeco:derived:approx = "exact"
                            uniform token aeco:derived:role = "symbol"
                            string aeco:derived:source = "c557f0a3-1802-521f-9249-71a1005f44e3"
                            string aeco:derived:stamp = "core hierarchy symbols 0.9.2"
                            double aeco:derived:tolerance = 0.000001
                            float3[] extent = [(-0.5, -0.5, -0.5), (0.5, 0.5, 0.5)]
                            rel material:binding = </ReviewMaterials/Link>
                            color3f[] primvars:displayColor = [(0.35, 0.4, 0.45)]
                            double size = 1
                            float3 xformOp:scale = (0.04, 0.75, 0.04)
                            matrix4d xformOp:transform = ( (1, 0, 0, 0), (0, 1, 0, 0), (0, 0, 1, 0), (8.690000000000001, -2.625, 0, 1) )
                            uniform token[] xformOpOrder = ["xformOp:transform", "xformOp:scale"]
                        }

                        def Cube "ReviewLink2" (
                            prepend apiSchemas = ["MaterialBindingAPI", "AecoDerivedGeometryAPI"]
                        )
                        {
                            uniform token aeco:derived:approx = "exact"
                            uniform token aeco:derived:role = "symbol"
                            string aeco:derived:source = "c557f0a3-1802-521f-9249-71a1005f44e3"
                            string aeco:derived:stamp = "core hierarchy symbols 0.9.2"
                            double aeco:derived:tolerance = 0.000001
                            float3[] extent = [(-0.5, -0.5, -0.5), (0.5, 0.5, 0.5)]
                            rel material:binding = </ReviewMaterials/Link>
                            color3f[] primvars:displayColor = [(0.35, 0.4, 0.45)]
                            double size = 1
                            float3 xformOp:scale = (0.25, 0.04, 0.04)
                            matrix4d xformOp:transform = ( (1, 0, 0, 0), (0, 1, 0, 0), (0, 0, 1, 0), (8.815000000000001, -3, 0, 1) )
                            uniform token[] xformOpOrder = ["xformOp:transform", "xformOp:scale"]
                        }

                        over "Partition1"
                        {
                            def Cube "ReviewSymbol" (
                                prepend apiSchemas = ["AecoDerivedGeometryAPI", "MaterialBindingAPI"]
                            )
                            {
                                uniform token aeco:derived:approx = "exact"
                                uniform token aeco:derived:role = "symbol"
                                string aeco:derived:source = "60a52f04-3a31-506b-98ca-8362faef9fbb"
                                string aeco:derived:stamp = "core hierarchy symbols 0.9.2"
                                double aeco:derived:tolerance = 0.000001
                                float3[] extent = [(-0.5, -0.5, -0.5), (0.5, 0.5, 0.5)]
                                rel material:binding = </ReviewMaterials/Element>
                                color3f[] primvars:displayColor = [(0.85, 0.57, 0.2)]
                                double size = 1
                                float3 xformOp:scale = (2.12, 0.5, 0.08)
                                matrix4d xformOp:transform = ( (1, 0, 0, 0), (0, 1, 0, 0), (0, 0, 1, 0), (12.5, -3.75, 0, 1) )
                                uniform token[] xformOpOrder = ["xformOp:transform", "xformOp:scale"]
                            }

                            def Mesh "ReviewLabel" (
                                prepend apiSchemas = ["AecoDerivedGeometryAPI", "MaterialBindingAPI"]
                            )
                            {
                                uniform token aeco:derived:approx = "tessellated"
                                uniform token aeco:derived:role = "symbol"
                                string aeco:derived:source = "60a52f04-3a31-506b-98ca-8362faef9fbb"
                                string aeco:derived:stamp = "core hierarchy symbols 0.9.2"
                                uniform bool doubleSided = 1
                                float3[] extent = [(-0.95, -0.13, 0.051), (0.31, 0.11, 0.051)]
                                int[] faceVertexCounts = [4, 4, 4, 4, 4, 4, 4, 4, 4, 4, 4, 4, 4, 4, 4, 4, 4, 4, 4, 4, 4, 4, 4, 4, 4, 4, 4, 4, 4, 4, 4, 4, 4, 4, 4, 4, 4, 4, 4, 4, 4, 4, 4, 4, 4, 4, 4, 4, 4, 4, 4, 4, 4, 4, 4, 4, 4, 4, 4, 4, 4, 4, 4, 4, 4, 4, 4, 4, 4, 4, 4, 4, 4, 4, 4, 4, 4, 4, 4, 4, 4, 4, 4]
                                int[] faceVertexIndices = [0, 1, 2, 3, 4, 5, 6, 7, 8, 9, 10, 11, 12, 13, 14, 15, 16, 17, 18, 19, 20, 21, 22, 23, 24, 25, 26, 27, 28, 29, 30, 31, 32, 33, 34, 35, 36, 37, 38, 39, 40, 41, 42, 43, 44, 45, 46, 47, 48, 49, 50, 51, 52, 53, 54, 55, 56, 57, 58, 59, 60, 61, 62, 63, 64, 65, 66, 67, 68, 69, 70, 71, 72, 73, 74, 75, 76, 77, 78, 79, 80, 81, 82, 83, 84, 85, 86, 87, 88, 89, 90, 91, 92, 93, 94, 95, 96, 97, 98, 99, 100, 101, 102, 103, 104, 105, 106, 107, 108, 109, 110, 111, 112, 113, 114, 115, 116, 117, 118, 119, 120, 121, 122, 123, 124, 125, 126, 127, 128, 129, 130, 131, 132, 133, 134, 135, 136, 137, 138, 139, 140, 141, 142, 143, 144, 145, 146, 147, 148, 149, 150, 151, 152, 153, 154, 155, 156, 157, 158, 159, 160, 161, 162, 163, 164, 165, 166, 167, 168, 169, 170, 171, 172, 173, 174, 175, 176, 177, 178, 179, 180, 181, 182, 183, 184, 185, 186, 187, 188, 189, 190, 191, 192, 193, 194, 195, 196, 197, 198, 199, 200, 201, 202, 203, 204, 205, 206, 207, 208, 209, 210, 211, 212, 213, 214, 215, 216, 217, 218, 219, 220, 221, 222, 223, 224, 225, 226, 227, 228, 229, 230, 231, 232, 233, 234, 235, 236, 237, 238, 239, 240, 241, 242, 243, 244, 245, 246, 247, 248, 249, 250, 251, 252, 253, 254, 255, 256, 257, 258, 259, 260, 261, 262, 263, 264, 265, 266, 267, 268, 269, 270, 271, 272, 273, 274, 275, 276, 277, 278, 279, 280, 281, 282, 283, 284, 285, 286, 287, 288, 289, 290, 291, 292, 293, 294, 295, 296, 297, 298, 299, 300, 301, 302, 303, 304, 305, 306, 307, 308, 309, 310, 311, 312, 313, 314, 315, 316, 317, 318, 319, 320, 321, 322, 323, 324, 325, 326, 327, 328, 329, 330, 331]
                                rel material:binding = </ReviewMaterials/Ink>
                                point3f[] points = [(-0.95, 0.08, 0.051), (-0.83, 0.08, 0.051), (-0.83, 0.11, 0.051), (-0.95, 0.11, 0.051), (-0.5, 0.08, 0.051), (-0.47, 0.08, 0.051), (-0.47, 0.11, 0.051), (-0.5, 0.11, 0.051), (-0.41, 0.08, 0.051), (-0.38, 0.08, 0.051), (-0.38, 0.11, 0.051), (-0.41, 0.11, 0.051), (-0.32, 0.08, 0.051), (-0.29, 0.08, 0.051), (-0.29, 0.11, 0.051), (-0.32, 0.11, 0.051), (-0.23, 0.08, 0.051), (-0.2, 0.08, 0.051), (-0.2, 0.11, 0.051), (-0.23, 0.11, 0.051), (0.25, 0.08, 0.051), (0.31, 0.08, 0.051), (0.31, 0.11, 0.051), (0.25, 0.11, 0.051), (-0.95, 0.05, 0.051), (-0.92, 0.05, 0.051), (-0.92, 0.08, 0.051), (-0.95, 0.08, 0.051), (-0.83, 0.05, 0.051), (-0.8, 0.05, 0.051), (-0.8, 0.08, 0.051), (-0.83, 0.08, 0.051), (-0.5, 0.05, 0.051), (-0.47, 0.05, 0.051), (-0.47, 0.08, 0.051), (-0.5, 0.08, 0.051), (-0.32, 0.05, 0.051), (-0.29, 0.05, 0.051), (-0.29, 0.08, 0.051), (-0.32, 0.08, 0.051), (0.22, 0.05, 0.051), (0.31, 0.05, 0.051), (0.31, 0.08, 0.051), (0.22, 0.08, 0.051), (-0.95, 0.02, 0.051), (-0.92, 0.02, 0.051), (-0.92, 0.05, 0.051), (-0.95, 0.05, 0.051), (-0.83, 0.02, 0.051), (-0.8, 0.02, 0.051), (-0.8, 0.05, 0.051), (-0.83, 0.05, 0.051), (-0.77, 0.02, 0.051), (-0.68, 0.02, 0.051), (-0.68, 0.05, 0.051), (-0.77, 0.05, 0.051), (-0.62, 0.02, 0.051), (-0.44, 0.02, 0.051), (-0.44, 0.05, 0.051), (-0.62, 0.05, 0.051), (-0.41, 0.02, 0.051), (-0.38, 0.02, 0.051), (-0.38, 0.05, 0.051), (-0.41, 0.05, 0.051), (-0.35, 0.02, 0.051), (-0.26, 0.02, 0.051), (-0.26, 0.05, 0.051), (-0.35, 0.05, 0.051), (-0.23, 0.02, 0.051), (-0.2, 0.02, 0.051), (-0.2, 0.05, 0.051), (-0.23, 0.05, 0.051), (-0.14, 0.02, 0.051), (-0.05, 0.02, 0.051), (-0.05, 0.05, 0.051), (-0.14, 0.05, 0.051), (0.01, 0.02, 0.051), (0.13, 0.02, 0.051), (0.13, 0.05, 0.051), (0.01, 0.05, 0.051), (0.28, 0.02, 0.051), (0.31, 0.02, 0.051), (0.31, 0.05, 0.051), (0.28, 0.05, 0.051), (-0.95, -0.01, 0.051), (-0.92, -0.01, 0.051), (-0.92, 0.02, 0.051), (-0.95, 0.02, 0.051), (-0.83, -0.01, 0.051), (-0.77, -0.01, 0.051), (-0.77, 0.02, 0.051), (-0.83, 0.02, 0.051), (-0.71, -0.01, 0.051), (-0.68, -0.01, 0.051), (-0.68, 0.02, 0.051), (-0.71, 0.02, 0.051), (-0.62, -0.01, 0.051), (-0.59, -0.01, 0.051), (-0.59, 0.02, 0.051), (-0.62, 0.02, 0.051), (-0.5, -0.01, 0.051), (-0.47, -0.01, 0.051), (-0.47, 0.02, 0.051), (-0.5, 0.02, 0.051), (-0.41, -0.01, 0.051), (-0.38, -0.01, 0.051), (-0.38, 0.02, 0.051), (-0.41, 0.02, 0.051), (-0.32, -0.01, 0.051), (-0.29, -0.01, 0.051), (-0.29, 0.02, 0.051), (-0.32, 0.02, 0.051), (-0.23, -0.01, 0.051), (-0.2, -0.01, 0.051), (-0.2, 0.02, 0.051), (-0.23, 0.02, 0.051), (-0.17, -0.01, 0.051), (-0.14, -0.01, 0.051), (-0.14, 0.02, 0.051), (-0.17, 0.02, 0.051), (-0.05, -0.01, 0.051), (-0.02, -0.01, 0.051), (-0.02, 0.02, 0.051), (-0.05, 0.02, 0.051), (0.01, -0.01, 0.051), (0.07, -0.01, 0.051), (0.07, 0.02, 0.051), (0.01, 0.02, 0.051), (0.13, -0.01, 0.051), (0.16, -0.01, 0.051), (0.16, 0.02, 0.051), (0.13, 0.02, 0.051), (0.28, -0.01, 0.051), (0.31, -0.01, 0.051), (0.31, 0.02, 0.051), (0.28, 0.02, 0.051), (-0.95, -0.04, 0.051), (-0.83, -0.04, 0.051), (-0.83, -0.01, 0.051), (-0.95, -0.01, 0.051), (-0.77, -0.04, 0.051), (-0.68, -0.04, 0.051), (-0.68, -0.01, 0.051), (-0.77, -0.01, 0.051), (-0.62, -0.04, 0.051), (-0.59, -0.04, 0.051), (-0.59, -0.01, 0.051), (-0.62, -0.01, 0.051), (-0.5, -0.04, 0.051), (-0.47, -0.04, 0.051), (-0.47, -0.01, 0.051), (-0.5, -0.01, 0.051), (-0.41, -0.04, 0.051), (-0.38, -0.04, 0.051), (-0.38, -0.01, 0.051), (-0.41, -0.01, 0.051), (-0.32, -0.04, 0.051), (-0.29, -0.04, 0.051), (-0.29, -0.01, 0.051), (-0.32, -0.01, 0.051), (-0.23, -0.04, 0.051), (-0.2, -0.04, 0.051), (-0.2, -0.01, 0.051), (-0.23, -0.01, 0.051), (-0.17, -0.04, 0.051), (-0.14, -0.04, 0.051), (-0.14, -0.01, 0.051), (-0.17, -0.01, 0.051), (-0.05, -0.04, 0.051), (-0.02, -0.04, 0.051), (-0.02, -0.01, 0.051), (-0.05, -0.01, 0.051), (0.01, -0.04, 0.051), (0.04, -0.04, 0.051), (0.04, -0.01, 0.051), (0.01, -0.01, 0.051), (0.13, -0.04, 0.051), (0.16, -0.04, 0.051), (0.16, -0.01, 0.051), (0.13, -0.01, 0.051), (0.28, -0.04, 0.051), (0.31, -0.04, 0.051), (0.31, -0.01, 0.051), (0.28, -0.01, 0.051), (-0.95, -0.07, 0.051), (-0.92, -0.07, 0.051), (-0.92, -0.04, 0.051), (-0.95, -0.04, 0.051), (-0.8, -0.07, 0.051), (-0.74, -0.07, 0.051), (-0.74, -0.04, 0.051), (-0.8, -0.04, 0.051), (-0.71, -0.07, 0.051), (-0.68, -0.07, 0.051), (-0.68, -0.04, 0.051), (-0.71, -0.04, 0.051), (-0.62, -0.07, 0.051), (-0.59, -0.07, 0.051), (-0.59, -0.04, 0.051), (-0.62, -0.04, 0.051), (-0.5, -0.07, 0.051), (-0.47, -0.07, 0.051), (-0.47, -0.04, 0.051), (-0.5, -0.04, 0.051), (-0.41, -0.07, 0.051), (-0.38, -0.07, 0.051), (-0.38, -0.04, 0.051), (-0.41, -0.04, 0.051), (-0.32, -0.07, 0.051), (-0.29, -0.07, 0.051), (-0.29, -0.04, 0.051), (-0.32, -0.04, 0.051), (-0.23, -0.07, 0.051), (-0.2, -0.07, 0.051), (-0.2, -0.04, 0.051), (-0.23, -0.04, 0.051), (-0.17, -0.07, 0.051), (-0.14, -0.07, 0.051), (-0.14, -0.04, 0.051), (-0.17, -0.04, 0.051), (-0.05, -0.07, 0.051), (-0.02, -0.07, 0.051), (-0.02, -0.04, 0.051), (-0.05, -0.04, 0.051), (0.01, -0.07, 0.051), (0.04, -0.07, 0.051), (0.04, -0.04, 0.051), (0.01, -0.04, 0.051), (0.13, -0.07, 0.051), (0.16, -0.07, 0.051), (0.16, -0.04, 0.051), (0.13, -0.04, 0.051), (0.28, -0.07, 0.051), (0.31, -0.07, 0.051), (0.31, -0.04, 0.051), (0.28, -0.04, 0.051), (-0.95, -0.1, 0.051), (-0.92, -0.1, 0.051), (-0.92, -0.07, 0.051), (-0.95, -0.07, 0.051), (-0.8, -0.1, 0.051), (-0.77, -0.1, 0.051), (-0.77, -0.07, 0.051), (-0.8, -0.07, 0.051), (-0.71, -0.1, 0.051), (-0.68, -0.1, 0.051), (-0.68, -0.07, 0.051), (-0.71, -0.07, 0.051), (-0.62, -0.1, 0.051), (-0.59, -0.1, 0.051), (-0.59, -0.07, 0.051), (-0.62, -0.07, 0.051), (-0.5, -0.1, 0.051), (-0.47, -0.1, 0.051), (-0.47, -0.07, 0.051), (-0.5, -0.07, 0.051), (-0.41, -0.1, 0.051), (-0.38, -0.1, 0.051), (-0.38, -0.07, 0.051), (-0.41, -0.07, 0.051), (-0.32, -0.1, 0.051), (-0.29, -0.1, 0.051), (-0.29, -0.07, 0.051), (-0.32, -0.07, 0.051), (-0.23, -0.1, 0.051), (-0.2, -0.1, 0.051), (-0.2, -0.07, 0.051), (-0.23, -0.07, 0.051), (-0.17, -0.1, 0.051), (-0.14, -0.1, 0.051), (-0.14, -0.07, 0.051), (-0.17, -0.07, 0.051), (-0.05, -0.1, 0.051), (-0.02, -0.1, 0.051), (-0.02, -0.07, 0.051), (-0.05, -0.07, 0.051), (0.01, -0.1, 0.051), (0.04, -0.1, 0.051), (0.04, -0.07, 0.051), (0.01, -0.07, 0.051), (0.13, -0.1, 0.051), (0.16, -0.1, 0.051), (0.16, -0.07, 0.051), (0.13, -0.07, 0.051), (0.28, -0.1, 0.051), (0.31, -0.1, 0.051), (0.31, -0.07, 0.051), (0.28, -0.07, 0.051), (-0.95, -0.13, 0.051), (-0.92, -0.13, 0.051), (-0.92, -0.1, 0.051), (-0.95, -0.1, 0.051), (-0.8, -0.13, 0.051), (-0.68, -0.13, 0.051), (-0.68, -0.1, 0.051), (-0.8, -0.1, 0.051), (-0.62, -0.13, 0.051), (-0.59, -0.13, 0.051), (-0.59, -0.1, 0.051), (-0.62, -0.1, 0.051), (-0.5, -0.13, 0.051), (-0.44, -0.13, 0.051), (-0.44, -0.1, 0.051), (-0.5, -0.1, 0.051), (-0.41, -0.13, 0.051), (-0.38, -0.13, 0.051), (-0.38, -0.1, 0.051), (-0.41, -0.1, 0.051), (-0.32, -0.13, 0.051), (-0.26, -0.13, 0.051), (-0.26, -0.1, 0.051), (-0.32, -0.1, 0.051), (-0.23, -0.13, 0.051), (-0.2, -0.13, 0.051), (-0.2, -0.1, 0.051), (-0.23, -0.1, 0.051), (-0.14, -0.13, 0.051), (-0.05, -0.13, 0.051), (-0.05, -0.1, 0.051), (-0.14, -0.1, 0.051), (0.01, -0.13, 0.051), (0.04, -0.13, 0.051), (0.04, -0.1, 0.051), (0.01, -0.1, 0.051), (0.13, -0.13, 0.051), (0.16, -0.13, 0.051), (0.16, -0.1, 0.051), (0.13, -0.1, 0.051), (0.28, -0.13, 0.051), (0.31, -0.13, 0.051), (0.31, -0.1, 0.051), (0.28, -0.1, 0.051)]
                                color3f[] primvars:displayColor = [(0.015, 0.022, 0.028)]
                                uniform token subdivisionScheme = "none"
                                matrix4d xformOp:transform = ( (1, 0, 0, 0), (0, 1, 0, 0), (0, 0, 1, 0), (12.5, -3.75, 0, 1) )
                                uniform token[] xformOpOrder = ["xformOp:transform"]
                            }

                            def Cube "ReviewLink0" (
                                prepend apiSchemas = ["MaterialBindingAPI", "AecoDerivedGeometryAPI"]
                            )
                            {
                                uniform token aeco:derived:approx = "exact"
                                uniform token aeco:derived:role = "symbol"
                                string aeco:derived:source = "60a52f04-3a31-506b-98ca-8362faef9fbb"
                                string aeco:derived:stamp = "core hierarchy symbols 0.9.2"
                                double aeco:derived:tolerance = 0.000001
                                float3[] extent = [(-0.5, -0.5, -0.5), (0.5, 0.5, 0.5)]
                                rel material:binding = </ReviewMaterials/Link>
                                color3f[] primvars:displayColor = [(0.35, 0.4, 0.45)]
                                double size = 1
                                float3 xformOp:scale = (0.13, 0.04, 0.04)
                                matrix4d xformOp:transform = ( (1, 0, 0, 0), (0, 1, 0, 0), (0, 0, 1, 0), (11.125, -3, 0, 1) )
                                uniform token[] xformOpOrder = ["xformOp:transform", "xformOp:scale"]
                            }

                            def Cube "ReviewLink1" (
                                prepend apiSchemas = ["MaterialBindingAPI", "AecoDerivedGeometryAPI"]
                            )
                            {
                                uniform token aeco:derived:approx = "exact"
                                uniform token aeco:derived:role = "symbol"
                                string aeco:derived:source = "60a52f04-3a31-506b-98ca-8362faef9fbb"
                                string aeco:derived:stamp = "core hierarchy symbols 0.9.2"
                                double aeco:derived:tolerance = 0.000001
                                float3[] extent = [(-0.5, -0.5, -0.5), (0.5, 0.5, 0.5)]
                                rel material:binding = </ReviewMaterials/Link>
                                color3f[] primvars:displayColor = [(0.35, 0.4, 0.45)]
                                double size = 1
                                float3 xformOp:scale = (0.04, 0.75, 0.04)
                                matrix4d xformOp:transform = ( (1, 0, 0, 0), (0, 1, 0, 0), (0, 0, 1, 0), (11.190000000000001, -3.375, 0, 1) )
                                uniform token[] xformOpOrder = ["xformOp:transform", "xformOp:scale"]
                            }

                            def Cube "ReviewLink2" (
                                prepend apiSchemas = ["MaterialBindingAPI", "AecoDerivedGeometryAPI"]
                            )
                            {
                                uniform token aeco:derived:approx = "exact"
                                uniform token aeco:derived:role = "symbol"
                                string aeco:derived:source = "60a52f04-3a31-506b-98ca-8362faef9fbb"
                                string aeco:derived:stamp = "core hierarchy symbols 0.9.2"
                                double aeco:derived:tolerance = 0.000001
                                float3[] extent = [(-0.5, -0.5, -0.5), (0.5, 0.5, 0.5)]
                                rel material:binding = </ReviewMaterials/Link>
                                color3f[] primvars:displayColor = [(0.35, 0.4, 0.45)]
                                double size = 1
                                float3 xformOp:scale = (0.25, 0.04, 0.04)
                                matrix4d xformOp:transform = ( (1, 0, 0, 0), (0, 1, 0, 0), (0, 0, 1, 0), (11.315000000000001, -3.75, 0, 1) )
                                uniform token[] xformOpOrder = ["xformOp:transform", "xformOp:scale"]
                            }
                        }

                        over "Partition2"
                        {
                            def Cube "ReviewSymbol" (
                                prepend apiSchemas = ["AecoDerivedGeometryAPI", "MaterialBindingAPI"]
                            )
                            {
                                uniform token aeco:derived:approx = "exact"
                                uniform token aeco:derived:role = "symbol"
                                string aeco:derived:source = "0f3c2e51-7d0e-5f7a-9c3b-2a1d6e8b4c90"
                                string aeco:derived:stamp = "core hierarchy symbols 0.9.2"
                                double aeco:derived:tolerance = 0.000001
                                float3[] extent = [(-0.5, -0.5, -0.5), (0.5, 0.5, 0.5)]
                                rel material:binding = </ReviewMaterials/Element>
                                color3f[] primvars:displayColor = [(0.85, 0.57, 0.2)]
                                double size = 1
                                float3 xformOp:scale = (2.12, 0.5, 0.08)
                                matrix4d xformOp:transform = ( (1, 0, 0, 0), (0, 1, 0, 0), (0, 0, 1, 0), (12.5, -4.5, 0, 1) )
                                uniform token[] xformOpOrder = ["xformOp:transform", "xformOp:scale"]
                            }

                            def Mesh "ReviewLabel" (
                                prepend apiSchemas = ["AecoDerivedGeometryAPI", "MaterialBindingAPI"]
                            )
                            {
                                uniform token aeco:derived:approx = "tessellated"
                                uniform token aeco:derived:role = "symbol"
                                string aeco:derived:source = "0f3c2e51-7d0e-5f7a-9c3b-2a1d6e8b4c90"
                                string aeco:derived:stamp = "core hierarchy symbols 0.9.2"
                                uniform bool doubleSided = 1
                                float3[] extent = [(-0.95, -0.13, 0.051), (0.34, 0.11, 0.051)]
                                int[] faceVertexCounts = [4, 4, 4, 4, 4, 4, 4, 4, 4, 4, 4, 4, 4, 4, 4, 4, 4, 4, 4, 4, 4, 4, 4, 4, 4, 4, 4, 4, 4, 4, 4, 4, 4, 4, 4, 4, 4, 4, 4, 4, 4, 4, 4, 4, 4, 4, 4, 4, 4, 4, 4, 4, 4, 4, 4, 4, 4, 4, 4, 4, 4, 4, 4, 4, 4, 4, 4, 4, 4, 4, 4, 4, 4, 4, 4, 4, 4, 4, 4, 4, 4, 4, 4, 4]
                                int[] faceVertexIndices = [0, 1, 2, 3, 4, 5, 6, 7, 8, 9, 10, 11, 12, 13, 14, 15, 16, 17, 18, 19, 20, 21, 22, 23, 24, 25, 26, 27, 28, 29, 30, 31, 32, 33, 34, 35, 36, 37, 38, 39, 40, 41, 42, 43, 44, 45, 46, 47, 48, 49, 50, 51, 52, 53, 54, 55, 56, 57, 58, 59, 60, 61, 62, 63, 64, 65, 66, 67, 68, 69, 70, 71, 72, 73, 74, 75, 76, 77, 78, 79, 80, 81, 82, 83, 84, 85, 86, 87, 88, 89, 90, 91, 92, 93, 94, 95, 96, 97, 98, 99, 100, 101, 102, 103, 104, 105, 106, 107, 108, 109, 110, 111, 112, 113, 114, 115, 116, 117, 118, 119, 120, 121, 122, 123, 124, 125, 126, 127, 128, 129, 130, 131, 132, 133, 134, 135, 136, 137, 138, 139, 140, 141, 142, 143, 144, 145, 146, 147, 148, 149, 150, 151, 152, 153, 154, 155, 156, 157, 158, 159, 160, 161, 162, 163, 164, 165, 166, 167, 168, 169, 170, 171, 172, 173, 174, 175, 176, 177, 178, 179, 180, 181, 182, 183, 184, 185, 186, 187, 188, 189, 190, 191, 192, 193, 194, 195, 196, 197, 198, 199, 200, 201, 202, 203, 204, 205, 206, 207, 208, 209, 210, 211, 212, 213, 214, 215, 216, 217, 218, 219, 220, 221, 222, 223, 224, 225, 226, 227, 228, 229, 230, 231, 232, 233, 234, 235, 236, 237, 238, 239, 240, 241, 242, 243, 244, 245, 246, 247, 248, 249, 250, 251, 252, 253, 254, 255, 256, 257, 258, 259, 260, 261, 262, 263, 264, 265, 266, 267, 268, 269, 270, 271, 272, 273, 274, 275, 276, 277, 278, 279, 280, 281, 282, 283, 284, 285, 286, 287, 288, 289, 290, 291, 292, 293, 294, 295, 296, 297, 298, 299, 300, 301, 302, 303, 304, 305, 306, 307, 308, 309, 310, 311, 312, 313, 314, 315, 316, 317, 318, 319, 320, 321, 322, 323, 324, 325, 326, 327, 328, 329, 330, 331, 332, 333, 334, 335]
                                rel material:binding = </ReviewMaterials/Ink>
                                point3f[] points = [(-0.95, 0.08, 0.051), (-0.83, 0.08, 0.051), (-0.83, 0.11, 0.051), (-0.95, 0.11, 0.051), (-0.5, 0.08, 0.051), (-0.47, 0.08, 0.051), (-0.47, 0.11, 0.051), (-0.5, 0.11, 0.051), (-0.41, 0.08, 0.051), (-0.38, 0.08, 0.051), (-0.38, 0.11, 0.051), (-0.41, 0.11, 0.051), (-0.32, 0.08, 0.051), (-0.29, 0.08, 0.051), (-0.29, 0.11, 0.051), (-0.32, 0.11, 0.051), (-0.23, 0.08, 0.051), (-0.2, 0.08, 0.051), (-0.2, 0.11, 0.051), (-0.23, 0.11, 0.051), (0.25, 0.08, 0.051), (0.31, 0.08, 0.051), (0.31, 0.11, 0.051), (0.25, 0.11, 0.051), (-0.95, 0.05, 0.051), (-0.92, 0.05, 0.051), (-0.92, 0.08, 0.051), (-0.95, 0.08, 0.051), (-0.83, 0.05, 0.051), (-0.8, 0.05, 0.051), (-0.8, 0.08, 0.051), (-0.83, 0.08, 0.051), (-0.5, 0.05, 0.051), (-0.47, 0.05, 0.051), (-0.47, 0.08, 0.051), (-0.5, 0.08, 0.051), (-0.32, 0.05, 0.051), (-0.29, 0.05, 0.051), (-0.29, 0.08, 0.051), (-0.32, 0.08, 0.051), (0.22, 0.05, 0.051), (0.25, 0.05, 0.051), (0.25, 0.08, 0.051), (0.22, 0.08, 0.051), (0.31, 0.05, 0.051), (0.34, 0.05, 0.051), (0.34, 0.08, 0.051), (0.31, 0.08, 0.051), (-0.95, 0.02, 0.051), (-0.92, 0.02, 0.051), (-0.92, 0.05, 0.051), (-0.95, 0.05, 0.051), (-0.83, 0.02, 0.051), (-0.8, 0.02, 0.051), (-0.8, 0.05, 0.051), (-0.83, 0.05, 0.051), (-0.77, 0.02, 0.051), (-0.68, 0.02, 0.051), (-0.68, 0.05, 0.051), (-0.77, 0.05, 0.051), (-0.62, 0.02, 0.051), (-0.44, 0.02, 0.051), (-0.44, 0.05, 0.051), (-0.62, 0.05, 0.051), (-0.41, 0.02, 0.051), (-0.38, 0.02, 0.051), (-0.38, 0.05, 0.051), (-0.41, 0.05, 0.051), (-0.35, 0.02, 0.051), (-0.26, 0.02, 0.051), (-0.26, 0.05, 0.051), (-0.35, 0.05, 0.051), (-0.23, 0.02, 0.051), (-0.2, 0.02, 0.051), (-0.2, 0.05, 0.051), (-0.23, 0.05, 0.051), (-0.14, 0.02, 0.051), (-0.05, 0.02, 0.051), (-0.05, 0.05, 0.051), (-0.14, 0.05, 0.051), (0.01, 0.02, 0.051), (0.13, 0.02, 0.051), (0.13, 0.05, 0.051), (0.01, 0.05, 0.051), (0.31, 0.02, 0.051), (0.34, 0.02, 0.051), (0.34, 0.05, 0.051), (0.31, 0.05, 0.051), (-0.95, -0.01, 0.051), (-0.92, -0.01, 0.051), (-0.92, 0.02, 0.051), (-0.95, 0.02, 0.051), (-0.83, -0.01, 0.051), (-0.77, -0.01, 0.051), (-0.77, 0.02, 0.051), (-0.83, 0.02, 0.051), (-0.71, -0.01, 0.051), (-0.68, -0.01, 0.051), (-0.68, 0.02, 0.051), (-0.71, 0.02, 0.051), (-0.62, -0.01, 0.051), (-0.59, -0.01, 0.051), (-0.59, 0.02, 0.051), (-0.62, 0.02, 0.051), (-0.5, -0.01, 0.051), (-0.47, -0.01, 0.051), (-0.47, 0.02, 0.051), (-0.5, 0.02, 0.051), (-0.41, -0.01, 0.051), (-0.38, -0.01, 0.051), (-0.38, 0.02, 0.051), (-0.41, 0.02, 0.051), (-0.32, -0.01, 0.051), (-0.29, -0.01, 0.051), (-0.29, 0.02, 0.051), (-0.32, 0.02, 0.051), (-0.23, -0.01, 0.051), (-0.2, -0.01, 0.051), (-0.2, 0.02, 0.051), (-0.23, 0.02, 0.051), (-0.17, -0.01, 0.051), (-0.14, -0.01, 0.051), (-0.14, 0.02, 0.051), (-0.17, 0.02, 0.051), (-0.05, -0.01, 0.051), (-0.02, -0.01, 0.051), (-0.02, 0.02, 0.051), (-0.05, 0.02, 0.051), (0.01, -0.01, 0.051), (0.07, -0.01, 0.051), (0.07, 0.02, 0.051), (0.01, 0.02, 0.051), (0.13, -0.01, 0.051), (0.16, -0.01, 0.051), (0.16, 0.02, 0.051), (0.13, 0.02, 0.051), (0.31, -0.01, 0.051), (0.34, -0.01, 0.051), (0.34, 0.02, 0.051), (0.31, 0.02, 0.051), (-0.95, -0.04, 0.051), (-0.83, -0.04, 0.051), (-0.83, -0.01, 0.051), (-0.95, -0.01, 0.051), (-0.77, -0.04, 0.051), (-0.68, -0.04, 0.051), (-0.68, -0.01, 0.051), (-0.77, -0.01, 0.051), (-0.62, -0.04, 0.051), (-0.59, -0.04, 0.051), (-0.59, -0.01, 0.051), (-0.62, -0.01, 0.051), (-0.5, -0.04, 0.051), (-0.47, -0.04, 0.051), (-0.47, -0.01, 0.051), (-0.5, -0.01, 0.051), (-0.41, -0.04, 0.051), (-0.38, -0.04, 0.051), (-0.38, -0.01, 0.051), (-0.41, -0.01, 0.051), (-0.32, -0.04, 0.051), (-0.29, -0.04, 0.051), (-0.29, -0.01, 0.051), (-0.32, -0.01, 0.051), (-0.23, -0.04, 0.051), (-0.2, -0.04, 0.051), (-0.2, -0.01, 0.051), (-0.23, -0.01, 0.051), (-0.17, -0.04, 0.051), (-0.14, -0.04, 0.051), (-0.14, -0.01, 0.051), (-0.17, -0.01, 0.051), (-0.05, -0.04, 0.051), (-0.02, -0.04, 0.051), (-0.02, -0.01, 0.051), (-0.05, -0.01, 0.051), (0.01, -0.04, 0.051), (0.04, -0.04, 0.051), (0.04, -0.01, 0.051), (0.01, -0.01, 0.051), (0.13, -0.04, 0.051), (0.16, -0.04, 0.051), (0.16, -0.01, 0.051), (0.13, -0.01, 0.051), (0.28, -0.04, 0.051), (0.31, -0.04, 0.051), (0.31, -0.01, 0.051), (0.28, -0.01, 0.051), (-0.95, -0.07, 0.051), (-0.92, -0.07, 0.051), (-0.92, -0.04, 0.051), (-0.95, -0.04, 0.051), (-0.8, -0.07, 0.051), (-0.74, -0.07, 0.051), (-0.74, -0.04, 0.051), (-0.8, -0.04, 0.051), (-0.71, -0.07, 0.051), (-0.68, -0.07, 0.051), (-0.68, -0.04, 0.051), (-0.71, -0.04, 0.051), (-0.62, -0.07, 0.051), (-0.59, -0.07, 0.051), (-0.59, -0.04, 0.051), (-0.62, -0.04, 0.051), (-0.5, -0.07, 0.051), (-0.47, -0.07, 0.051), (-0.47, -0.04, 0.051), (-0.5, -0.04, 0.051), (-0.41, -0.07, 0.051), (-0.38, -0.07, 0.051), (-0.38, -0.04, 0.051), (-0.41, -0.04, 0.051), (-0.32, -0.07, 0.051), (-0.29, -0.07, 0.051), (-0.29, -0.04, 0.051), (-0.32, -0.04, 0.051), (-0.23, -0.07, 0.051), (-0.2, -0.07, 0.051), (-0.2, -0.04, 0.051), (-0.23, -0.04, 0.051), (-0.17, -0.07, 0.051), (-0.14, -0.07, 0.051), (-0.14, -0.04, 0.051), (-0.17, -0.04, 0.051), (-0.05, -0.07, 0.051), (-0.02, -0.07, 0.051), (-0.02, -0.04, 0.051), (-0.05, -0.04, 0.051), (0.01, -0.07, 0.051), (0.04, -0.07, 0.051), (0.04, -0.04, 0.051), (0.01, -0.04, 0.051), (0.13, -0.07, 0.051), (0.16, -0.07, 0.051), (0.16, -0.04, 0.051), (0.13, -0.04, 0.051), (0.25, -0.07, 0.051), (0.28, -0.07, 0.051), (0.28, -0.04, 0.051), (0.25, -0.04, 0.051), (-0.95, -0.1, 0.051), (-0.92, -0.1, 0.051), (-0.92, -0.07, 0.051), (-0.95, -0.07, 0.051), (-0.8, -0.1, 0.051), (-0.77, -0.1, 0.051), (-0.77, -0.07, 0.051), (-0.8, -0.07, 0.051), (-0.71, -0.1, 0.051), (-0.68, -0.1, 0.051), (-0.68, -0.07, 0.051), (-0.71, -0.07, 0.051), (-0.62, -0.1, 0.051), (-0.59, -0.1, 0.051), (-0.59, -0.07, 0.051), (-0.62, -0.07, 0.051), (-0.5, -0.1, 0.051), (-0.47, -0.1, 0.051), (-0.47, -0.07, 0.051), (-0.5, -0.07, 0.051), (-0.41, -0.1, 0.051), (-0.38, -0.1, 0.051), (-0.38, -0.07, 0.051), (-0.41, -0.07, 0.051), (-0.32, -0.1, 0.051), (-0.29, -0.1, 0.051), (-0.29, -0.07, 0.051), (-0.32, -0.07, 0.051), (-0.23, -0.1, 0.051), (-0.2, -0.1, 0.051), (-0.2, -0.07, 0.051), (-0.23, -0.07, 0.051), (-0.17, -0.1, 0.051), (-0.14, -0.1, 0.051), (-0.14, -0.07, 0.051), (-0.17, -0.07, 0.051), (-0.05, -0.1, 0.051), (-0.02, -0.1, 0.051), (-0.02, -0.07, 0.051), (-0.05, -0.07, 0.051), (0.01, -0.1, 0.051), (0.04, -0.1, 0.051), (0.04, -0.07, 0.051), (0.01, -0.07, 0.051), (0.13, -0.1, 0.051), (0.16, -0.1, 0.051), (0.16, -0.07, 0.051), (0.13, -0.07, 0.051), (0.22, -0.1, 0.051), (0.25, -0.1, 0.051), (0.25, -0.07, 0.051), (0.22, -0.07, 0.051), (-0.95, -0.13, 0.051), (-0.92, -0.13, 0.051), (-0.92, -0.1, 0.051), (-0.95, -0.1, 0.051), (-0.8, -0.13, 0.051), (-0.68, -0.13, 0.051), (-0.68, -0.1, 0.051), (-0.8, -0.1, 0.051), (-0.62, -0.13, 0.051), (-0.59, -0.13, 0.051), (-0.59, -0.1, 0.051), (-0.62, -0.1, 0.051), (-0.5, -0.13, 0.051), (-0.44, -0.13, 0.051), (-0.44, -0.1, 0.051), (-0.5, -0.1, 0.051), (-0.41, -0.13, 0.051), (-0.38, -0.13, 0.051), (-0.38, -0.1, 0.051), (-0.41, -0.1, 0.051), (-0.32, -0.13, 0.051), (-0.26, -0.13, 0.051), (-0.26, -0.1, 0.051), (-0.32, -0.1, 0.051), (-0.23, -0.13, 0.051), (-0.2, -0.13, 0.051), (-0.2, -0.1, 0.051), (-0.23, -0.1, 0.051), (-0.14, -0.13, 0.051), (-0.05, -0.13, 0.051), (-0.05, -0.1, 0.051), (-0.14, -0.1, 0.051), (0.01, -0.13, 0.051), (0.04, -0.13, 0.051), (0.04, -0.1, 0.051), (0.01, -0.1, 0.051), (0.13, -0.13, 0.051), (0.16, -0.13, 0.051), (0.16, -0.1, 0.051), (0.13, -0.1, 0.051), (0.22, -0.13, 0.051), (0.34, -0.13, 0.051), (0.34, -0.1, 0.051), (0.22, -0.1, 0.051)]
                                color3f[] primvars:displayColor = [(0.015, 0.022, 0.028)]
                                uniform token subdivisionScheme = "none"
                                matrix4d xformOp:transform = ( (1, 0, 0, 0), (0, 1, 0, 0), (0, 0, 1, 0), (12.5, -4.5, 0, 1) )
                                uniform token[] xformOpOrder = ["xformOp:transform"]
                            }

                            def Cube "ReviewLink0" (
                                prepend apiSchemas = ["MaterialBindingAPI", "AecoDerivedGeometryAPI"]
                            )
                            {
                                uniform token aeco:derived:approx = "exact"
                                uniform token aeco:derived:role = "symbol"
                                string aeco:derived:source = "0f3c2e51-7d0e-5f7a-9c3b-2a1d6e8b4c90"
                                string aeco:derived:stamp = "core hierarchy symbols 0.9.2"
                                double aeco:derived:tolerance = 0.000001
                                float3[] extent = [(-0.5, -0.5, -0.5), (0.5, 0.5, 0.5)]
                                rel material:binding = </ReviewMaterials/Link>
                                color3f[] primvars:displayColor = [(0.35, 0.4, 0.45)]
                                double size = 1
                                float3 xformOp:scale = (0.13, 0.04, 0.04)
                                matrix4d xformOp:transform = ( (1, 0, 0, 0), (0, 1, 0, 0), (0, 0, 1, 0), (11.125, -3, 0, 1) )
                                uniform token[] xformOpOrder = ["xformOp:transform", "xformOp:scale"]
                            }

                            def Cube "ReviewLink1" (
                                prepend apiSchemas = ["MaterialBindingAPI", "AecoDerivedGeometryAPI"]
                            )
                            {
                                uniform token aeco:derived:approx = "exact"
                                uniform token aeco:derived:role = "symbol"
                                string aeco:derived:source = "0f3c2e51-7d0e-5f7a-9c3b-2a1d6e8b4c90"
                                string aeco:derived:stamp = "core hierarchy symbols 0.9.2"
                                double aeco:derived:tolerance = 0.000001
                                float3[] extent = [(-0.5, -0.5, -0.5), (0.5, 0.5, 0.5)]
                                rel material:binding = </ReviewMaterials/Link>
                                color3f[] primvars:displayColor = [(0.35, 0.4, 0.45)]
                                double size = 1
                                float3 xformOp:scale = (0.04, 1.5, 0.04)
                                matrix4d xformOp:transform = ( (1, 0, 0, 0), (0, 1, 0, 0), (0, 0, 1, 0), (11.190000000000001, -3.75, 0, 1) )
                                uniform token[] xformOpOrder = ["xformOp:transform", "xformOp:scale"]
                            }

                            def Cube "ReviewLink2" (
                                prepend apiSchemas = ["MaterialBindingAPI", "AecoDerivedGeometryAPI"]
                            )
                            {
                                uniform token aeco:derived:approx = "exact"
                                uniform token aeco:derived:role = "symbol"
                                string aeco:derived:source = "0f3c2e51-7d0e-5f7a-9c3b-2a1d6e8b4c90"
                                string aeco:derived:stamp = "core hierarchy symbols 0.9.2"
                                double aeco:derived:tolerance = 0.000001
                                float3[] extent = [(-0.5, -0.5, -0.5), (0.5, 0.5, 0.5)]
                                rel material:binding = </ReviewMaterials/Link>
                                color3f[] primvars:displayColor = [(0.35, 0.4, 0.45)]
                                double size = 1
                                float3 xformOp:scale = (0.25, 0.04, 0.04)
                                matrix4d xformOp:transform = ( (1, 0, 0, 0), (0, 1, 0, 0), (0, 0, 1, 0), (11.315000000000001, -4.5, 0, 1) )
                                uniform token[] xformOpOrder = ["xformOp:transform", "xformOp:scale"]
                            }
                        }
                    }

                    over "Breakout"
                    {
                        def Cube "ReviewSymbol" (
                            prepend apiSchemas = ["AecoDerivedGeometryAPI", "MaterialBindingAPI"]
                        )
                        {
                            uniform token aeco:derived:approx = "exact"
                            uniform token aeco:derived:role = "symbol"
                            string aeco:derived:source = "6c2ee026-7f4f-5a5f-9fe3-b85872eceac5"
                            string aeco:derived:stamp = "core hierarchy symbols 0.9.2"
                            double aeco:derived:tolerance = 0.000001
                            float3[] extent = [(-0.5, -0.5, -0.5), (0.5, 0.5, 0.5)]
                            rel material:binding = </ReviewMaterials/Space>
                            color3f[] primvars:displayColor = [(0.22, 0.65, 0.67)]
                            double size = 1
                            float3 xformOp:scale = (2.12, 0.5, 0.08)
                            matrix4d xformOp:transform = ( (1, 0, 0, 0), (0, 1, 0, 0), (0, 0, 1, 0), (10, -5.25, 0, 1) )
                            uniform token[] xformOpOrder = ["xformOp:transform", "xformOp:scale"]
                        }

                        def Mesh "ReviewLabel" (
                            prepend apiSchemas = ["AecoDerivedGeometryAPI", "MaterialBindingAPI"]
                        )
                        {
                            uniform token aeco:derived:approx = "tessellated"
                            uniform token aeco:derived:role = "symbol"
                            string aeco:derived:source = "6c2ee026-7f4f-5a5f-9fe3-b85872eceac5"
                            string aeco:derived:stamp = "core hierarchy symbols 0.9.2"
                            uniform bool doubleSided = 1
                            float3[] extent = [(-0.95, -0.13, 0.051), (0.28, 0.11, 0.051)]
                            int[] faceVertexCounts = [4, 4, 4, 4, 4, 4, 4, 4, 4, 4, 4, 4, 4, 4, 4, 4, 4, 4, 4, 4, 4, 4, 4, 4, 4, 4, 4, 4, 4, 4, 4, 4, 4, 4, 4, 4, 4, 4, 4, 4, 4, 4, 4, 4, 4, 4, 4, 4, 4, 4, 4, 4, 4, 4, 4, 4, 4, 4, 4, 4, 4, 4, 4, 4, 4, 4, 4, 4, 4, 4, 4, 4, 4, 4, 4, 4]
                            int[] faceVertexIndices = [0, 1, 2, 3, 4, 5, 6, 7, 8, 9, 10, 11, 12, 13, 14, 15, 16, 17, 18, 19, 20, 21, 22, 23, 24, 25, 26, 27, 28, 29, 30, 31, 32, 33, 34, 35, 36, 37, 38, 39, 40, 41, 42, 43, 44, 45, 46, 47, 48, 49, 50, 51, 52, 53, 54, 55, 56, 57, 58, 59, 60, 61, 62, 63, 64, 65, 66, 67, 68, 69, 70, 71, 72, 73, 74, 75, 76, 77, 78, 79, 80, 81, 82, 83, 84, 85, 86, 87, 88, 89, 90, 91, 92, 93, 94, 95, 96, 97, 98, 99, 100, 101, 102, 103, 104, 105, 106, 107, 108, 109, 110, 111, 112, 113, 114, 115, 116, 117, 118, 119, 120, 121, 122, 123, 124, 125, 126, 127, 128, 129, 130, 131, 132, 133, 134, 135, 136, 137, 138, 139, 140, 141, 142, 143, 144, 145, 146, 147, 148, 149, 150, 151, 152, 153, 154, 155, 156, 157, 158, 159, 160, 161, 162, 163, 164, 165, 166, 167, 168, 169, 170, 171, 172, 173, 174, 175, 176, 177, 178, 179, 180, 181, 182, 183, 184, 185, 186, 187, 188, 189, 190, 191, 192, 193, 194, 195, 196, 197, 198, 199, 200, 201, 202, 203, 204, 205, 206, 207, 208, 209, 210, 211, 212, 213, 214, 215, 216, 217, 218, 219, 220, 221, 222, 223, 224, 225, 226, 227, 228, 229, 230, 231, 232, 233, 234, 235, 236, 237, 238, 239, 240, 241, 242, 243, 244, 245, 246, 247, 248, 249, 250, 251, 252, 253, 254, 255, 256, 257, 258, 259, 260, 261, 262, 263, 264, 265, 266, 267, 268, 269, 270, 271, 272, 273, 274, 275, 276, 277, 278, 279, 280, 281, 282, 283, 284, 285, 286, 287, 288, 289, 290, 291, 292, 293, 294, 295, 296, 297, 298, 299, 300, 301, 302, 303]
                            rel material:binding = </ReviewMaterials/Ink>
                            point3f[] points = [(-0.95, 0.08, 0.051), (-0.83, 0.08, 0.051), (-0.83, 0.11, 0.051), (-0.95, 0.11, 0.051), (-0.32, 0.08, 0.051), (-0.29, 0.08, 0.051), (-0.29, 0.11, 0.051), (-0.32, 0.11, 0.051), (0.22, 0.08, 0.051), (0.25, 0.08, 0.051), (0.25, 0.11, 0.051), (0.22, 0.11, 0.051), (-0.95, 0.05, 0.051), (-0.92, 0.05, 0.051), (-0.92, 0.08, 0.051), (-0.95, 0.08, 0.051), (-0.83, 0.05, 0.051), (-0.8, 0.05, 0.051), (-0.8, 0.08, 0.051), (-0.83, 0.08, 0.051), (-0.32, 0.05, 0.051), (-0.29, 0.05, 0.051), (-0.29, 0.08, 0.051), (-0.32, 0.08, 0.051), (0.22, 0.05, 0.051), (0.25, 0.05, 0.051), (0.25, 0.08, 0.051), (0.22, 0.08, 0.051), (-0.95, 0.02, 0.051), (-0.92, 0.02, 0.051), (-0.92, 0.05, 0.051), (-0.95, 0.05, 0.051), (-0.83, 0.02, 0.051), (-0.8, 0.02, 0.051), (-0.8, 0.05, 0.051), (-0.83, 0.05, 0.051), (-0.77, 0.02, 0.051), (-0.68, 0.02, 0.051), (-0.68, 0.05, 0.051), (-0.77, 0.05, 0.051), (-0.65, 0.02, 0.051), (-0.56, 0.02, 0.051), (-0.56, 0.05, 0.051), (-0.65, 0.05, 0.051), (-0.47, 0.02, 0.051), (-0.38, 0.02, 0.051), (-0.38, 0.05, 0.051), (-0.47, 0.05, 0.051), (-0.32, 0.02, 0.051), (-0.29, 0.02, 0.051), (-0.29, 0.05, 0.051), (-0.32, 0.05, 0.051), (-0.23, 0.02, 0.051), (-0.2, 0.02, 0.051), (-0.2, 0.05, 0.051), (-0.23, 0.05, 0.051), (-0.14, 0.02, 0.051), (-0.05, 0.02, 0.051), (-0.05, 0.05, 0.051), (-0.14, 0.05, 0.051), (0.01, 0.02, 0.051), (0.04, 0.02, 0.051), (0.04, 0.05, 0.051), (0.01, 0.05, 0.051), (0.13, 0.02, 0.051), (0.16, 0.02, 0.051), (0.16, 0.05, 0.051), (0.13, 0.05, 0.051), (0.19, 0.02, 0.051), (0.28, 0.02, 0.051), (0.28, 0.05, 0.051), (0.19, 0.05, 0.051), (-0.95, -0.01, 0.051), (-0.92, -0.01, 0.051), (-0.92, 0.02, 0.051), (-0.95, 0.02, 0.051), (-0.77, -0.01, 0.051), (-0.74, -0.01, 0.051), (-0.74, 0.02, 0.051), (-0.77, 0.02, 0.051), (-0.68, -0.01, 0.051), (-0.65, -0.01, 0.051), (-0.65, 0.02, 0.051), (-0.68, 0.02, 0.051), (-0.56, -0.01, 0.051), (-0.53, -0.01, 0.051), (-0.53, 0.02, 0.051), (-0.56, 0.02, 0.051), (-0.5, -0.01, 0.051), (-0.47, -0.01, 0.051), (-0.47, 0.02, 0.051), (-0.5, 0.02, 0.051), (-0.41, -0.01, 0.051), (-0.38, -0.01, 0.051), (-0.38, 0.02, 0.051), (-0.41, 0.02, 0.051), (-0.32, -0.01, 0.051), (-0.29, -0.01, 0.051), (-0.29, 0.02, 0.051), (-0.32, 0.02, 0.051), (-0.26, -0.01, 0.051), (-0.23, -0.01, 0.051), (-0.23, 0.02, 0.051), (-0.26, 0.02, 0.051), (-0.17, -0.01, 0.051), (-0.14, -0.01, 0.051), (-0.14, 0.02, 0.051), (-0.17, 0.02, 0.051), (-0.05, -0.01, 0.051), (-0.02, -0.01, 0.051), (-0.02, 0.02, 0.051), (-0.05, 0.02, 0.051), (0.01, -0.01, 0.051), (0.04, -0.01, 0.051), (0.04, 0.02, 0.051), (0.01, 0.02, 0.051), (0.13, -0.01, 0.051), (0.16, -0.01, 0.051), (0.16, 0.02, 0.051), (0.13, 0.02, 0.051), (0.22, -0.01, 0.051), (0.25, -0.01, 0.051), (0.25, 0.02, 0.051), (0.22, 0.02, 0.051), (-0.95, -0.04, 0.051), (-0.8, -0.04, 0.051), (-0.8, -0.01, 0.051), (-0.95, -0.01, 0.051), (-0.77, -0.04, 0.051), (-0.74, -0.04, 0.051), (-0.74, -0.01, 0.051), (-0.77, -0.01, 0.051), (-0.68, -0.04, 0.051), (-0.53, -0.04, 0.051), (-0.53, -0.01, 0.051), (-0.68, -0.01, 0.051), (-0.47, -0.04, 0.051), (-0.38, -0.04, 0.051), (-0.38, -0.01, 0.051), (-0.47, -0.01, 0.051), (-0.32, -0.04, 0.051), (-0.26, -0.04, 0.051), (-0.26, -0.01, 0.051), (-0.32, -0.01, 0.051), (-0.17, -0.04, 0.051), (-0.14, -0.04, 0.051), (-0.14, -0.01, 0.051), (-0.17, -0.01, 0.051), (-0.05, -0.04, 0.051), (-0.02, -0.04, 0.051), (-0.02, -0.01, 0.051), (-0.05, -0.01, 0.051), (0.01, -0.04, 0.051), (0.04, -0.04, 0.051), (0.04, -0.01, 0.051), (0.01, -0.01, 0.051), (0.13, -0.04, 0.051), (0.16, -0.04, 0.051), (0.16, -0.01, 0.051), (0.13, -0.01, 0.051), (0.22, -0.04, 0.051), (0.25, -0.04, 0.051), (0.25, -0.01, 0.051), (0.22, -0.01, 0.051), (-0.95, -0.07, 0.051), (-0.92, -0.07, 0.051), (-0.92, -0.04, 0.051), (-0.95, -0.04, 0.051), (-0.83, -0.07, 0.051), (-0.8, -0.07, 0.051), (-0.8, -0.04, 0.051), (-0.83, -0.04, 0.051), (-0.77, -0.07, 0.051), (-0.74, -0.07, 0.051), (-0.74, -0.04, 0.051), (-0.77, -0.04, 0.051), (-0.68, -0.07, 0.051), (-0.65, -0.07, 0.051), (-0.65, -0.04, 0.051), (-0.68, -0.04, 0.051), (-0.5, -0.07, 0.051), (-0.44, -0.07, 0.051), (-0.44, -0.04, 0.051), (-0.5, -0.04, 0.051), (-0.41, -0.07, 0.051), (-0.38, -0.07, 0.051), (-0.38, -0.04, 0.051), (-0.41, -0.04, 0.051), (-0.32, -0.07, 0.051), (-0.23, -0.07, 0.051), (-0.23, -0.04, 0.051), (-0.32, -0.04, 0.051), (-0.17, -0.07, 0.051), (-0.14, -0.07, 0.051), (-0.14, -0.04, 0.051), (-0.17, -0.04, 0.051), (-0.05, -0.07, 0.051), (-0.02, -0.07, 0.051), (-0.02, -0.04, 0.051), (-0.05, -0.04, 0.051), (0.01, -0.07, 0.051), (0.04, -0.07, 0.051), (0.04, -0.04, 0.051), (0.01, -0.04, 0.051), (0.13, -0.07, 0.051), (0.16, -0.07, 0.051), (0.16, -0.04, 0.051), (0.13, -0.04, 0.051), (0.22, -0.07, 0.051), (0.25, -0.07, 0.051), (0.25, -0.04, 0.051), (0.22, -0.04, 0.051), (-0.95, -0.1, 0.051), (-0.92, -0.1, 0.051), (-0.92, -0.07, 0.051), (-0.95, -0.07, 0.051), (-0.83, -0.1, 0.051), (-0.8, -0.1, 0.051), (-0.8, -0.07, 0.051), (-0.83, -0.07, 0.051), (-0.77, -0.1, 0.051), (-0.74, -0.1, 0.051), (-0.74, -0.07, 0.051), (-0.77, -0.07, 0.051), (-0.68, -0.1, 0.051), (-0.65, -0.1, 0.051), (-0.65, -0.07, 0.051), (-0.68, -0.07, 0.051), (-0.56, -0.1, 0.051), (-0.53, -0.1, 0.051), (-0.53, -0.07, 0.051), (-0.56, -0.07, 0.051), (-0.5, -0.1, 0.051), (-0.47, -0.1, 0.051), (-0.47, -0.07, 0.051), (-0.5, -0.07, 0.051), (-0.41, -0.1, 0.051), (-0.38, -0.1, 0.051), (-0.38, -0.07, 0.051), (-0.41, -0.07, 0.051), (-0.32, -0.1, 0.051), (-0.29, -0.1, 0.051), (-0.29, -0.07, 0.051), (-0.32, -0.07, 0.051), (-0.26, -0.1, 0.051), (-0.2, -0.1, 0.051), (-0.2, -0.07, 0.051), (-0.26, -0.07, 0.051), (-0.17, -0.1, 0.051), (-0.14, -0.1, 0.051), (-0.14, -0.07, 0.051), (-0.17, -0.07, 0.051), (-0.05, -0.1, 0.051), (-0.02, -0.1, 0.051), (-0.02, -0.07, 0.051), (-0.05, -0.07, 0.051), (0.01, -0.1, 0.051), (0.04, -0.1, 0.051), (0.04, -0.07, 0.051), (0.01, -0.07, 0.051), (0.1, -0.1, 0.051), (0.16, -0.1, 0.051), (0.16, -0.07, 0.051), (0.1, -0.07, 0.051), (0.22, -0.1, 0.051), (0.25, -0.1, 0.051), (0.25, -0.07, 0.051), (0.22, -0.07, 0.051), (-0.95, -0.13, 0.051), (-0.83, -0.13, 0.051), (-0.83, -0.1, 0.051), (-0.95, -0.1, 0.051), (-0.77, -0.13, 0.051), (-0.74, -0.13, 0.051), (-0.74, -0.1, 0.051), (-0.77, -0.1, 0.051), (-0.65, -0.13, 0.051), (-0.56, -0.13, 0.051), (-0.56, -0.1, 0.051), (-0.65, -0.1, 0.051), (-0.5, -0.13, 0.051), (-0.38, -0.13, 0.051), (-0.38, -0.1, 0.051), (-0.5, -0.1, 0.051), (-0.32, -0.13, 0.051), (-0.29, -0.13, 0.051), (-0.29, -0.1, 0.051), (-0.32, -0.1, 0.051), (-0.23, -0.13, 0.051), (-0.2, -0.13, 0.051), (-0.2, -0.1, 0.051), (-0.23, -0.1, 0.051), (-0.14, -0.13, 0.051), (-0.05, -0.13, 0.051), (-0.05, -0.1, 0.051), (-0.14, -0.1, 0.051), (0.04, -0.13, 0.051), (0.16, -0.13, 0.051), (0.16, -0.1, 0.051), (0.04, -0.1, 0.051), (0.22, -0.13, 0.051), (0.28, -0.13, 0.051), (0.28, -0.1, 0.051), (0.22, -0.1, 0.051)]
                            color3f[] primvars:displayColor = [(0.015, 0.022, 0.028)]
                            uniform token subdivisionScheme = "none"
                            matrix4d xformOp:transform = ( (1, 0, 0, 0), (0, 1, 0, 0), (0, 0, 1, 0), (10, -5.25, 0, 1) )
                            uniform token[] xformOpOrder = ["xformOp:transform"]
                        }

                        def Cube "ReviewLink0" (
                            prepend apiSchemas = ["MaterialBindingAPI", "AecoDerivedGeometryAPI"]
                        )
                        {
                            uniform token aeco:derived:approx = "exact"
                            uniform token aeco:derived:role = "symbol"
                            string aeco:derived:source = "6c2ee026-7f4f-5a5f-9fe3-b85872eceac5"
                            string aeco:derived:stamp = "core hierarchy symbols 0.9.2"
                            double aeco:derived:tolerance = 0.000001
                            float3[] extent = [(-0.5, -0.5, -0.5), (0.5, 0.5, 0.5)]
                            rel material:binding = </ReviewMaterials/Link>
                            color3f[] primvars:displayColor = [(0.35, 0.4, 0.45)]
                            double size = 1
                            float3 xformOp:scale = (0.13, 0.04, 0.04)
                            matrix4d xformOp:transform = ( (1, 0, 0, 0), (0, 1, 0, 0), (0, 0, 1, 0), (8.625, -2.25, 0, 1) )
                            uniform token[] xformOpOrder = ["xformOp:transform", "xformOp:scale"]
                        }

                        def Cube "ReviewLink1" (
                            prepend apiSchemas = ["MaterialBindingAPI", "AecoDerivedGeometryAPI"]
                        )
                        {
                            uniform token aeco:derived:approx = "exact"
                            uniform token aeco:derived:role = "symbol"
                            string aeco:derived:source = "6c2ee026-7f4f-5a5f-9fe3-b85872eceac5"
                            string aeco:derived:stamp = "core hierarchy symbols 0.9.2"
                            double aeco:derived:tolerance = 0.000001
                            float3[] extent = [(-0.5, -0.5, -0.5), (0.5, 0.5, 0.5)]
                            rel material:binding = </ReviewMaterials/Link>
                            color3f[] primvars:displayColor = [(0.35, 0.4, 0.45)]
                            double size = 1
                            float3 xformOp:scale = (0.04, 3, 0.04)
                            matrix4d xformOp:transform = ( (1, 0, 0, 0), (0, 1, 0, 0), (0, 0, 1, 0), (8.690000000000001, -3.75, 0, 1) )
                            uniform token[] xformOpOrder = ["xformOp:transform", "xformOp:scale"]
                        }

                        def Cube "ReviewLink2" (
                            prepend apiSchemas = ["MaterialBindingAPI", "AecoDerivedGeometryAPI"]
                        )
                        {
                            uniform token aeco:derived:approx = "exact"
                            uniform token aeco:derived:role = "symbol"
                            string aeco:derived:source = "6c2ee026-7f4f-5a5f-9fe3-b85872eceac5"
                            string aeco:derived:stamp = "core hierarchy symbols 0.9.2"
                            double aeco:derived:tolerance = 0.000001
                            float3[] extent = [(-0.5, -0.5, -0.5), (0.5, 0.5, 0.5)]
                            rel material:binding = </ReviewMaterials/Link>
                            color3f[] primvars:displayColor = [(0.35, 0.4, 0.45)]
                            double size = 1
                            float3 xformOp:scale = (0.25, 0.04, 0.04)
                            matrix4d xformOp:transform = ( (1, 0, 0, 0), (0, 1, 0, 0), (0, 0, 1, 0), (8.815000000000001, -5.25, 0, 1) )
                            uniform token[] xformOpOrder = ["xformOp:transform", "xformOp:scale"]
                        }
                    }
                }
            }
        }

        over "Compound"
        {
            def Cube "ReviewSymbol" (
                prepend apiSchemas = ["AecoDerivedGeometryAPI", "MaterialBindingAPI"]
            )
            {
                uniform token aeco:derived:approx = "exact"
                uniform token aeco:derived:role = "symbol"
                string aeco:derived:source = "9440903f-8631-5881-a78b-02929a08c153"
                string aeco:derived:stamp = "core hierarchy symbols 0.9.2"
                double aeco:derived:tolerance = 0.000001
                float3[] extent = [(-0.5, -0.5, -0.5), (0.5, 0.5, 0.5)]
                rel material:binding = </ReviewMaterials/Space>
                color3f[] primvars:displayColor = [(0.22, 0.65, 0.67)]
                double size = 1
                float3 xformOp:scale = (2.12, 0.5, 0.08)
                matrix4d xformOp:transform = ( (1, 0, 0, 0), (0, 1, 0, 0), (0, 0, 1, 0), (2.5, -6, 0, 1) )
                uniform token[] xformOpOrder = ["xformOp:transform", "xformOp:scale"]
            }

            def Mesh "ReviewLabel" (
                prepend apiSchemas = ["AecoDerivedGeometryAPI", "MaterialBindingAPI"]
            )
            {
                uniform token aeco:derived:approx = "tessellated"
                uniform token aeco:derived:role = "symbol"
                string aeco:derived:source = "9440903f-8631-5881-a78b-02929a08c153"
                string aeco:derived:stamp = "core hierarchy symbols 0.9.2"
                uniform bool doubleSided = 1
                float3[] extent = [(-0.98, -0.19, 0.051), (0.55, 0.11, 0.051)]
                int[] faceVertexCounts = [4, 4, 4, 4, 4, 4, 4, 4, 4, 4, 4, 4, 4, 4, 4, 4, 4, 4, 4, 4, 4, 4, 4, 4, 4, 4, 4, 4, 4, 4, 4, 4, 4, 4, 4, 4, 4, 4, 4, 4, 4, 4, 4, 4, 4, 4, 4, 4, 4, 4, 4, 4, 4, 4, 4, 4, 4, 4, 4, 4, 4, 4, 4, 4, 4, 4, 4, 4, 4, 4, 4, 4, 4, 4, 4, 4, 4, 4, 4, 4, 4, 4, 4, 4, 4, 4, 4, 4, 4, 4]
                int[] faceVertexIndices = [0, 1, 2, 3, 4, 5, 6, 7, 8, 9, 10, 11, 12, 13, 14, 15, 16, 17, 18, 19, 20, 21, 22, 23, 24, 25, 26, 27, 28, 29, 30, 31, 32, 33, 34, 35, 36, 37, 38, 39, 40, 41, 42, 43, 44, 45, 46, 47, 48, 49, 50, 51, 52, 53, 54, 55, 56, 57, 58, 59, 60, 61, 62, 63, 64, 65, 66, 67, 68, 69, 70, 71, 72, 73, 74, 75, 76, 77, 78, 79, 80, 81, 82, 83, 84, 85, 86, 87, 88, 89, 90, 91, 92, 93, 94, 95, 96, 97, 98, 99, 100, 101, 102, 103, 104, 105, 106, 107, 108, 109, 110, 111, 112, 113, 114, 115, 116, 117, 118, 119, 120, 121, 122, 123, 124, 125, 126, 127, 128, 129, 130, 131, 132, 133, 134, 135, 136, 137, 138, 139, 140, 141, 142, 143, 144, 145, 146, 147, 148, 149, 150, 151, 152, 153, 154, 155, 156, 157, 158, 159, 160, 161, 162, 163, 164, 165, 166, 167, 168, 169, 170, 171, 172, 173, 174, 175, 176, 177, 178, 179, 180, 181, 182, 183, 184, 185, 186, 187, 188, 189, 190, 191, 192, 193, 194, 195, 196, 197, 198, 199, 200, 201, 202, 203, 204, 205, 206, 207, 208, 209, 210, 211, 212, 213, 214, 215, 216, 217, 218, 219, 220, 221, 222, 223, 224, 225, 226, 227, 228, 229, 230, 231, 232, 233, 234, 235, 236, 237, 238, 239, 240, 241, 242, 243, 244, 245, 246, 247, 248, 249, 250, 251, 252, 253, 254, 255, 256, 257, 258, 259, 260, 261, 262, 263, 264, 265, 266, 267, 268, 269, 270, 271, 272, 273, 274, 275, 276, 277, 278, 279, 280, 281, 282, 283, 284, 285, 286, 287, 288, 289, 290, 291, 292, 293, 294, 295, 296, 297, 298, 299, 300, 301, 302, 303, 304, 305, 306, 307, 308, 309, 310, 311, 312, 313, 314, 315, 316, 317, 318, 319, 320, 321, 322, 323, 324, 325, 326, 327, 328, 329, 330, 331, 332, 333, 334, 335, 336, 337, 338, 339, 340, 341, 342, 343, 344, 345, 346, 347, 348, 349, 350, 351, 352, 353, 354, 355, 356, 357, 358, 359]
                rel material:binding = </ReviewMaterials/Ink>
                point3f[] points = [(-0.95, 0.08, 0.051), (-0.83, 0.08, 0.051), (-0.83, 0.11, 0.051), (-0.95, 0.11, 0.051), (0.52, 0.08, 0.051), (0.55, 0.08, 0.051), (0.55, 0.11, 0.051), (0.52, 0.11, 0.051), (-0.95, 0.05, 0.051), (-0.92, 0.05, 0.051), (-0.92, 0.08, 0.051), (-0.95, 0.08, 0.051), (-0.83, 0.05, 0.051), (-0.8, 0.05, 0.051), (-0.8, 0.08, 0.051), (-0.83, 0.08, 0.051), (0.52, 0.05, 0.051), (0.55, 0.05, 0.051), (0.55, 0.08, 0.051), (0.52, 0.08, 0.051), (-0.98, 0.02, 0.051), (-0.95, 0.02, 0.051), (-0.95, 0.05, 0.051), (-0.98, 0.05, 0.051), (-0.83, 0.02, 0.051), (-0.8, 0.02, 0.051), (-0.8, 0.05, 0.051), (-0.83, 0.05, 0.051), (-0.74, 0.02, 0.051), (-0.65, 0.02, 0.051), (-0.65, 0.05, 0.051), (-0.74, 0.05, 0.051), (-0.59, 0.02, 0.051), (-0.38, 0.02, 0.051), (-0.38, 0.05, 0.051), (-0.59, 0.05, 0.051), (-0.32, 0.02, 0.051), (-0.2, 0.02, 0.051), (-0.2, 0.05, 0.051), (-0.32, 0.05, 0.051), (-0.14, 0.02, 0.051), (-0.05, 0.02, 0.051), (-0.05, 0.05, 0.051), (-0.14, 0.05, 0.051), (0.01, 0.02, 0.051), (0.04, 0.02, 0.051), (0.04, 0.05, 0.051), (0.01, 0.05, 0.051), (0.13, 0.02, 0.051), (0.16, 0.02, 0.051), (0.16, 0.05, 0.051), (0.13, 0.05, 0.051), (0.22, 0.02, 0.051), (0.34, 0.02, 0.051), (0.34, 0.05, 0.051), (0.22, 0.05, 0.051), (0.43, 0.02, 0.051), (0.55, 0.02, 0.051), (0.55, 0.05, 0.051), (0.43, 0.05, 0.051), (-0.98, -0.01, 0.051), (-0.95, -0.01, 0.051), (-0.95, 0.02, 0.051), (-0.98, 0.02, 0.051), (-0.77, -0.01, 0.051), (-0.74, -0.01, 0.051), (-0.74, 0.02, 0.051), (-0.77, 0.02, 0.051), (-0.65, -0.01, 0.051), (-0.62, -0.01, 0.051), (-0.62, 0.02, 0.051), (-0.65, 0.02, 0.051), (-0.59, -0.01, 0.051), (-0.56, -0.01, 0.051), (-0.56, 0.02, 0.051), (-0.59, 0.02, 0.051), (-0.5, -0.01, 0.051), (-0.47, -0.01, 0.051), (-0.47, 0.02, 0.051), (-0.5, 0.02, 0.051), (-0.41, -0.01, 0.051), (-0.38, -0.01, 0.051), (-0.38, 0.02, 0.051), (-0.41, 0.02, 0.051), (-0.32, -0.01, 0.051), (-0.29, -0.01, 0.051), (-0.29, 0.02, 0.051), (-0.32, 0.02, 0.051), (-0.2, -0.01, 0.051), (-0.14, -0.01, 0.051), (-0.14, 0.02, 0.051), (-0.2, 0.02, 0.051), (-0.05, -0.01, 0.051), (-0.02, -0.01, 0.051), (-0.02, 0.02, 0.051), (-0.05, 0.02, 0.051), (0.01, -0.01, 0.051), (0.04, -0.01, 0.051), (0.04, 0.02, 0.051), (0.01, 0.02, 0.051), (0.13, -0.01, 0.051), (0.16, -0.01, 0.051), (0.16, 0.02, 0.051), (0.13, 0.02, 0.051), (0.22, -0.01, 0.051), (0.28, -0.01, 0.051), (0.28, 0.02, 0.051), (0.22, 0.02, 0.051), (0.34, -0.01, 0.051), (0.37, -0.01, 0.051), (0.37, 0.02, 0.051), (0.34, 0.02, 0.051), (0.4, -0.01, 0.051), (0.43, -0.01, 0.051), (0.43, 0.02, 0.051), (0.4, 0.02, 0.051), (0.52, -0.01, 0.051), (0.55, -0.01, 0.051), (0.55, 0.02, 0.051), (0.52, 0.02, 0.051), (-0.98, -0.04, 0.051), (-0.95, -0.04, 0.051), (-0.95, -0.01, 0.051), (-0.98, -0.01, 0.051), (-0.77, -0.04, 0.051), (-0.74, -0.04, 0.051), (-0.74, -0.01, 0.051), (-0.77, -0.01, 0.051), (-0.65, -0.04, 0.051), (-0.62, -0.04, 0.051), (-0.62, -0.01, 0.051), (-0.65, -0.01, 0.051), (-0.59, -0.04, 0.051), (-0.56, -0.04, 0.051), (-0.56, -0.01, 0.051), (-0.59, -0.01, 0.051), (-0.5, -0.04, 0.051), (-0.47, -0.04, 0.051), (-0.47, -0.01, 0.051), (-0.5, -0.01, 0.051), (-0.41, -0.04, 0.051), (-0.38, -0.04, 0.051), (-0.38, -0.01, 0.051), (-0.41, -0.01, 0.051), (-0.32, -0.04, 0.051), (-0.29, -0.04, 0.051), (-0.29, -0.01, 0.051), (-0.32, -0.01, 0.051), (-0.2, -0.04, 0.051), (-0.14, -0.04, 0.051), (-0.14, -0.01, 0.051), (-0.2, -0.01, 0.051), (-0.05, -0.04, 0.051), (-0.02, -0.04, 0.051), (-0.02, -0.01, 0.051), (-0.05, -0.01, 0.051), (0.01, -0.04, 0.051), (0.04, -0.04, 0.051), (0.04, -0.01, 0.051), (0.01, -0.01, 0.051), (0.13, -0.04, 0.051), (0.16, -0.04, 0.051), (0.16, -0.01, 0.051), (0.13, -0.01, 0.051), (0.22, -0.04, 0.051), (0.25, -0.04, 0.051), (0.25, -0.01, 0.051), (0.22, -0.01, 0.051), (0.34, -0.04, 0.051), (0.37, -0.04, 0.051), (0.37, -0.01, 0.051), (0.34, -0.01, 0.051), (0.4, -0.04, 0.051), (0.43, -0.04, 0.051), (0.43, -0.01, 0.051), (0.4, -0.01, 0.051), (0.52, -0.04, 0.051), (0.55, -0.04, 0.051), (0.55, -0.01, 0.051), (0.52, -0.01, 0.051), (-0.98, -0.07, 0.051), (-0.95, -0.07, 0.051), (-0.95, -0.04, 0.051), (-0.98, -0.04, 0.051), (-0.83, -0.07, 0.051), (-0.8, -0.07, 0.051), (-0.8, -0.04, 0.051), (-0.83, -0.04, 0.051), (-0.77, -0.07, 0.051), (-0.74, -0.07, 0.051), (-0.74, -0.04, 0.051), (-0.77, -0.04, 0.051), (-0.65, -0.07, 0.051), (-0.62, -0.07, 0.051), (-0.62, -0.04, 0.051), (-0.65, -0.04, 0.051), (-0.59, -0.07, 0.051), (-0.56, -0.07, 0.051), (-0.56, -0.04, 0.051), (-0.59, -0.04, 0.051), (-0.5, -0.07, 0.051), (-0.47, -0.07, 0.051), (-0.47, -0.04, 0.051), (-0.5, -0.04, 0.051), (-0.41, -0.07, 0.051), (-0.38, -0.07, 0.051), (-0.38, -0.04, 0.051), (-0.41, -0.04, 0.051), (-0.32, -0.07, 0.051), (-0.29, -0.07, 0.051), (-0.29, -0.04, 0.051), (-0.32, -0.04, 0.051), (-0.2, -0.07, 0.051), (-0.14, -0.07, 0.051), (-0.14, -0.04, 0.051), (-0.2, -0.04, 0.051), (-0.05, -0.07, 0.051), (-0.02, -0.07, 0.051), (-0.02, -0.04, 0.051), (-0.05, -0.04, 0.051), (0.01, -0.07, 0.051), (0.04, -0.07, 0.051), (0.04, -0.04, 0.051), (0.01, -0.04, 0.051), (0.13, -0.07, 0.051), (0.16, -0.07, 0.051), (0.16, -0.04, 0.051), (0.13, -0.04, 0.051), (0.22, -0.07, 0.051), (0.25, -0.07, 0.051), (0.25, -0.04, 0.051), (0.22, -0.04, 0.051), (0.34, -0.07, 0.051), (0.37, -0.07, 0.051), (0.37, -0.04, 0.051), (0.34, -0.04, 0.051), (0.4, -0.07, 0.051), (0.43, -0.07, 0.051), (0.43, -0.04, 0.051), (0.4, -0.04, 0.051), (0.52, -0.07, 0.051), (0.55, -0.07, 0.051), (0.55, -0.04, 0.051), (0.52, -0.04, 0.051), (-0.95, -0.1, 0.051), (-0.92, -0.1, 0.051), (-0.92, -0.07, 0.051), (-0.95, -0.07, 0.051), (-0.83, -0.1, 0.051), (-0.8, -0.1, 0.051), (-0.8, -0.07, 0.051), (-0.83, -0.07, 0.051), (-0.77, -0.1, 0.051), (-0.74, -0.1, 0.051), (-0.74, -0.07, 0.051), (-0.77, -0.07, 0.051), (-0.65, -0.1, 0.051), (-0.62, -0.1, 0.051), (-0.62, -0.07, 0.051), (-0.65, -0.07, 0.051), (-0.59, -0.1, 0.051), (-0.56, -0.1, 0.051), (-0.56, -0.07, 0.051), (-0.59, -0.07, 0.051), (-0.5, -0.1, 0.051), (-0.47, -0.1, 0.051), (-0.47, -0.07, 0.051), (-0.5, -0.07, 0.051), (-0.41, -0.1, 0.051), (-0.38, -0.1, 0.051), (-0.38, -0.07, 0.051), (-0.41, -0.07, 0.051), (-0.32, -0.1, 0.051), (-0.29, -0.1, 0.051), (-0.29, -0.07, 0.051), (-0.32, -0.07, 0.051), (-0.2, -0.1, 0.051), (-0.14, -0.1, 0.051), (-0.14, -0.07, 0.051), (-0.2, -0.07, 0.051), (-0.05, -0.1, 0.051), (-0.02, -0.1, 0.051), (-0.02, -0.07, 0.051), (-0.05, -0.07, 0.051), (0.01, -0.1, 0.051), (0.04, -0.1, 0.051), (0.04, -0.07, 0.051), (0.01, -0.07, 0.051), (0.1, -0.1, 0.051), (0.16, -0.1, 0.051), (0.16, -0.07, 0.051), (0.1, -0.07, 0.051), (0.22, -0.1, 0.051), (0.25, -0.1, 0.051), (0.25, -0.07, 0.051), (0.22, -0.07, 0.051), (0.34, -0.1, 0.051), (0.37, -0.1, 0.051), (0.37, -0.07, 0.051), (0.34, -0.07, 0.051), (0.4, -0.1, 0.051), (0.43, -0.1, 0.051), (0.43, -0.07, 0.051), (0.4, -0.07, 0.051), (0.52, -0.1, 0.051), (0.55, -0.1, 0.051), (0.55, -0.07, 0.051), (0.52, -0.07, 0.051), (-0.95, -0.13, 0.051), (-0.83, -0.13, 0.051), (-0.83, -0.1, 0.051), (-0.95, -0.1, 0.051), (-0.74, -0.13, 0.051), (-0.65, -0.13, 0.051), (-0.65, -0.1, 0.051), (-0.74, -0.1, 0.051), (-0.59, -0.13, 0.051), (-0.56, -0.13, 0.051), (-0.56, -0.1, 0.051), (-0.59, -0.1, 0.051), (-0.5, -0.13, 0.051), (-0.47, -0.13, 0.051), (-0.47, -0.1, 0.051), (-0.5, -0.1, 0.051), (-0.41, -0.13, 0.051), (-0.38, -0.13, 0.051), (-0.38, -0.1, 0.051), (-0.41, -0.1, 0.051), (-0.32, -0.13, 0.051), (-0.2, -0.13, 0.051), (-0.2, -0.1, 0.051), (-0.32, -0.1, 0.051), (-0.14, -0.13, 0.051), (-0.05, -0.13, 0.051), (-0.05, -0.1, 0.051), (-0.14, -0.1, 0.051), (0.04, -0.13, 0.051), (0.16, -0.13, 0.051), (0.16, -0.1, 0.051), (0.04, -0.1, 0.051), (0.22, -0.13, 0.051), (0.25, -0.13, 0.051), (0.25, -0.1, 0.051), (0.22, -0.1, 0.051), (0.34, -0.13, 0.051), (0.37, -0.13, 0.051), (0.37, -0.1, 0.051), (0.34, -0.1, 0.051), (0.43, -0.13, 0.051), (0.55, -0.13, 0.051), (0.55, -0.1, 0.051), (0.43, -0.1, 0.051), (-0.32, -0.16, 0.051), (-0.29, -0.16, 0.051), (-0.29, -0.13, 0.051), (-0.32, -0.13, 0.051), (-0.32, -0.19, 0.051), (-0.29, -0.19, 0.051), (-0.29, -0.16, 0.051), (-0.32, -0.16, 0.051)]
                color3f[] primvars:displayColor = [(0.015, 0.022, 0.028)]
                uniform token subdivisionScheme = "none"
                matrix4d xformOp:transform = ( (1, 0, 0, 0), (0, 1, 0, 0), (0, 0, 1, 0), (2.5, -6, 0, 1) )
                uniform token[] xformOpOrder = ["xformOp:transform"]
            }

            def Cube "ReviewLink0" (
                prepend apiSchemas = ["MaterialBindingAPI", "AecoDerivedGeometryAPI"]
            )
            {
                uniform token aeco:derived:approx = "exact"
                uniform token aeco:derived:role = "symbol"
                string aeco:derived:source = "9440903f-8631-5881-a78b-02929a08c153"
                string aeco:derived:stamp = "core hierarchy symbols 0.9.2"
                double aeco:derived:tolerance = 0.000001
                float3[] extent = [(-0.5, -0.5, -0.5), (0.5, 0.5, 0.5)]
                rel material:binding = </ReviewMaterials/Link>
                color3f[] primvars:displayColor = [(0.35, 0.4, 0.45)]
                double size = 1
                float3 xformOp:scale = (0.13, 0.04, 0.04)
                matrix4d xformOp:transform = ( (1, 0, 0, 0), (0, 1, 0, 0), (0, 0, 1, 0), (1.125, 0, 0, 1) )
                uniform token[] xformOpOrder = ["xformOp:transform", "xformOp:scale"]
            }

            def Cube "ReviewLink1" (
                prepend apiSchemas = ["MaterialBindingAPI", "AecoDerivedGeometryAPI"]
            )
            {
                uniform token aeco:derived:approx = "exact"
                uniform token aeco:derived:role = "symbol"
                string aeco:derived:source = "9440903f-8631-5881-a78b-02929a08c153"
                string aeco:derived:stamp = "core hierarchy symbols 0.9.2"
                double aeco:derived:tolerance = 0.000001
                float3[] extent = [(-0.5, -0.5, -0.5), (0.5, 0.5, 0.5)]
                rel material:binding = </ReviewMaterials/Link>
                color3f[] primvars:displayColor = [(0.35, 0.4, 0.45)]
                double size = 1
                float3 xformOp:scale = (0.04, 6, 0.04)
                matrix4d xformOp:transform = ( (1, 0, 0, 0), (0, 1, 0, 0), (0, 0, 1, 0), (1.19, -3, 0, 1) )
                uniform token[] xformOpOrder = ["xformOp:transform", "xformOp:scale"]
            }

            def Cube "ReviewLink2" (
                prepend apiSchemas = ["MaterialBindingAPI", "AecoDerivedGeometryAPI"]
            )
            {
                uniform token aeco:derived:approx = "exact"
                uniform token aeco:derived:role = "symbol"
                string aeco:derived:source = "9440903f-8631-5881-a78b-02929a08c153"
                string aeco:derived:stamp = "core hierarchy symbols 0.9.2"
                double aeco:derived:tolerance = 0.000001
                float3[] extent = [(-0.5, -0.5, -0.5), (0.5, 0.5, 0.5)]
                rel material:binding = </ReviewMaterials/Link>
                color3f[] primvars:displayColor = [(0.35, 0.4, 0.45)]
                double size = 1
                float3 xformOp:scale = (0.25, 0.04, 0.04)
                matrix4d xformOp:transform = ( (1, 0, 0, 0), (0, 1, 0, 0), (0, 0, 1, 0), (1.315, -6, 0, 1) )
                uniform token[] xformOpOrder = ["xformOp:transform", "xformOp:scale"]
            }
        }
    }
}

