#usda 1.0
(
    doc = "Schematic hierarchy symbols only. Sizes and positions are diagram layout, not surveyed geometry."
)

def "ReviewMaterials"
{
    def Material "Site"
    {
        token outputs:surface.connect = </ReviewMaterials/Site/Surface.outputs:surface>

        def Shader "Surface"
        {
            uniform token info:id = "UsdPreviewSurface"
            color3f inputs:diffuseColor = (0, 0, 0)
            color3f inputs:emissiveColor = (0.2, 0.4, 0.65)
            color3f inputs:specularColor = (0, 0, 0)
            int inputs:useSpecularWorkflow = 1
            token outputs:surface
        }
    }

    def Material "Part"
    {
        token outputs:surface.connect = </ReviewMaterials/Part/Surface.outputs:surface>

        def Shader "Surface"
        {
            uniform token info:id = "UsdPreviewSurface"
            color3f inputs:diffuseColor = (0, 0, 0)
            color3f inputs:emissiveColor = (0.25, 0.57, 0.37)
            color3f inputs:specularColor = (0, 0, 0)
            int inputs:useSpecularWorkflow = 1
            token outputs:surface
        }
    }

    def Material "Space"
    {
        token outputs:surface.connect = </ReviewMaterials/Space/Surface.outputs:surface>

        def Shader "Surface"
        {
            uniform token info:id = "UsdPreviewSurface"
            color3f inputs:diffuseColor = (0, 0, 0)
            color3f inputs:emissiveColor = (0.22, 0.65, 0.67)
            color3f inputs:specularColor = (0, 0, 0)
            int inputs:useSpecularWorkflow = 1
            token outputs:surface
        }
    }

    def Material "Element"
    {
        token outputs:surface.connect = </ReviewMaterials/Element/Surface.outputs:surface>

        def Shader "Surface"
        {
            uniform token info:id = "UsdPreviewSurface"
            color3f inputs:diffuseColor = (0, 0, 0)
            color3f inputs:emissiveColor = (0.85, 0.57, 0.2)
            color3f inputs:specularColor = (0, 0, 0)
            int inputs:useSpecularWorkflow = 1
            token outputs:surface
        }
    }

    def Material "Ink"
    {
        token outputs:surface.connect = </ReviewMaterials/Ink/Surface.outputs:surface>

        def Shader "Surface"
        {
            uniform token info:id = "UsdPreviewSurface"
            color3f inputs:diffuseColor = (0, 0, 0)
            color3f inputs:emissiveColor = (0.01, 0.015, 0.02)
            color3f inputs:specularColor = (0, 0, 0)
            int inputs:useSpecularWorkflow = 1
            token outputs:surface
        }
    }

    def Material "Link"
    {
        token outputs:surface.connect = </ReviewMaterials/Link/Surface.outputs:surface>

        def Shader "Surface"
        {
            uniform token info:id = "UsdPreviewSurface"
            color3f inputs:diffuseColor = (0, 0, 0)
            color3f inputs:emissiveColor = (0.35, 0.4, 0.45)
            color3f inputs:specularColor = (0, 0, 0)
            int inputs:useSpecularWorkflow = 1
            token outputs:surface
        }
    }
}

over "ServiceProject"
{
    over "Campus"
    {
        def Cube "ReviewSymbol" (
            prepend apiSchemas = ["AecoDerivedGeometryAPI", "MaterialBindingAPI"]
        )
        {
            uniform token aeco:derived:approx = "exact"
            uniform token aeco:derived:role = "symbol"
            string aeco:derived:source = "e6c84505-d6b2-58ee-8fee-890bd38ac9a2"
            string aeco:derived:stamp = "core hierarchy symbols 0.9.2"
            double aeco:derived:tolerance = 0.000001
            float3[] extent = [(-0.5, -0.5, -0.5), (0.5, 0.5, 0.5)]
            rel material:binding = </ReviewMaterials/Site>
            color3f[] primvars:displayColor = [(0.2, 0.4, 0.65)]
            double size = 1
            float3 xformOp:scale = (2.12, 0.5, 0.08)
            matrix4d xformOp:transform = ( (1, 0, 0, 0), (0, 1, 0, 0), (0, 0, 1, 0), (0, 0, 0, 1) )
            uniform token[] xformOpOrder = ["xformOp:transform", "xformOp:scale"]
        }

        def Mesh "ReviewLabel" (
            prepend apiSchemas = ["AecoDerivedGeometryAPI", "MaterialBindingAPI"]
        )
        {
            uniform token aeco:derived:approx = "tessellated"
            uniform token aeco:derived:role = "symbol"
            string aeco:derived:source = "e6c84505-d6b2-58ee-8fee-890bd38ac9a2"
            string aeco:derived:stamp = "core hierarchy symbols 0.9.2"
            uniform bool doubleSided = 1
            float3[] extent = [(-0.98, -0.19, 0.051), (0.16, 0.11, 0.051)]
            int[] faceVertexCounts = [4, 4, 4, 4, 4, 4, 4, 4, 4, 4, 4, 4, 4, 4, 4, 4, 4, 4, 4, 4, 4, 4, 4, 4, 4, 4, 4, 4, 4, 4, 4, 4, 4, 4, 4, 4, 4, 4, 4, 4, 4, 4, 4, 4, 4, 4, 4, 4, 4, 4, 4, 4, 4, 4, 4, 4, 4, 4, 4, 4, 4, 4, 4, 4, 4, 4, 4, 4]
            int[] faceVertexIndices = [0, 1, 2, 3, 4, 5, 6, 7, 8, 9, 10, 11, 12, 13, 14, 15, 16, 17, 18, 19, 20, 21, 22, 23, 24, 25, 26, 27, 28, 29, 30, 31, 32, 33, 34, 35, 36, 37, 38, 39, 40, 41, 42, 43, 44, 45, 46, 47, 48, 49, 50, 51, 52, 53, 54, 55, 56, 57, 58, 59, 60, 61, 62, 63, 64, 65, 66, 67, 68, 69, 70, 71, 72, 73, 74, 75, 76, 77, 78, 79, 80, 81, 82, 83, 84, 85, 86, 87, 88, 89, 90, 91, 92, 93, 94, 95, 96, 97, 98, 99, 100, 101, 102, 103, 104, 105, 106, 107, 108, 109, 110, 111, 112, 113, 114, 115, 116, 117, 118, 119, 120, 121, 122, 123, 124, 125, 126, 127, 128, 129, 130, 131, 132, 133, 134, 135, 136, 137, 138, 139, 140, 141, 142, 143, 144, 145, 146, 147, 148, 149, 150, 151, 152, 153, 154, 155, 156, 157, 158, 159, 160, 161, 162, 163, 164, 165, 166, 167, 168, 169, 170, 171, 172, 173, 174, 175, 176, 177, 178, 179, 180, 181, 182, 183, 184, 185, 186, 187, 188, 189, 190, 191, 192, 193, 194, 195, 196, 197, 198, 199, 200, 201, 202, 203, 204, 205, 206, 207, 208, 209, 210, 211, 212, 213, 214, 215, 216, 217, 218, 219, 220, 221, 222, 223, 224, 225, 226, 227, 228, 229, 230, 231, 232, 233, 234, 235, 236, 237, 238, 239, 240, 241, 242, 243, 244, 245, 246, 247, 248, 249, 250, 251, 252, 253, 254, 255, 256, 257, 258, 259, 260, 261, 262, 263, 264, 265, 266, 267, 268, 269, 270, 271]
            rel material:binding = </ReviewMaterials/Ink>
            point3f[] points = [(-0.95, 0.08, 0.051), (-0.83, 0.08, 0.051), (-0.83, 0.11, 0.051), (-0.95, 0.11, 0.051), (-0.95, 0.05, 0.051), (-0.92, 0.05, 0.051), (-0.92, 0.08, 0.051), (-0.95, 0.08, 0.051), (-0.83, 0.05, 0.051), (-0.8, 0.05, 0.051), (-0.8, 0.08, 0.051), (-0.83, 0.08, 0.051), (-0.98, 0.02, 0.051), (-0.95, 0.02, 0.051), (-0.95, 0.05, 0.051), (-0.98, 0.05, 0.051), (-0.83, 0.02, 0.051), (-0.8, 0.02, 0.051), (-0.8, 0.05, 0.051), (-0.83, 0.05, 0.051), (-0.74, 0.02, 0.051), (-0.65, 0.02, 0.051), (-0.65, 0.05, 0.051), (-0.74, 0.05, 0.051), (-0.59, 0.02, 0.051), (-0.38, 0.02, 0.051), (-0.38, 0.05, 0.051), (-0.59, 0.05, 0.051), (-0.32, 0.02, 0.051), (-0.2, 0.02, 0.051), (-0.2, 0.05, 0.051), (-0.32, 0.05, 0.051), (-0.14, 0.02, 0.051), (-0.11, 0.02, 0.051), (-0.11, 0.05, 0.051), (-0.14, 0.05, 0.051), (-0.02, 0.02, 0.051), (0.01, 0.02, 0.051), (0.01, 0.05, 0.051), (-0.02, 0.05, 0.051), (0.04, 0.02, 0.051), (0.13, 0.02, 0.051), (0.13, 0.05, 0.051), (0.04, 0.05, 0.051), (-0.98, -0.01, 0.051), (-0.95, -0.01, 0.051), (-0.95, 0.02, 0.051), (-0.98, 0.02, 0.051), (-0.77, -0.01, 0.051), (-0.74, -0.01, 0.051), (-0.74, 0.02, 0.051), (-0.77, 0.02, 0.051), (-0.68, -0.01, 0.051), (-0.65, -0.01, 0.051), (-0.65, 0.02, 0.051), (-0.68, 0.02, 0.051), (-0.59, -0.01, 0.051), (-0.56, -0.01, 0.051), (-0.56, 0.02, 0.051), (-0.59, 0.02, 0.051), (-0.5, -0.01, 0.051), (-0.47, -0.01, 0.051), (-0.47, 0.02, 0.051), (-0.5, 0.02, 0.051), (-0.41, -0.01, 0.051), (-0.38, -0.01, 0.051), (-0.38, 0.02, 0.051), (-0.41, 0.02, 0.051), (-0.32, -0.01, 0.051), (-0.29, -0.01, 0.051), (-0.29, 0.02, 0.051), (-0.32, 0.02, 0.051), (-0.2, -0.01, 0.051), (-0.17, -0.01, 0.051), (-0.17, 0.02, 0.051), (-0.2, 0.02, 0.051), (-0.14, -0.01, 0.051), (-0.11, -0.01, 0.051), (-0.11, 0.02, 0.051), (-0.14, 0.02, 0.051), (-0.02, -0.01, 0.051), (0.01, -0.01, 0.051), (0.01, 0.02, 0.051), (-0.02, 0.02, 0.051), (0.04, -0.01, 0.051), (0.07, -0.01, 0.051), (0.07, 0.02, 0.051), (0.04, 0.02, 0.051), (0.13, -0.01, 0.051), (0.16, -0.01, 0.051), (0.16, 0.02, 0.051), (0.13, 0.02, 0.051), (-0.98, -0.04, 0.051), (-0.95, -0.04, 0.051), (-0.95, -0.01, 0.051), (-0.98, -0.01, 0.051), (-0.74, -0.04, 0.051), (-0.65, -0.04, 0.051), (-0.65, -0.01, 0.051), (-0.74, -0.01, 0.051), (-0.59, -0.04, 0.051), (-0.56, -0.04, 0.051), (-0.56, -0.01, 0.051), (-0.59, -0.01, 0.051), (-0.5, -0.04, 0.051), (-0.47, -0.04, 0.051), (-0.47, -0.01, 0.051), (-0.5, -0.01, 0.051), (-0.41, -0.04, 0.051), (-0.38, -0.04, 0.051), (-0.38, -0.01, 0.051), (-0.41, -0.01, 0.051), (-0.32, -0.04, 0.051), (-0.29, -0.04, 0.051), (-0.29, -0.01, 0.051), (-0.32, -0.01, 0.051), (-0.2, -0.04, 0.051), (-0.17, -0.04, 0.051), (-0.17, -0.01, 0.051), (-0.2, -0.01, 0.051), (-0.14, -0.04, 0.051), (-0.11, -0.04, 0.051), (-0.11, -0.01, 0.051), (-0.14, -0.01, 0.051), (-0.02, -0.04, 0.051), (0.01, -0.04, 0.051), (0.01, -0.01, 0.051), (-0.02, -0.01, 0.051), (0.04, -0.04, 0.051), (0.1, -0.04, 0.051), (0.1, -0.01, 0.051), (0.04, -0.01, 0.051), (-0.98, -0.07, 0.051), (-0.95, -0.07, 0.051), (-0.95, -0.04, 0.051), (-0.98, -0.04, 0.051), (-0.83, -0.07, 0.051), (-0.8, -0.07, 0.051), (-0.8, -0.04, 0.051), (-0.83, -0.04, 0.051), (-0.77, -0.07, 0.051), (-0.71, -0.07, 0.051), (-0.71, -0.04, 0.051), (-0.77, -0.04, 0.051), (-0.68, -0.07, 0.051), (-0.65, -0.07, 0.051), (-0.65, -0.04, 0.051), (-0.68, -0.04, 0.051), (-0.59, -0.07, 0.051), (-0.56, -0.07, 0.051), (-0.56, -0.04, 0.051), (-0.59, -0.04, 0.051), (-0.5, -0.07, 0.051), (-0.47, -0.07, 0.051), (-0.47, -0.04, 0.051), (-0.5, -0.04, 0.051), (-0.41, -0.07, 0.051), (-0.38, -0.07, 0.051), (-0.38, -0.04, 0.051), (-0.41, -0.04, 0.051), (-0.32, -0.07, 0.051), (-0.29, -0.07, 0.051), (-0.29, -0.04, 0.051), (-0.32, -0.04, 0.051), (-0.2, -0.07, 0.051), (-0.17, -0.07, 0.051), (-0.17, -0.04, 0.051), (-0.2, -0.04, 0.051), (-0.14, -0.07, 0.051), (-0.11, -0.07, 0.051), (-0.11, -0.04, 0.051), (-0.14, -0.04, 0.051), (-0.02, -0.07, 0.051), (0.01, -0.07, 0.051), (0.01, -0.04, 0.051), (-0.02, -0.04, 0.051), (0.1, -0.07, 0.051), (0.16, -0.07, 0.051), (0.16, -0.04, 0.051), (0.1, -0.04, 0.051), (-0.95, -0.1, 0.051), (-0.92, -0.1, 0.051), (-0.92, -0.07, 0.051), (-0.95, -0.07, 0.051), (-0.83, -0.1, 0.051), (-0.8, -0.1, 0.051), (-0.8, -0.07, 0.051), (-0.83, -0.07, 0.051), (-0.77, -0.1, 0.051), (-0.74, -0.1, 0.051), (-0.74, -0.07, 0.051), (-0.77, -0.07, 0.051), (-0.68, -0.1, 0.051), (-0.65, -0.1, 0.051), (-0.65, -0.07, 0.051), (-0.68, -0.07, 0.051), (-0.59, -0.1, 0.051), (-0.56, -0.1, 0.051), (-0.56, -0.07, 0.051), (-0.59, -0.07, 0.051), (-0.5, -0.1, 0.051), (-0.47, -0.1, 0.051), (-0.47, -0.07, 0.051), (-0.5, -0.07, 0.051), (-0.41, -0.1, 0.051), (-0.38, -0.1, 0.051), (-0.38, -0.07, 0.051), (-0.41, -0.07, 0.051), (-0.32, -0.1, 0.051), (-0.29, -0.1, 0.051), (-0.29, -0.07, 0.051), (-0.32, -0.07, 0.051), (-0.2, -0.1, 0.051), (-0.17, -0.1, 0.051), (-0.17, -0.07, 0.051), (-0.2, -0.07, 0.051), (-0.14, -0.1, 0.051), (-0.11, -0.1, 0.051), (-0.11, -0.07, 0.051), (-0.14, -0.07, 0.051), (-0.05, -0.1, 0.051), (0.01, -0.1, 0.051), (0.01, -0.07, 0.051), (-0.05, -0.07, 0.051), (0.04, -0.1, 0.051), (0.07, -0.1, 0.051), (0.07, -0.07, 0.051), (0.04, -0.07, 0.051), (0.13, -0.1, 0.051), (0.16, -0.1, 0.051), (0.16, -0.07, 0.051), (0.13, -0.07, 0.051), (-0.95, -0.13, 0.051), (-0.83, -0.13, 0.051), (-0.83, -0.1, 0.051), (-0.95, -0.1, 0.051), (-0.77, -0.13, 0.051), (-0.65, -0.13, 0.051), (-0.65, -0.1, 0.051), (-0.77, -0.1, 0.051), (-0.59, -0.13, 0.051), (-0.56, -0.13, 0.051), (-0.56, -0.1, 0.051), (-0.59, -0.1, 0.051), (-0.5, -0.13, 0.051), (-0.47, -0.13, 0.051), (-0.47, -0.1, 0.051), (-0.5, -0.1, 0.051), (-0.41, -0.13, 0.051), (-0.38, -0.13, 0.051), (-0.38, -0.1, 0.051), (-0.41, -0.1, 0.051), (-0.32, -0.13, 0.051), (-0.2, -0.13, 0.051), (-0.2, -0.1, 0.051), (-0.32, -0.1, 0.051), (-0.11, -0.13, 0.051), (0.01, -0.13, 0.051), (0.01, -0.1, 0.051), (-0.11, -0.1, 0.051), (0.04, -0.13, 0.051), (0.16, -0.13, 0.051), (0.16, -0.1, 0.051), (0.04, -0.1, 0.051), (-0.32, -0.16, 0.051), (-0.29, -0.16, 0.051), (-0.29, -0.13, 0.051), (-0.32, -0.13, 0.051), (-0.32, -0.19, 0.051), (-0.29, -0.19, 0.051), (-0.29, -0.16, 0.051), (-0.32, -0.16, 0.051)]
            color3f[] primvars:displayColor = [(0.015, 0.022, 0.028)]
            uniform token subdivisionScheme = "none"
            matrix4d xformOp:transform = ( (1, 0, 0, 0), (0, 1, 0, 0), (0, 0, 1, 0), (0, 0, 0, 1) )
            uniform token[] xformOpOrder = ["xformOp:transform"]
        }

        over "Building"
        {
            def Cube "ReviewSymbol" (
                prepend apiSchemas = ["AecoDerivedGeometryAPI", "MaterialBindingAPI"]
            )
            {
                uniform token aeco:derived:approx = "exact"
                uniform token aeco:derived:role = "symbol"
                string aeco:derived:source = "65285156-3482-564f-8265-728640299ac2"
                string aeco:derived:stamp = "core hierarchy symbols 0.9.2"
                double aeco:derived:tolerance = 0.000001
                float3[] extent = [(-0.5, -0.5, -0.5), (0.5, 0.5, 0.5)]
                rel material:binding = </ReviewMaterials/Site>
                color3f[] primvars:displayColor = [(0.2, 0.4, 0.65)]
                double size = 1
                float3 xformOp:scale = (2.12, 0.5, 0.08)
                matrix4d xformOp:transform = ( (1, 0, 0, 0), (0, 1, 0, 0), (0, 0, 1, 0), (2.5, -0.75, 0, 1) )
                uniform token[] xformOpOrder = ["xformOp:transform", "xformOp:scale"]
            }

            def Mesh "ReviewLabel" (
                prepend apiSchemas = ["AecoDerivedGeometryAPI", "MaterialBindingAPI"]
            )
            {
                uniform token aeco:derived:approx = "tessellated"
                uniform token aeco:derived:role = "symbol"
                string aeco:derived:source = "65285156-3482-564f-8265-728640299ac2"
                string aeco:derived:stamp = "core hierarchy symbols 0.9.2"
                uniform bool doubleSided = 1
                float3[] extent = [(-0.95, -0.19, 0.051), (0.22, 0.11, 0.051)]
                int[] faceVertexCounts = [4, 4, 4, 4, 4, 4, 4, 4, 4, 4, 4, 4, 4, 4, 4, 4, 4, 4, 4, 4, 4, 4, 4, 4, 4, 4, 4, 4, 4, 4, 4, 4, 4, 4, 4, 4, 4, 4, 4, 4, 4, 4, 4, 4, 4, 4, 4, 4, 4, 4, 4, 4, 4, 4, 4, 4, 4, 4, 4, 4, 4, 4, 4, 4, 4, 4, 4, 4, 4, 4, 4, 4, 4, 4, 4, 4, 4, 4, 4, 4, 4]
                int[] faceVertexIndices = [0, 1, 2, 3, 4, 5, 6, 7, 8, 9, 10, 11, 12, 13, 14, 15, 16, 17, 18, 19, 20, 21, 22, 23, 24, 25, 26, 27, 28, 29, 30, 31, 32, 33, 34, 35, 36, 37, 38, 39, 40, 41, 42, 43, 44, 45, 46, 47, 48, 49, 50, 51, 52, 53, 54, 55, 56, 57, 58, 59, 60, 61, 62, 63, 64, 65, 66, 67, 68, 69, 70, 71, 72, 73, 74, 75, 76, 77, 78, 79, 80, 81, 82, 83, 84, 85, 86, 87, 88, 89, 90, 91, 92, 93, 94, 95, 96, 97, 98, 99, 100, 101, 102, 103, 104, 105, 106, 107, 108, 109, 110, 111, 112, 113, 114, 115, 116, 117, 118, 119, 120, 121, 122, 123, 124, 125, 126, 127, 128, 129, 130, 131, 132, 133, 134, 135, 136, 137, 138, 139, 140, 141, 142, 143, 144, 145, 146, 147, 148, 149, 150, 151, 152, 153, 154, 155, 156, 157, 158, 159, 160, 161, 162, 163, 164, 165, 166, 167, 168, 169, 170, 171, 172, 173, 174, 175, 176, 177, 178, 179, 180, 181, 182, 183, 184, 185, 186, 187, 188, 189, 190, 191, 192, 193, 194, 195, 196, 197, 198, 199, 200, 201, 202, 203, 204, 205, 206, 207, 208, 209, 210, 211, 212, 213, 214, 215, 216, 217, 218, 219, 220, 221, 222, 223, 224, 225, 226, 227, 228, 229, 230, 231, 232, 233, 234, 235, 236, 237, 238, 239, 240, 241, 242, 243, 244, 245, 246, 247, 248, 249, 250, 251, 252, 253, 254, 255, 256, 257, 258, 259, 260, 261, 262, 263, 264, 265, 266, 267, 268, 269, 270, 271, 272, 273, 274, 275, 276, 277, 278, 279, 280, 281, 282, 283, 284, 285, 286, 287, 288, 289, 290, 291, 292, 293, 294, 295, 296, 297, 298, 299, 300, 301, 302, 303, 304, 305, 306, 307, 308, 309, 310, 311, 312, 313, 314, 315, 316, 317, 318, 319, 320, 321, 322, 323]
                rel material:binding = </ReviewMaterials/Ink>
                point3f[] points = [(-0.95, 0.08, 0.051), (-0.83, 0.08, 0.051), (-0.83, 0.11, 0.051), (-0.95, 0.11, 0.051), (-0.56, 0.08, 0.051), (-0.53, 0.08, 0.051), (-0.53, 0.11, 0.051), (-0.56, 0.11, 0.051), (-0.47, 0.08, 0.051), (-0.44, 0.08, 0.051), (-0.44, 0.11, 0.051), (-0.47, 0.11, 0.051), (-0.29, 0.08, 0.051), (-0.26, 0.08, 0.051), (-0.26, 0.11, 0.051), (-0.29, 0.11, 0.051), (-0.2, 0.08, 0.051), (-0.17, 0.08, 0.051), (-0.17, 0.11, 0.051), (-0.2, 0.11, 0.051), (-0.95, 0.05, 0.051), (-0.92, 0.05, 0.051), (-0.92, 0.08, 0.051), (-0.95, 0.08, 0.051), (-0.83, 0.05, 0.051), (-0.8, 0.05, 0.051), (-0.8, 0.08, 0.051), (-0.83, 0.08, 0.051), (-0.47, 0.05, 0.051), (-0.44, 0.05, 0.051), (-0.44, 0.08, 0.051), (-0.47, 0.08, 0.051), (-0.29, 0.05, 0.051), (-0.26, 0.05, 0.051), (-0.26, 0.08, 0.051), (-0.29, 0.08, 0.051), (-0.95, 0.02, 0.051), (-0.92, 0.02, 0.051), (-0.92, 0.05, 0.051), (-0.95, 0.05, 0.051), (-0.83, 0.02, 0.051), (-0.8, 0.02, 0.051), (-0.8, 0.05, 0.051), (-0.83, 0.05, 0.051), (-0.77, 0.02, 0.051), (-0.74, 0.02, 0.051), (-0.74, 0.05, 0.051), (-0.77, 0.05, 0.051), (-0.65, 0.02, 0.051), (-0.62, 0.02, 0.051), (-0.62, 0.05, 0.051), (-0.65, 0.05, 0.051), (-0.56, 0.02, 0.051), (-0.53, 0.02, 0.051), (-0.53, 0.05, 0.051), (-0.56, 0.05, 0.051), (-0.47, 0.02, 0.051), (-0.44, 0.02, 0.051), (-0.44, 0.05, 0.051), (-0.47, 0.05, 0.051), (-0.38, 0.02, 0.051), (-0.26, 0.02, 0.051), (-0.26, 0.05, 0.051), (-0.38, 0.05, 0.051), (-0.2, 0.02, 0.051), (-0.17, 0.02, 0.051), (-0.17, 0.05, 0.051), (-0.2, 0.05, 0.051), (-0.11, 0.02, 0.051), (0.01, 0.02, 0.051), (0.01, 0.05, 0.051), (-0.11, 0.05, 0.051), (0.1, 0.02, 0.051), (0.22, 0.02, 0.051), (0.22, 0.05, 0.051), (0.1, 0.05, 0.051), (-0.95, -0.01, 0.051), (-0.92, -0.01, 0.051), (-0.92, 0.02, 0.051), (-0.95, 0.02, 0.051), (-0.77, -0.01, 0.051), (-0.74, -0.01, 0.051), (-0.74, 0.02, 0.051), (-0.77, 0.02, 0.051), (-0.65, -0.01, 0.051), (-0.62, -0.01, 0.051), (-0.62, 0.02, 0.051), (-0.65, 0.02, 0.051), (-0.56, -0.01, 0.051), (-0.53, -0.01, 0.051), (-0.53, 0.02, 0.051), (-0.56, 0.02, 0.051), (-0.47, -0.01, 0.051), (-0.44, -0.01, 0.051), (-0.44, 0.02, 0.051), (-0.47, 0.02, 0.051), (-0.41, -0.01, 0.051), (-0.38, -0.01, 0.051), (-0.38, 0.02, 0.051), (-0.41, 0.02, 0.051), (-0.29, -0.01, 0.051), (-0.26, -0.01, 0.051), (-0.26, 0.02, 0.051), (-0.29, 0.02, 0.051), (-0.2, -0.01, 0.051), (-0.17, -0.01, 0.051), (-0.17, 0.02, 0.051), (-0.2, 0.02, 0.051), (-0.11, -0.01, 0.051), (-0.05, -0.01, 0.051), (-0.05, 0.02, 0.051), (-0.11, 0.02, 0.051), (0.01, -0.01, 0.051), (0.04, -0.01, 0.051), (0.04, 0.02, 0.051), (0.01, 0.02, 0.051), (0.07, -0.01, 0.051), (0.1, -0.01, 0.051), (0.1, 0.02, 0.051), (0.07, 0.02, 0.051), (0.19, -0.01, 0.051), (0.22, -0.01, 0.051), (0.22, 0.02, 0.051), (0.19, 0.02, 0.051), (-0.95, -0.04, 0.051), (-0.8, -0.04, 0.051), (-0.8, -0.01, 0.051), (-0.95, -0.01, 0.051), (-0.77, -0.04, 0.051), (-0.74, -0.04, 0.051), (-0.74, -0.01, 0.051), (-0.77, -0.01, 0.051), (-0.65, -0.04, 0.051), (-0.62, -0.04, 0.051), (-0.62, -0.01, 0.051), (-0.65, -0.01, 0.051), (-0.56, -0.04, 0.051), (-0.53, -0.04, 0.051), (-0.53, -0.01, 0.051), (-0.56, -0.01, 0.051), (-0.47, -0.04, 0.051), (-0.44, -0.04, 0.051), (-0.44, -0.01, 0.051), (-0.47, -0.01, 0.051), (-0.41, -0.04, 0.051), (-0.38, -0.04, 0.051), (-0.38, -0.01, 0.051), (-0.41, -0.01, 0.051), (-0.29, -0.04, 0.051), (-0.26, -0.04, 0.051), (-0.26, -0.01, 0.051), (-0.29, -0.01, 0.051), (-0.2, -0.04, 0.051), (-0.17, -0.04, 0.051), (-0.17, -0.01, 0.051), (-0.2, -0.01, 0.051), (-0.11, -0.04, 0.051), (-0.08, -0.04, 0.051), (-0.08, -0.01, 0.051), (-0.11, -0.01, 0.051), (0.01, -0.04, 0.051), (0.04, -0.04, 0.051), (0.04, -0.01, 0.051), (0.01, -0.01, 0.051), (0.07, -0.04, 0.051), (0.1, -0.04, 0.051), (0.1, -0.01, 0.051), (0.07, -0.01, 0.051), (0.19, -0.04, 0.051), (0.22, -0.04, 0.051), (0.22, -0.01, 0.051), (0.19, -0.01, 0.051), (-0.95, -0.07, 0.051), (-0.92, -0.07, 0.051), (-0.92, -0.04, 0.051), (-0.95, -0.04, 0.051), (-0.83, -0.07, 0.051), (-0.8, -0.07, 0.051), (-0.8, -0.04, 0.051), (-0.83, -0.04, 0.051), (-0.77, -0.07, 0.051), (-0.74, -0.07, 0.051), (-0.74, -0.04, 0.051), (-0.77, -0.04, 0.051), (-0.65, -0.07, 0.051), (-0.62, -0.07, 0.051), (-0.62, -0.04, 0.051), (-0.65, -0.04, 0.051), (-0.56, -0.07, 0.051), (-0.53, -0.07, 0.051), (-0.53, -0.04, 0.051), (-0.56, -0.04, 0.051), (-0.47, -0.07, 0.051), (-0.44, -0.07, 0.051), (-0.44, -0.04, 0.051), (-0.47, -0.04, 0.051), (-0.41, -0.07, 0.051), (-0.38, -0.07, 0.051), (-0.38, -0.04, 0.051), (-0.41, -0.04, 0.051), (-0.29, -0.07, 0.051), (-0.26, -0.07, 0.051), (-0.26, -0.04, 0.051), (-0.29, -0.04, 0.051), (-0.2, -0.07, 0.051), (-0.17, -0.07, 0.051), (-0.17, -0.04, 0.051), (-0.2, -0.04, 0.051), (-0.11, -0.07, 0.051), (-0.08, -0.07, 0.051), (-0.08, -0.04, 0.051), (-0.11, -0.04, 0.051), (0.01, -0.07, 0.051), (0.04, -0.07, 0.051), (0.04, -0.04, 0.051), (0.01, -0.04, 0.051), (0.07, -0.07, 0.051), (0.1, -0.07, 0.051), (0.1, -0.04, 0.051), (0.07, -0.04, 0.051), (0.19, -0.07, 0.051), (0.22, -0.07, 0.051), (0.22, -0.04, 0.051), (0.19, -0.04, 0.051), (-0.95, -0.1, 0.051), (-0.92, -0.1, 0.051), (-0.92, -0.07, 0.051), (-0.95, -0.07, 0.051), (-0.83, -0.1, 0.051), (-0.8, -0.1, 0.051), (-0.8, -0.07, 0.051), (-0.83, -0.07, 0.051), (-0.77, -0.1, 0.051), (-0.74, -0.1, 0.051), (-0.74, -0.07, 0.051), (-0.77, -0.07, 0.051), (-0.68, -0.1, 0.051), (-0.62, -0.1, 0.051), (-0.62, -0.07, 0.051), (-0.68, -0.07, 0.051), (-0.56, -0.1, 0.051), (-0.53, -0.1, 0.051), (-0.53, -0.07, 0.051), (-0.56, -0.07, 0.051), (-0.47, -0.1, 0.051), (-0.44, -0.1, 0.051), (-0.44, -0.07, 0.051), (-0.47, -0.07, 0.051), (-0.41, -0.1, 0.051), (-0.38, -0.1, 0.051), (-0.38, -0.07, 0.051), (-0.41, -0.07, 0.051), (-0.29, -0.1, 0.051), (-0.26, -0.1, 0.051), (-0.26, -0.07, 0.051), (-0.29, -0.07, 0.051), (-0.2, -0.1, 0.051), (-0.17, -0.1, 0.051), (-0.17, -0.07, 0.051), (-0.2, -0.07, 0.051), (-0.11, -0.1, 0.051), (-0.08, -0.1, 0.051), (-0.08, -0.07, 0.051), (-0.11, -0.07, 0.051), (0.01, -0.1, 0.051), (0.04, -0.1, 0.051), (0.04, -0.07, 0.051), (0.01, -0.07, 0.051), (0.07, -0.1, 0.051), (0.1, -0.1, 0.051), (0.1, -0.07, 0.051), (0.07, -0.07, 0.051), (0.19, -0.1, 0.051), (0.22, -0.1, 0.051), (0.22, -0.07, 0.051), (0.19, -0.07, 0.051), (-0.95, -0.13, 0.051), (-0.83, -0.13, 0.051), (-0.83, -0.1, 0.051), (-0.95, -0.1, 0.051), (-0.74, -0.13, 0.051), (-0.62, -0.13, 0.051), (-0.62, -0.1, 0.051), (-0.74, -0.1, 0.051), (-0.56, -0.13, 0.051), (-0.53, -0.13, 0.051), (-0.53, -0.1, 0.051), (-0.56, -0.1, 0.051), (-0.47, -0.13, 0.051), (-0.41, -0.13, 0.051), (-0.41, -0.1, 0.051), (-0.47, -0.1, 0.051), (-0.38, -0.13, 0.051), (-0.26, -0.13, 0.051), (-0.26, -0.1, 0.051), (-0.38, -0.1, 0.051), (-0.2, -0.13, 0.051), (-0.17, -0.13, 0.051), (-0.17, -0.1, 0.051), (-0.2, -0.1, 0.051), (-0.11, -0.13, 0.051), (-0.08, -0.13, 0.051), (-0.08, -0.1, 0.051), (-0.11, -0.1, 0.051), (0.01, -0.13, 0.051), (0.04, -0.13, 0.051), (0.04, -0.1, 0.051), (0.01, -0.1, 0.051), (0.1, -0.13, 0.051), (0.22, -0.13, 0.051), (0.22, -0.1, 0.051), (0.1, -0.1, 0.051), (0.07, -0.16, 0.051), (0.1, -0.16, 0.051), (0.1, -0.13, 0.051), (0.07, -0.13, 0.051), (0.19, -0.16, 0.051), (0.22, -0.16, 0.051), (0.22, -0.13, 0.051), (0.19, -0.13, 0.051), (0.1, -0.19, 0.051), (0.19, -0.19, 0.051), (0.19, -0.16, 0.051), (0.1, -0.16, 0.051)]
                color3f[] primvars:displayColor = [(0.015, 0.022, 0.028)]
                uniform token subdivisionScheme = "none"
                matrix4d xformOp:transform = ( (1, 0, 0, 0), (0, 1, 0, 0), (0, 0, 1, 0), (2.5, -0.75, 0, 1) )
                uniform token[] xformOpOrder = ["xformOp:transform"]
            }

            def Cube "ReviewLink0" (
                prepend apiSchemas = ["MaterialBindingAPI", "AecoDerivedGeometryAPI"]
            )
            {
                uniform token aeco:derived:approx = "exact"
                uniform token aeco:derived:role = "symbol"
                string aeco:derived:source = "65285156-3482-564f-8265-728640299ac2"
                string aeco:derived:stamp = "core hierarchy symbols 0.9.2"
                double aeco:derived:tolerance = 0.000001
                float3[] extent = [(-0.5, -0.5, -0.5), (0.5, 0.5, 0.5)]
                rel material:binding = </ReviewMaterials/Link>
                color3f[] primvars:displayColor = [(0.35, 0.4, 0.45)]
                double size = 1
                float3 xformOp:scale = (0.13, 0.04, 0.04)
                matrix4d xformOp:transform = ( (1, 0, 0, 0), (0, 1, 0, 0), (0, 0, 1, 0), (1.125, 0, 0, 1) )
                uniform token[] xformOpOrder = ["xformOp:transform", "xformOp:scale"]
            }

            def Cube "ReviewLink1" (
                prepend apiSchemas = ["MaterialBindingAPI", "AecoDerivedGeometryAPI"]
            )
            {
                uniform token aeco:derived:approx = "exact"
                uniform token aeco:derived:role = "symbol"
                string aeco:derived:source = "65285156-3482-564f-8265-728640299ac2"
                string aeco:derived:stamp = "core hierarchy symbols 0.9.2"
                double aeco:derived:tolerance = 0.000001
                float3[] extent = [(-0.5, -0.5, -0.5), (0.5, 0.5, 0.5)]
                rel material:binding = </ReviewMaterials/Link>
                color3f[] primvars:displayColor = [(0.35, 0.4, 0.45)]
                double size = 1
                float3 xformOp:scale = (0.04, 0.75, 0.04)
                matrix4d xformOp:transform = ( (1, 0, 0, 0), (0, 1, 0, 0), (0, 0, 1, 0), (1.19, -0.375, 0, 1) )
                uniform token[] xformOpOrder = ["xformOp:transform", "xformOp:scale"]
            }

            def Cube "ReviewLink2" (
                prepend apiSchemas = ["MaterialBindingAPI", "AecoDerivedGeometryAPI"]
            )
            {
                uniform token aeco:derived:approx = "exact"
                uniform token aeco:derived:role = "symbol"
                string aeco:derived:source = "65285156-3482-564f-8265-728640299ac2"
                string aeco:derived:stamp = "core hierarchy symbols 0.9.2"
                double aeco:derived:tolerance = 0.000001
                float3[] extent = [(-0.5, -0.5, -0.5), (0.5, 0.5, 0.5)]
                rel material:binding = </ReviewMaterials/Link>
                color3f[] primvars:displayColor = [(0.35, 0.4, 0.45)]
                double size = 1
                float3 xformOp:scale = (0.25, 0.04, 0.04)
                matrix4d xformOp:transform = ( (1, 0, 0, 0), (0, 1, 0, 0), (0, 0, 1, 0), (1.315, -0.75, 0, 1) )
                uniform token[] xformOpOrder = ["xformOp:transform", "xformOp:scale"]
            }

            over "HallA"
            {
                def Cube "ReviewSymbol" (
                    prepend apiSchemas = ["AecoDerivedGeometryAPI", "MaterialBindingAPI"]
                )
                {
                    uniform token aeco:derived:approx = "exact"
                    uniform token aeco:derived:role = "symbol"
                    string aeco:derived:source = "b7f12f4d-ce25-5769-a3ce-eff6b2695f94"
                    string aeco:derived:stamp = "core hierarchy symbols 0.9.2"
                    double aeco:derived:tolerance = 0.000001
                    float3[] extent = [(-0.5, -0.5, -0.5), (0.5, 0.5, 0.5)]
                    rel material:binding = </ReviewMaterials/Space>
                    color3f[] primvars:displayColor = [(0.22, 0.65, 0.67)]
                    double size = 1
                    float3 xformOp:scale = (2.12, 0.5, 0.08)
                    matrix4d xformOp:transform = ( (1, 0, 0, 0), (0, 1, 0, 0), (0, 0, 1, 0), (5, -1.5, 0, 1) )
                    uniform token[] xformOpOrder = ["xformOp:transform", "xformOp:scale"]
                }

                def Mesh "ReviewLabel" (
                    prepend apiSchemas = ["AecoDerivedGeometryAPI", "MaterialBindingAPI"]
                )
                {
                    uniform token aeco:derived:approx = "tessellated"
                    uniform token aeco:derived:role = "symbol"
                    string aeco:derived:source = "b7f12f4d-ce25-5769-a3ce-eff6b2695f94"
                    string aeco:derived:stamp = "core hierarchy symbols 0.9.2"
                    uniform bool doubleSided = 1
                    float3[] extent = [(-0.95, -0.13, 0.051), (-0.23, 0.11, 0.051)]
                    int[] faceVertexCounts = [4, 4, 4, 4, 4, 4, 4, 4, 4, 4, 4, 4, 4, 4, 4, 4, 4, 4, 4, 4, 4, 4, 4, 4, 4, 4, 4, 4, 4, 4, 4, 4, 4, 4, 4, 4, 4, 4, 4, 4, 4, 4, 4, 4, 4, 4, 4, 4, 4, 4, 4, 4]
                    int[] faceVertexIndices = [0, 1, 2, 3, 4, 5, 6, 7, 8, 9, 10, 11, 12, 13, 14, 15, 16, 17, 18, 19, 20, 21, 22, 23, 24, 25, 26, 27, 28, 29, 30, 31, 32, 33, 34, 35, 36, 37, 38, 39, 40, 41, 42, 43, 44, 45, 46, 47, 48, 49, 50, 51, 52, 53, 54, 55, 56, 57, 58, 59, 60, 61, 62, 63, 64, 65, 66, 67, 68, 69, 70, 71, 72, 73, 74, 75, 76, 77, 78, 79, 80, 81, 82, 83, 84, 85, 86, 87, 88, 89, 90, 91, 92, 93, 94, 95, 96, 97, 98, 99, 100, 101, 102, 103, 104, 105, 106, 107, 108, 109, 110, 111, 112, 113, 114, 115, 116, 117, 118, 119, 120, 121, 122, 123, 124, 125, 126, 127, 128, 129, 130, 131, 132, 133, 134, 135, 136, 137, 138, 139, 140, 141, 142, 143, 144, 145, 146, 147, 148, 149, 150, 151, 152, 153, 154, 155, 156, 157, 158, 159, 160, 161, 162, 163, 164, 165, 166, 167, 168, 169, 170, 171, 172, 173, 174, 175, 176, 177, 178, 179, 180, 181, 182, 183, 184, 185, 186, 187, 188, 189, 190, 191, 192, 193, 194, 195, 196, 197, 198, 199, 200, 201, 202, 203, 204, 205, 206, 207]
                    rel material:binding = </ReviewMaterials/Ink>
                    point3f[] points = [(-0.95, 0.08, 0.051), (-0.92, 0.08, 0.051), (-0.92, 0.11, 0.051), (-0.95, 0.11, 0.051), (-0.8, 0.08, 0.051), (-0.77, 0.08, 0.051), (-0.77, 0.11, 0.051), (-0.8, 0.11, 0.051), (-0.56, 0.08, 0.051), (-0.53, 0.08, 0.051), (-0.53, 0.11, 0.051), (-0.56, 0.11, 0.051), (-0.47, 0.08, 0.051), (-0.44, 0.08, 0.051), (-0.44, 0.11, 0.051), (-0.47, 0.11, 0.051), (-0.35, 0.08, 0.051), (-0.29, 0.08, 0.051), (-0.29, 0.11, 0.051), (-0.35, 0.11, 0.051), (-0.95, 0.05, 0.051), (-0.92, 0.05, 0.051), (-0.92, 0.08, 0.051), (-0.95, 0.08, 0.051), (-0.8, 0.05, 0.051), (-0.77, 0.05, 0.051), (-0.77, 0.08, 0.051), (-0.8, 0.08, 0.051), (-0.56, 0.05, 0.051), (-0.53, 0.05, 0.051), (-0.53, 0.08, 0.051), (-0.56, 0.08, 0.051), (-0.47, 0.05, 0.051), (-0.44, 0.05, 0.051), (-0.44, 0.08, 0.051), (-0.47, 0.08, 0.051), (-0.35, 0.05, 0.051), (-0.29, 0.05, 0.051), (-0.29, 0.08, 0.051), (-0.35, 0.08, 0.051), (-0.95, 0.02, 0.051), (-0.92, 0.02, 0.051), (-0.92, 0.05, 0.051), (-0.95, 0.05, 0.051), (-0.8, 0.02, 0.051), (-0.77, 0.02, 0.051), (-0.77, 0.05, 0.051), (-0.8, 0.05, 0.051), (-0.71, 0.02, 0.051), (-0.62, 0.02, 0.051), (-0.62, 0.05, 0.051), (-0.71, 0.05, 0.051), (-0.56, 0.02, 0.051), (-0.53, 0.02, 0.051), (-0.53, 0.05, 0.051), (-0.56, 0.05, 0.051), (-0.47, 0.02, 0.051), (-0.44, 0.02, 0.051), (-0.44, 0.05, 0.051), (-0.47, 0.05, 0.051), (-0.35, 0.02, 0.051), (-0.32, 0.02, 0.051), (-0.32, 0.05, 0.051), (-0.35, 0.05, 0.051), (-0.29, 0.02, 0.051), (-0.26, 0.02, 0.051), (-0.26, 0.05, 0.051), (-0.29, 0.05, 0.051), (-0.95, -0.01, 0.051), (-0.92, -0.01, 0.051), (-0.92, 0.02, 0.051), (-0.95, 0.02, 0.051), (-0.8, -0.01, 0.051), (-0.77, -0.01, 0.051), (-0.77, 0.02, 0.051), (-0.8, 0.02, 0.051), (-0.74, -0.01, 0.051), (-0.71, -0.01, 0.051), (-0.71, 0.02, 0.051), (-0.74, 0.02, 0.051), (-0.65, -0.01, 0.051), (-0.62, -0.01, 0.051), (-0.62, 0.02, 0.051), (-0.65, 0.02, 0.051), (-0.56, -0.01, 0.051), (-0.53, -0.01, 0.051), (-0.53, 0.02, 0.051), (-0.56, 0.02, 0.051), (-0.47, -0.01, 0.051), (-0.44, -0.01, 0.051), (-0.44, 0.02, 0.051), (-0.47, 0.02, 0.051), (-0.35, -0.01, 0.051), (-0.32, -0.01, 0.051), (-0.32, 0.02, 0.051), (-0.35, 0.02, 0.051), (-0.29, -0.01, 0.051), (-0.26, -0.01, 0.051), (-0.26, 0.02, 0.051), (-0.29, 0.02, 0.051), (-0.95, -0.04, 0.051), (-0.77, -0.04, 0.051), (-0.77, -0.01, 0.051), (-0.95, -0.01, 0.051), (-0.71, -0.04, 0.051), (-0.62, -0.04, 0.051), (-0.62, -0.01, 0.051), (-0.71, -0.01, 0.051), (-0.56, -0.04, 0.051), (-0.53, -0.04, 0.051), (-0.53, -0.01, 0.051), (-0.56, -0.01, 0.051), (-0.47, -0.04, 0.051), (-0.44, -0.04, 0.051), (-0.44, -0.01, 0.051), (-0.47, -0.01, 0.051), (-0.38, -0.04, 0.051), (-0.26, -0.04, 0.051), (-0.26, -0.01, 0.051), (-0.38, -0.01, 0.051), (-0.95, -0.07, 0.051), (-0.92, -0.07, 0.051), (-0.92, -0.04, 0.051), (-0.95, -0.04, 0.051), (-0.8, -0.07, 0.051), (-0.77, -0.07, 0.051), (-0.77, -0.04, 0.051), (-0.8, -0.04, 0.051), (-0.74, -0.07, 0.051), (-0.68, -0.07, 0.051), (-0.68, -0.04, 0.051), (-0.74, -0.04, 0.051), (-0.65, -0.07, 0.051), (-0.62, -0.07, 0.051), (-0.62, -0.04, 0.051), (-0.65, -0.04, 0.051), (-0.56, -0.07, 0.051), (-0.53, -0.07, 0.051), (-0.53, -0.04, 0.051), (-0.56, -0.04, 0.051), (-0.47, -0.07, 0.051), (-0.44, -0.07, 0.051), (-0.44, -0.04, 0.051), (-0.47, -0.04, 0.051), (-0.38, -0.07, 0.051), (-0.35, -0.07, 0.051), (-0.35, -0.04, 0.051), (-0.38, -0.04, 0.051), (-0.26, -0.07, 0.051), (-0.23, -0.07, 0.051), (-0.23, -0.04, 0.051), (-0.26, -0.04, 0.051), (-0.95, -0.1, 0.051), (-0.92, -0.1, 0.051), (-0.92, -0.07, 0.051), (-0.95, -0.07, 0.051), (-0.8, -0.1, 0.051), (-0.77, -0.1, 0.051), (-0.77, -0.07, 0.051), (-0.8, -0.07, 0.051), (-0.74, -0.1, 0.051), (-0.71, -0.1, 0.051), (-0.71, -0.07, 0.051), (-0.74, -0.07, 0.051), (-0.65, -0.1, 0.051), (-0.62, -0.1, 0.051), (-0.62, -0.07, 0.051), (-0.65, -0.07, 0.051), (-0.56, -0.1, 0.051), (-0.53, -0.1, 0.051), (-0.53, -0.07, 0.051), (-0.56, -0.07, 0.051), (-0.47, -0.1, 0.051), (-0.44, -0.1, 0.051), (-0.44, -0.07, 0.051), (-0.47, -0.07, 0.051), (-0.38, -0.1, 0.051), (-0.35, -0.1, 0.051), (-0.35, -0.07, 0.051), (-0.38, -0.07, 0.051), (-0.26, -0.1, 0.051), (-0.23, -0.1, 0.051), (-0.23, -0.07, 0.051), (-0.26, -0.07, 0.051), (-0.95, -0.13, 0.051), (-0.92, -0.13, 0.051), (-0.92, -0.1, 0.051), (-0.95, -0.1, 0.051), (-0.8, -0.13, 0.051), (-0.77, -0.13, 0.051), (-0.77, -0.1, 0.051), (-0.8, -0.1, 0.051), (-0.74, -0.13, 0.051), (-0.62, -0.13, 0.051), (-0.62, -0.1, 0.051), (-0.74, -0.1, 0.051), (-0.56, -0.13, 0.051), (-0.5, -0.13, 0.051), (-0.5, -0.1, 0.051), (-0.56, -0.1, 0.051), (-0.47, -0.13, 0.051), (-0.38, -0.13, 0.051), (-0.38, -0.1, 0.051), (-0.47, -0.1, 0.051), (-0.26, -0.13, 0.051), (-0.23, -0.13, 0.051), (-0.23, -0.1, 0.051), (-0.26, -0.1, 0.051)]
                    color3f[] primvars:displayColor = [(0.015, 0.022, 0.028)]
                    uniform token subdivisionScheme = "none"
                    matrix4d xformOp:transform = ( (1, 0, 0, 0), (0, 1, 0, 0), (0, 0, 1, 0), (5, -1.5, 0, 1) )
                    uniform token[] xformOpOrder = ["xformOp:transform"]
                }

                def Cube "ReviewLink0" (
                    prepend apiSchemas = ["MaterialBindingAPI", "AecoDerivedGeometryAPI"]
                )
                {
                    uniform token aeco:derived:approx = "exact"
                    uniform token aeco:derived:role = "symbol"
                    string aeco:derived:source = "b7f12f4d-ce25-5769-a3ce-eff6b2695f94"
                    string aeco:derived:stamp = "core hierarchy symbols 0.9.2"
                    double aeco:derived:tolerance = 0.000001
                    float3[] extent = [(-0.5, -0.5, -0.5), (0.5, 0.5, 0.5)]
                    rel material:binding = </ReviewMaterials/Link>
                    color3f[] primvars:displayColor = [(0.35, 0.4, 0.45)]
                    double size = 1
                    float3 xformOp:scale = (0.13, 0.04, 0.04)
                    matrix4d xformOp:transform = ( (1, 0, 0, 0), (0, 1, 0, 0), (0, 0, 1, 0), (3.625, -0.75, 0, 1) )
                    uniform token[] xformOpOrder = ["xformOp:transform", "xformOp:scale"]
                }

                def Cube "ReviewLink1" (
                    prepend apiSchemas = ["MaterialBindingAPI", "AecoDerivedGeometryAPI"]
                )
                {
                    uniform token aeco:derived:approx = "exact"
                    uniform token aeco:derived:role = "symbol"
                    string aeco:derived:source = "b7f12f4d-ce25-5769-a3ce-eff6b2695f94"
                    string aeco:derived:stamp = "core hierarchy symbols 0.9.2"
                    double aeco:derived:tolerance = 0.000001
                    float3[] extent = [(-0.5, -0.5, -0.5), (0.5, 0.5, 0.5)]
                    rel material:binding = </ReviewMaterials/Link>
                    color3f[] primvars:displayColor = [(0.35, 0.4, 0.45)]
                    double size = 1
                    float3 xformOp:scale = (0.04, 0.75, 0.04)
                    matrix4d xformOp:transform = ( (1, 0, 0, 0), (0, 1, 0, 0), (0, 0, 1, 0), (3.69, -1.125, 0, 1) )
                    uniform token[] xformOpOrder = ["xformOp:transform", "xformOp:scale"]
                }

                def Cube "ReviewLink2" (
                    prepend apiSchemas = ["MaterialBindingAPI", "AecoDerivedGeometryAPI"]
                )
                {
                    uniform token aeco:derived:approx = "exact"
                    uniform token aeco:derived:role = "symbol"
                    string aeco:derived:source = "b7f12f4d-ce25-5769-a3ce-eff6b2695f94"
                    string aeco:derived:stamp = "core hierarchy symbols 0.9.2"
                    double aeco:derived:tolerance = 0.000001
                    float3[] extent = [(-0.5, -0.5, -0.5), (0.5, 0.5, 0.5)]
                    rel material:binding = </ReviewMaterials/Link>
                    color3f[] primvars:displayColor = [(0.35, 0.4, 0.45)]
                    double size = 1
                    float3 xformOp:scale = (0.25, 0.04, 0.04)
                    matrix4d xformOp:transform = ( (1, 0, 0, 0), (0, 1, 0, 0), (0, 0, 1, 0), (3.815, -1.5, 0, 1) )
                    uniform token[] xformOpOrder = ["xformOp:transform", "xformOp:scale"]
                }

                over "Equipment01"
                {
                    def Cube "ReviewSymbol" (
                        prepend apiSchemas = ["AecoDerivedGeometryAPI", "MaterialBindingAPI"]
                    )
                    {
                        uniform token aeco:derived:approx = "exact"
                        uniform token aeco:derived:role = "symbol"
                        string aeco:derived:source = "d8f32536-6442-51ee-8201-dc1675e9885c"
                        string aeco:derived:stamp = "core hierarchy symbols 0.9.2"
                        double aeco:derived:tolerance = 0.000001
                        float3[] extent = [(-0.5, -0.5, -0.5), (0.5, 0.5, 0.5)]
                        rel material:binding = </ReviewMaterials/Element>
                        color3f[] primvars:displayColor = [(0.85, 0.57, 0.2)]
                        double size = 1
                        float3 xformOp:scale = (2.12, 0.5, 0.08)
                        matrix4d xformOp:transform = ( (1, 0, 0, 0), (0, 1, 0, 0), (0, 0, 1, 0), (7.5, -2.25, 0, 1) )
                        uniform token[] xformOpOrder = ["xformOp:transform", "xformOp:scale"]
                    }

                    def Mesh "ReviewLabel" (
                        prepend apiSchemas = ["AecoDerivedGeometryAPI", "MaterialBindingAPI"]
                    )
                    {
                        uniform token aeco:derived:approx = "tessellated"
                        uniform token aeco:derived:role = "symbol"
                        string aeco:derived:source = "d8f32536-6442-51ee-8201-dc1675e9885c"
                        string aeco:derived:stamp = "core hierarchy symbols 0.9.2"
                        uniform bool doubleSided = 1
                        float3[] extent = [(-0.95, -0.19, 0.051), (0.91, 0.11, 0.051)]
                        int[] faceVertexCounts = [4, 4, 4, 4, 4, 4, 4, 4, 4, 4, 4, 4, 4, 4, 4, 4, 4, 4, 4, 4, 4, 4, 4, 4, 4, 4, 4, 4, 4, 4, 4, 4, 4, 4, 4, 4, 4, 4, 4, 4, 4, 4, 4, 4, 4, 4, 4, 4, 4, 4, 4, 4, 4, 4, 4, 4, 4, 4, 4, 4, 4, 4, 4, 4, 4, 4, 4, 4, 4, 4, 4, 4, 4, 4, 4, 4, 4, 4, 4, 4, 4, 4, 4, 4, 4, 4, 4, 4, 4, 4, 4, 4, 4, 4, 4, 4, 4, 4, 4, 4, 4, 4, 4, 4, 4, 4, 4, 4, 4, 4, 4, 4, 4, 4]
                        int[] faceVertexIndices = [0, 1, 2, 3, 4, 5, 6, 7, 8, 9, 10, 11, 12, 13, 14, 15, 16, 17, 18, 19, 20, 21, 22, 23, 24, 25, 26, 27, 28, 29, 30, 31, 32, 33, 34, 35, 36, 37, 38, 39, 40, 41, 42, 43, 44, 45, 46, 47, 48, 49, 50, 51, 52, 53, 54, 55, 56, 57, 58, 59, 60, 61, 62, 63, 64, 65, 66, 67, 68, 69, 70, 71, 72, 73, 74, 75, 76, 77, 78, 79, 80, 81, 82, 83, 84, 85, 86, 87, 88, 89, 90, 91, 92, 93, 94, 95, 96, 97, 98, 99, 100, 101, 102, 103, 104, 105, 106, 107, 108, 109, 110, 111, 112, 113, 114, 115, 116, 117, 118, 119, 120, 121, 122, 123, 124, 125, 126, 127, 128, 129, 130, 131, 132, 133, 134, 135, 136, 137, 138, 139, 140, 141, 142, 143, 144, 145, 146, 147, 148, 149, 150, 151, 152, 153, 154, 155, 156, 157, 158, 159, 160, 161, 162, 163, 164, 165, 166, 167, 168, 169, 170, 171, 172, 173, 174, 175, 176, 177, 178, 179, 180, 181, 182, 183, 184, 185, 186, 187, 188, 189, 190, 191, 192, 193, 194, 195, 196, 197, 198, 199, 200, 201, 202, 203, 204, 205, 206, 207, 208, 209, 210, 211, 212, 213, 214, 215, 216, 217, 218, 219, 220, 221, 222, 223, 224, 225, 226, 227, 228, 229, 230, 231, 232, 233, 234, 235, 236, 237, 238, 239, 240, 241, 242, 243, 244, 245, 246, 247, 248, 249, 250, 251, 252, 253, 254, 255, 256, 257, 258, 259, 260, 261, 262, 263, 264, 265, 266, 267, 268, 269, 270, 271, 272, 273, 274, 275, 276, 277, 278, 279, 280, 281, 282, 283, 284, 285, 286, 287, 288, 289, 290, 291, 292, 293, 294, 295, 296, 297, 298, 299, 300, 301, 302, 303, 304, 305, 306, 307, 308, 309, 310, 311, 312, 313, 314, 315, 316, 317, 318, 319, 320, 321, 322, 323, 324, 325, 326, 327, 328, 329, 330, 331, 332, 333, 334, 335, 336, 337, 338, 339, 340, 341, 342, 343, 344, 345, 346, 347, 348, 349, 350, 351, 352, 353, 354, 355, 356, 357, 358, 359, 360, 361, 362, 363, 364, 365, 366, 367, 368, 369, 370, 371, 372, 373, 374, 375, 376, 377, 378, 379, 380, 381, 382, 383, 384, 385, 386, 387, 388, 389, 390, 391, 392, 393, 394, 395, 396, 397, 398, 399, 400, 401, 402, 403, 404, 405, 406, 407, 408, 409, 410, 411, 412, 413, 414, 415, 416, 417, 418, 419, 420, 421, 422, 423, 424, 425, 426, 427, 428, 429, 430, 431, 432, 433, 434, 435, 436, 437, 438, 439, 440, 441, 442, 443, 444, 445, 446, 447, 448, 449, 450, 451, 452, 453, 454, 455]
                        rel material:binding = </ReviewMaterials/Ink>
                        point3f[] points = [(-0.95, 0.08, 0.051), (-0.8, 0.08, 0.051), (-0.8, 0.11, 0.051), (-0.95, 0.11, 0.051), (-0.38, 0.08, 0.051), (-0.35, 0.08, 0.051), (-0.35, 0.11, 0.051), (-0.38, 0.11, 0.051), (0.55, 0.08, 0.051), (0.58, 0.08, 0.051), (0.58, 0.11, 0.051), (0.55, 0.11, 0.051), (0.64, 0.08, 0.051), (0.73, 0.08, 0.051), (0.73, 0.11, 0.051), (0.64, 0.11, 0.051), (0.85, 0.08, 0.051), (0.91, 0.08, 0.051), (0.91, 0.11, 0.051), (0.85, 0.11, 0.051), (-0.95, 0.05, 0.051), (-0.92, 0.05, 0.051), (-0.92, 0.08, 0.051), (-0.95, 0.08, 0.051), (0.55, 0.05, 0.051), (0.58, 0.05, 0.051), (0.58, 0.08, 0.051), (0.55, 0.08, 0.051), (0.61, 0.05, 0.051), (0.67, 0.05, 0.051), (0.67, 0.08, 0.051), (0.61, 0.08, 0.051), (0.7, 0.05, 0.051), (0.76, 0.05, 0.051), (0.76, 0.08, 0.051), (0.7, 0.08, 0.051), (0.82, 0.05, 0.051), (0.91, 0.05, 0.051), (0.91, 0.08, 0.051), (0.82, 0.08, 0.051), (-0.95, 0.02, 0.051), (-0.92, 0.02, 0.051), (-0.92, 0.05, 0.051), (-0.95, 0.05, 0.051), (-0.77, 0.02, 0.051), (-0.65, 0.02, 0.051), (-0.65, 0.05, 0.051), (-0.77, 0.05, 0.051), (-0.59, 0.02, 0.051), (-0.56, 0.02, 0.051), (-0.56, 0.05, 0.051), (-0.59, 0.05, 0.051), (-0.47, 0.02, 0.051), (-0.44, 0.02, 0.051), (-0.44, 0.05, 0.051), (-0.47, 0.05, 0.051), (-0.38, 0.02, 0.051), (-0.35, 0.02, 0.051), (-0.35, 0.05, 0.051), (-0.38, 0.05, 0.051), (-0.29, 0.02, 0.051), (-0.17, 0.02, 0.051), (-0.17, 0.05, 0.051), (-0.29, 0.05, 0.051), (-0.11, 0.02, 0.051), (0.1, 0.02, 0.051), (0.1, 0.05, 0.051), (-0.11, 0.05, 0.051), (0.16, 0.02, 0.051), (0.25, 0.02, 0.051), (0.25, 0.05, 0.051), (0.16, 0.05, 0.051), (0.34, 0.02, 0.051), (0.46, 0.02, 0.051), (0.46, 0.05, 0.051), (0.34, 0.05, 0.051), (0.52, 0.02, 0.051), (0.64, 0.02, 0.051), (0.64, 0.05, 0.051), (0.52, 0.05, 0.051), (0.73, 0.02, 0.051), (0.76, 0.02, 0.051), (0.76, 0.05, 0.051), (0.73, 0.05, 0.051), (0.88, 0.02, 0.051), (0.91, 0.02, 0.051), (0.91, 0.05, 0.051), (0.88, 0.05, 0.051), (-0.95, -0.01, 0.051), (-0.92, -0.01, 0.051), (-0.92, 0.02, 0.051), (-0.95, 0.02, 0.051), (-0.8, -0.01, 0.051), (-0.77, -0.01, 0.051), (-0.77, 0.02, 0.051), (-0.8, 0.02, 0.051), (-0.68, -0.01, 0.051), (-0.65, -0.01, 0.051), (-0.65, 0.02, 0.051), (-0.68, 0.02, 0.051), (-0.59, -0.01, 0.051), (-0.56, -0.01, 0.051), (-0.56, 0.02, 0.051), (-0.59, 0.02, 0.051), (-0.47, -0.01, 0.051), (-0.44, -0.01, 0.051), (-0.44, 0.02, 0.051), (-0.47, 0.02, 0.051), (-0.38, -0.01, 0.051), (-0.35, -0.01, 0.051), (-0.35, 0.02, 0.051), (-0.38, 0.02, 0.051), (-0.29, -0.01, 0.051), (-0.26, -0.01, 0.051), (-0.26, 0.02, 0.051), (-0.29, 0.02, 0.051), (-0.17, -0.01, 0.051), (-0.14, -0.01, 0.051), (-0.14, 0.02, 0.051), (-0.17, 0.02, 0.051), (-0.11, -0.01, 0.051), (-0.08, -0.01, 0.051), (-0.08, 0.02, 0.051), (-0.11, 0.02, 0.051), (-0.02, -0.01, 0.051), (0.01, -0.01, 0.051), (0.01, 0.02, 0.051), (-0.02, 0.02, 0.051), (0.07, -0.01, 0.051), (0.1, -0.01, 0.051), (0.1, 0.02, 0.051), (0.07, 0.02, 0.051), (0.13, -0.01, 0.051), (0.16, -0.01, 0.051), (0.16, 0.02, 0.051), (0.13, 0.02, 0.051), (0.25, -0.01, 0.051), (0.28, -0.01, 0.051), (0.28, 0.02, 0.051), (0.25, 0.02, 0.051), (0.34, -0.01, 0.051), (0.4, -0.01, 0.051), (0.4, 0.02, 0.051), (0.34, 0.02, 0.051), (0.46, -0.01, 0.051), (0.49, -0.01, 0.051), (0.49, 0.02, 0.051), (0.46, 0.02, 0.051), (0.55, -0.01, 0.051), (0.58, -0.01, 0.051), (0.58, 0.02, 0.051), (0.55, 0.02, 0.051), (0.61, -0.01, 0.051), (0.64, -0.01, 0.051), (0.64, 0.02, 0.051), (0.61, 0.02, 0.051), (0.73, -0.01, 0.051), (0.76, -0.01, 0.051), (0.76, 0.02, 0.051), (0.73, 0.02, 0.051), (0.88, -0.01, 0.051), (0.91, -0.01, 0.051), (0.91, 0.02, 0.051), (0.88, 0.02, 0.051), (-0.95, -0.04, 0.051), (-0.83, -0.04, 0.051), (-0.83, -0.01, 0.051), (-0.95, -0.01, 0.051), (-0.8, -0.04, 0.051), (-0.77, -0.04, 0.051), (-0.77, -0.01, 0.051), (-0.8, -0.01, 0.051), (-0.68, -0.04, 0.051), (-0.65, -0.04, 0.051), (-0.65, -0.01, 0.051), (-0.68, -0.01, 0.051), (-0.59, -0.04, 0.051), (-0.56, -0.04, 0.051), (-0.56, -0.01, 0.051), (-0.59, -0.01, 0.051), (-0.47, -0.04, 0.051), (-0.44, -0.04, 0.051), (-0.44, -0.01, 0.051), (-0.47, -0.01, 0.051), (-0.38, -0.04, 0.051), (-0.35, -0.04, 0.051), (-0.35, -0.01, 0.051), (-0.38, -0.01, 0.051), (-0.29, -0.04, 0.051), (-0.26, -0.04, 0.051), (-0.26, -0.01, 0.051), (-0.29, -0.01, 0.051), (-0.17, -0.04, 0.051), (-0.14, -0.04, 0.051), (-0.14, -0.01, 0.051), (-0.17, -0.01, 0.051), (-0.11, -0.04, 0.051), (-0.08, -0.04, 0.051), (-0.08, -0.01, 0.051), (-0.11, -0.01, 0.051), (-0.02, -0.04, 0.051), (0.01, -0.04, 0.051), (0.01, -0.01, 0.051), (-0.02, -0.01, 0.051), (0.07, -0.04, 0.051), (0.1, -0.04, 0.051), (0.1, -0.01, 0.051), (0.07, -0.01, 0.051), (0.13, -0.04, 0.051), (0.28, -0.04, 0.051), (0.28, -0.01, 0.051), (0.13, -0.01, 0.051), (0.34, -0.04, 0.051), (0.37, -0.04, 0.051), (0.37, -0.01, 0.051), (0.34, -0.01, 0.051), (0.46, -0.04, 0.051), (0.49, -0.04, 0.051), (0.49, -0.01, 0.051), (0.46, -0.01, 0.051), (0.55, -0.04, 0.051), (0.58, -0.04, 0.051), (0.58, -0.01, 0.051), (0.55, -0.01, 0.051), (0.61, -0.04, 0.051), (0.64, -0.04, 0.051), (0.64, -0.01, 0.051), (0.61, -0.01, 0.051), (0.73, -0.04, 0.051), (0.76, -0.04, 0.051), (0.76, -0.01, 0.051), (0.73, -0.01, 0.051), (0.88, -0.04, 0.051), (0.91, -0.04, 0.051), (0.91, -0.01, 0.051), (0.88, -0.01, 0.051), (-0.95, -0.07, 0.051), (-0.92, -0.07, 0.051), (-0.92, -0.04, 0.051), (-0.95, -0.04, 0.051), (-0.8, -0.07, 0.051), (-0.77, -0.07, 0.051), (-0.77, -0.04, 0.051), (-0.8, -0.04, 0.051), (-0.68, -0.07, 0.051), (-0.65, -0.07, 0.051), (-0.65, -0.04, 0.051), (-0.68, -0.04, 0.051), (-0.59, -0.07, 0.051), (-0.56, -0.07, 0.051), (-0.56, -0.04, 0.051), (-0.59, -0.04, 0.051), (-0.47, -0.07, 0.051), (-0.44, -0.07, 0.051), (-0.44, -0.04, 0.051), (-0.47, -0.04, 0.051), (-0.38, -0.07, 0.051), (-0.35, -0.07, 0.051), (-0.35, -0.04, 0.051), (-0.38, -0.04, 0.051), (-0.29, -0.07, 0.051), (-0.26, -0.07, 0.051), (-0.26, -0.04, 0.051), (-0.29, -0.04, 0.051), (-0.17, -0.07, 0.051), (-0.14, -0.07, 0.051), (-0.14, -0.04, 0.051), (-0.17, -0.04, 0.051), (-0.11, -0.07, 0.051), (-0.08, -0.07, 0.051), (-0.08, -0.04, 0.051), (-0.11, -0.04, 0.051), (-0.02, -0.07, 0.051), (0.01, -0.07, 0.051), (0.01, -0.04, 0.051), (-0.02, -0.04, 0.051), (0.07, -0.07, 0.051), (0.1, -0.07, 0.051), (0.1, -0.04, 0.051), (0.07, -0.04, 0.051), (0.13, -0.07, 0.051), (0.16, -0.07, 0.051), (0.16, -0.04, 0.051), (0.13, -0.04, 0.051), (0.34, -0.07, 0.051), (0.37, -0.07, 0.051), (0.37, -0.04, 0.051), (0.34, -0.04, 0.051), (0.46, -0.07, 0.051), (0.49, -0.07, 0.051), (0.49, -0.04, 0.051), (0.46, -0.04, 0.051), (0.55, -0.07, 0.051), (0.58, -0.07, 0.051), (0.58, -0.04, 0.051), (0.55, -0.04, 0.051), (0.61, -0.07, 0.051), (0.64, -0.07, 0.051), (0.64, -0.04, 0.051), (0.61, -0.04, 0.051), (0.73, -0.07, 0.051), (0.76, -0.07, 0.051), (0.76, -0.04, 0.051), (0.73, -0.04, 0.051), (0.88, -0.07, 0.051), (0.91, -0.07, 0.051), (0.91, -0.04, 0.051), (0.88, -0.04, 0.051), (-0.95, -0.1, 0.051), (-0.92, -0.1, 0.051), (-0.92, -0.07, 0.051), (-0.95, -0.07, 0.051), (-0.8, -0.1, 0.051), (-0.77, -0.1, 0.051), (-0.77, -0.07, 0.051), (-0.8, -0.07, 0.051), (-0.68, -0.1, 0.051), (-0.65, -0.1, 0.051), (-0.65, -0.07, 0.051), (-0.68, -0.07, 0.051), (-0.59, -0.1, 0.051), (-0.56, -0.1, 0.051), (-0.56, -0.07, 0.051), (-0.59, -0.07, 0.051), (-0.5, -0.1, 0.051), (-0.44, -0.1, 0.051), (-0.44, -0.07, 0.051), (-0.5, -0.07, 0.051), (-0.38, -0.1, 0.051), (-0.35, -0.1, 0.051), (-0.35, -0.07, 0.051), (-0.38, -0.07, 0.051), (-0.29, -0.1, 0.051), (-0.26, -0.1, 0.051), (-0.26, -0.07, 0.051), (-0.29, -0.07, 0.051), (-0.17, -0.1, 0.051), (-0.14, -0.1, 0.051), (-0.14, -0.07, 0.051), (-0.17, -0.07, 0.051), (-0.11, -0.1, 0.051), (-0.08, -0.1, 0.051), (-0.08, -0.07, 0.051), (-0.11, -0.07, 0.051), (-0.02, -0.1, 0.051), (0.01, -0.1, 0.051), (0.01, -0.07, 0.051), (-0.02, -0.07, 0.051), (0.07, -0.1, 0.051), (0.1, -0.1, 0.051), (0.1, -0.07, 0.051), (0.07, -0.07, 0.051), (0.13, -0.1, 0.051), (0.16, -0.1, 0.051), (0.16, -0.07, 0.051), (0.13, -0.07, 0.051), (0.25, -0.1, 0.051), (0.28, -0.1, 0.051), (0.28, -0.07, 0.051), (0.25, -0.07, 0.051), (0.34, -0.1, 0.051), (0.37, -0.1, 0.051), (0.37, -0.07, 0.051), (0.34, -0.07, 0.051), (0.46, -0.1, 0.051), (0.49, -0.1, 0.051), (0.49, -0.07, 0.051), (0.46, -0.07, 0.051), (0.55, -0.1, 0.051), (0.58, -0.1, 0.051), (0.58, -0.07, 0.051), (0.55, -0.07, 0.051), (0.61, -0.1, 0.051), (0.67, -0.1, 0.051), (0.67, -0.07, 0.051), (0.61, -0.07, 0.051), (0.7, -0.1, 0.051), (0.76, -0.1, 0.051), (0.76, -0.07, 0.051), (0.7, -0.07, 0.051), (0.88, -0.1, 0.051), (0.91, -0.1, 0.051), (0.91, -0.07, 0.051), (0.88, -0.07, 0.051), (-0.95, -0.13, 0.051), (-0.8, -0.13, 0.051), (-0.8, -0.1, 0.051), (-0.95, -0.1, 0.051), (-0.77, -0.13, 0.051), (-0.65, -0.13, 0.051), (-0.65, -0.1, 0.051), (-0.77, -0.1, 0.051), (-0.56, -0.13, 0.051), (-0.44, -0.13, 0.051), (-0.44, -0.1, 0.051), (-0.56, -0.1, 0.051), (-0.38, -0.13, 0.051), (-0.35, -0.13, 0.051), (-0.35, -0.1, 0.051), (-0.38, -0.1, 0.051), (-0.29, -0.13, 0.051), (-0.17, -0.13, 0.051), (-0.17, -0.1, 0.051), (-0.29, -0.1, 0.051), (-0.11, -0.13, 0.051), (-0.08, -0.13, 0.051), (-0.08, -0.1, 0.051), (-0.11, -0.1, 0.051), (-0.02, -0.13, 0.051), (0.01, -0.13, 0.051), (0.01, -0.1, 0.051), (-0.02, -0.1, 0.051), (0.07, -0.13, 0.051), (0.1, -0.13, 0.051), (0.1, -0.1, 0.051), (0.07, -0.1, 0.051), (0.16, -0.13, 0.051), (0.25, -0.13, 0.051), (0.25, -0.1, 0.051), (0.16, -0.1, 0.051), (0.34, -0.13, 0.051), (0.37, -0.13, 0.051), (0.37, -0.1, 0.051), (0.34, -0.1, 0.051), (0.46, -0.13, 0.051), (0.49, -0.13, 0.051), (0.49, -0.1, 0.051), (0.46, -0.1, 0.051), (0.55, -0.13, 0.051), (0.61, -0.13, 0.051), (0.61, -0.1, 0.051), (0.55, -0.1, 0.051), (0.64, -0.13, 0.051), (0.73, -0.13, 0.051), (0.73, -0.1, 0.051), (0.64, -0.1, 0.051), (0.88, -0.13, 0.051), (0.91, -0.13, 0.051), (0.91, -0.1, 0.051), (0.88, -0.1, 0.051), (-0.68, -0.16, 0.051), (-0.65, -0.16, 0.051), (-0.65, -0.13, 0.051), (-0.68, -0.13, 0.051), (-0.29, -0.16, 0.051), (-0.26, -0.16, 0.051), (-0.26, -0.13, 0.051), (-0.29, -0.13, 0.051), (-0.68, -0.19, 0.051), (-0.65, -0.19, 0.051), (-0.65, -0.16, 0.051), (-0.68, -0.16, 0.051), (-0.29, -0.19, 0.051), (-0.26, -0.19, 0.051), (-0.26, -0.16, 0.051), (-0.29, -0.16, 0.051)]
                        color3f[] primvars:displayColor = [(0.015, 0.022, 0.028)]
                        uniform token subdivisionScheme = "none"
                        matrix4d xformOp:transform = ( (1, 0, 0, 0), (0, 1, 0, 0), (0, 0, 1, 0), (7.5, -2.25, 0, 1) )
                        uniform token[] xformOpOrder = ["xformOp:transform"]
                    }

                    def Cube "ReviewLink0" (
                        prepend apiSchemas = ["MaterialBindingAPI", "AecoDerivedGeometryAPI"]
                    )
                    {
                        uniform token aeco:derived:approx = "exact"
                        uniform token aeco:derived:role = "symbol"
                        string aeco:derived:source = "d8f32536-6442-51ee-8201-dc1675e9885c"
                        string aeco:derived:stamp = "core hierarchy symbols 0.9.2"
                        double aeco:derived:tolerance = 0.000001
                        float3[] extent = [(-0.5, -0.5, -0.5), (0.5, 0.5, 0.5)]
                        rel material:binding = </ReviewMaterials/Link>
                        color3f[] primvars:displayColor = [(0.35, 0.4, 0.45)]
                        double size = 1
                        float3 xformOp:scale = (0.13, 0.04, 0.04)
                        matrix4d xformOp:transform = ( (1, 0, 0, 0), (0, 1, 0, 0), (0, 0, 1, 0), (6.125, -1.5, 0, 1) )
                        uniform token[] xformOpOrder = ["xformOp:transform", "xformOp:scale"]
                    }

                    def Cube "ReviewLink1" (
                        prepend apiSchemas = ["MaterialBindingAPI", "AecoDerivedGeometryAPI"]
                    )
                    {
                        uniform token aeco:derived:approx = "exact"
                        uniform token aeco:derived:role = "symbol"
                        string aeco:derived:source = "d8f32536-6442-51ee-8201-dc1675e9885c"
                        string aeco:derived:stamp = "core hierarchy symbols 0.9.2"
                        double aeco:derived:tolerance = 0.000001
                        float3[] extent = [(-0.5, -0.5, -0.5), (0.5, 0.5, 0.5)]
                        rel material:binding = </ReviewMaterials/Link>
                        color3f[] primvars:displayColor = [(0.35, 0.4, 0.45)]
                        double size = 1
                        float3 xformOp:scale = (0.04, 0.75, 0.04)
                        matrix4d xformOp:transform = ( (1, 0, 0, 0), (0, 1, 0, 0), (0, 0, 1, 0), (6.19, -1.875, 0, 1) )
                        uniform token[] xformOpOrder = ["xformOp:transform", "xformOp:scale"]
                    }

                    def Cube "ReviewLink2" (
                        prepend apiSchemas = ["MaterialBindingAPI", "AecoDerivedGeometryAPI"]
                    )
                    {
                        uniform token aeco:derived:approx = "exact"
                        uniform token aeco:derived:role = "symbol"
                        string aeco:derived:source = "d8f32536-6442-51ee-8201-dc1675e9885c"
                        string aeco:derived:stamp = "core hierarchy symbols 0.9.2"
                        double aeco:derived:tolerance = 0.000001
                        float3[] extent = [(-0.5, -0.5, -0.5), (0.5, 0.5, 0.5)]
                        rel material:binding = </ReviewMaterials/Link>
                        color3f[] primvars:displayColor = [(0.35, 0.4, 0.45)]
                        double size = 1
                        float3 xformOp:scale = (0.25, 0.04, 0.04)
                        matrix4d xformOp:transform = ( (1, 0, 0, 0), (0, 1, 0, 0), (0, 0, 1, 0), (6.3149999999999995, -2.25, 0, 1) )
                        uniform token[] xformOpOrder = ["xformOp:transform", "xformOp:scale"]
                    }
                }

                over "Equipment02"
                {
                    def Cube "ReviewSymbol" (
                        prepend apiSchemas = ["AecoDerivedGeometryAPI", "MaterialBindingAPI"]
                    )
                    {
                        uniform token aeco:derived:approx = "exact"
                        uniform token aeco:derived:role = "symbol"
                        string aeco:derived:source = "d9750c20-da13-564d-93d3-45a1c3b37ef6"
                        string aeco:derived:stamp = "core hierarchy symbols 0.9.2"
                        double aeco:derived:tolerance = 0.000001
                        float3[] extent = [(-0.5, -0.5, -0.5), (0.5, 0.5, 0.5)]
                        rel material:binding = </ReviewMaterials/Element>
                        color3f[] primvars:displayColor = [(0.85, 0.57, 0.2)]
                        double size = 1
                        float3 xformOp:scale = (2.12, 0.5, 0.08)
                        matrix4d xformOp:transform = ( (1, 0, 0, 0), (0, 1, 0, 0), (0, 0, 1, 0), (7.5, -3, 0, 1) )
                        uniform token[] xformOpOrder = ["xformOp:transform", "xformOp:scale"]
                    }

                    def Mesh "ReviewLabel" (
                        prepend apiSchemas = ["AecoDerivedGeometryAPI", "MaterialBindingAPI"]
                    )
                    {
                        uniform token aeco:derived:approx = "tessellated"
                        uniform token aeco:derived:role = "symbol"
                        string aeco:derived:source = "d9750c20-da13-564d-93d3-45a1c3b37ef6"
                        string aeco:derived:stamp = "core hierarchy symbols 0.9.2"
                        uniform bool doubleSided = 1
                        float3[] extent = [(-0.95, -0.19, 0.051), (0.94, 0.11, 0.051)]
                        int[] faceVertexCounts = [4, 4, 4, 4, 4, 4, 4, 4, 4, 4, 4, 4, 4, 4, 4, 4, 4, 4, 4, 4, 4, 4, 4, 4, 4, 4, 4, 4, 4, 4, 4, 4, 4, 4, 4, 4, 4, 4, 4, 4, 4, 4, 4, 4, 4, 4, 4, 4, 4, 4, 4, 4, 4, 4, 4, 4, 4, 4, 4, 4, 4, 4, 4, 4, 4, 4, 4, 4, 4, 4, 4, 4, 4, 4, 4, 4, 4, 4, 4, 4, 4, 4, 4, 4, 4, 4, 4, 4, 4, 4, 4, 4, 4, 4, 4, 4, 4, 4, 4, 4, 4, 4, 4, 4, 4, 4, 4, 4, 4, 4, 4, 4, 4, 4, 4]
                        int[] faceVertexIndices = [0, 1, 2, 3, 4, 5, 6, 7, 8, 9, 10, 11, 12, 13, 14, 15, 16, 17, 18, 19, 20, 21, 22, 23, 24, 25, 26, 27, 28, 29, 30, 31, 32, 33, 34, 35, 36, 37, 38, 39, 40, 41, 42, 43, 44, 45, 46, 47, 48, 49, 50, 51, 52, 53, 54, 55, 56, 57, 58, 59, 60, 61, 62, 63, 64, 65, 66, 67, 68, 69, 70, 71, 72, 73, 74, 75, 76, 77, 78, 79, 80, 81, 82, 83, 84, 85, 86, 87, 88, 89, 90, 91, 92, 93, 94, 95, 96, 97, 98, 99, 100, 101, 102, 103, 104, 105, 106, 107, 108, 109, 110, 111, 112, 113, 114, 115, 116, 117, 118, 119, 120, 121, 122, 123, 124, 125, 126, 127, 128, 129, 130, 131, 132, 133, 134, 135, 136, 137, 138, 139, 140, 141, 142, 143, 144, 145, 146, 147, 148, 149, 150, 151, 152, 153, 154, 155, 156, 157, 158, 159, 160, 161, 162, 163, 164, 165, 166, 167, 168, 169, 170, 171, 172, 173, 174, 175, 176, 177, 178, 179, 180, 181, 182, 183, 184, 185, 186, 187, 188, 189, 190, 191, 192, 193, 194, 195, 196, 197, 198, 199, 200, 201, 202, 203, 204, 205, 206, 207, 208, 209, 210, 211, 212, 213, 214, 215, 216, 217, 218, 219, 220, 221, 222, 223, 224, 225, 226, 227, 228, 229, 230, 231, 232, 233, 234, 235, 236, 237, 238, 239, 240, 241, 242, 243, 244, 245, 246, 247, 248, 249, 250, 251, 252, 253, 254, 255, 256, 257, 258, 259, 260, 261, 262, 263, 264, 265, 266, 267, 268, 269, 270, 271, 272, 273, 274, 275, 276, 277, 278, 279, 280, 281, 282, 283, 284, 285, 286, 287, 288, 289, 290, 291, 292, 293, 294, 295, 296, 297, 298, 299, 300, 301, 302, 303, 304, 305, 306, 307, 308, 309, 310, 311, 312, 313, 314, 315, 316, 317, 318, 319, 320, 321, 322, 323, 324, 325, 326, 327, 328, 329, 330, 331, 332, 333, 334, 335, 336, 337, 338, 339, 340, 341, 342, 343, 344, 345, 346, 347, 348, 349, 350, 351, 352, 353, 354, 355, 356, 357, 358, 359, 360, 361, 362, 363, 364, 365, 366, 367, 368, 369, 370, 371, 372, 373, 374, 375, 376, 377, 378, 379, 380, 381, 382, 383, 384, 385, 386, 387, 388, 389, 390, 391, 392, 393, 394, 395, 396, 397, 398, 399, 400, 401, 402, 403, 404, 405, 406, 407, 408, 409, 410, 411, 412, 413, 414, 415, 416, 417, 418, 419, 420, 421, 422, 423, 424, 425, 426, 427, 428, 429, 430, 431, 432, 433, 434, 435, 436, 437, 438, 439, 440, 441, 442, 443, 444, 445, 446, 447, 448, 449, 450, 451, 452, 453, 454, 455, 456, 457, 458, 459]
                        rel material:binding = </ReviewMaterials/Ink>
                        point3f[] points = [(-0.95, 0.08, 0.051), (-0.8, 0.08, 0.051), (-0.8, 0.11, 0.051), (-0.95, 0.11, 0.051), (-0.38, 0.08, 0.051), (-0.35, 0.08, 0.051), (-0.35, 0.11, 0.051), (-0.38, 0.11, 0.051), (0.55, 0.08, 0.051), (0.58, 0.08, 0.051), (0.58, 0.11, 0.051), (0.55, 0.11, 0.051), (0.64, 0.08, 0.051), (0.73, 0.08, 0.051), (0.73, 0.11, 0.051), (0.64, 0.11, 0.051), (0.85, 0.08, 0.051), (0.91, 0.08, 0.051), (0.91, 0.11, 0.051), (0.85, 0.11, 0.051), (-0.95, 0.05, 0.051), (-0.92, 0.05, 0.051), (-0.92, 0.08, 0.051), (-0.95, 0.08, 0.051), (0.55, 0.05, 0.051), (0.58, 0.05, 0.051), (0.58, 0.08, 0.051), (0.55, 0.08, 0.051), (0.61, 0.05, 0.051), (0.67, 0.05, 0.051), (0.67, 0.08, 0.051), (0.61, 0.08, 0.051), (0.7, 0.05, 0.051), (0.76, 0.05, 0.051), (0.76, 0.08, 0.051), (0.7, 0.08, 0.051), (0.82, 0.05, 0.051), (0.85, 0.05, 0.051), (0.85, 0.08, 0.051), (0.82, 0.08, 0.051), (0.91, 0.05, 0.051), (0.94, 0.05, 0.051), (0.94, 0.08, 0.051), (0.91, 0.08, 0.051), (-0.95, 0.02, 0.051), (-0.92, 0.02, 0.051), (-0.92, 0.05, 0.051), (-0.95, 0.05, 0.051), (-0.77, 0.02, 0.051), (-0.65, 0.02, 0.051), (-0.65, 0.05, 0.051), (-0.77, 0.05, 0.051), (-0.59, 0.02, 0.051), (-0.56, 0.02, 0.051), (-0.56, 0.05, 0.051), (-0.59, 0.05, 0.051), (-0.47, 0.02, 0.051), (-0.44, 0.02, 0.051), (-0.44, 0.05, 0.051), (-0.47, 0.05, 0.051), (-0.38, 0.02, 0.051), (-0.35, 0.02, 0.051), (-0.35, 0.05, 0.051), (-0.38, 0.05, 0.051), (-0.29, 0.02, 0.051), (-0.17, 0.02, 0.051), (-0.17, 0.05, 0.051), (-0.29, 0.05, 0.051), (-0.11, 0.02, 0.051), (0.1, 0.02, 0.051), (0.1, 0.05, 0.051), (-0.11, 0.05, 0.051), (0.16, 0.02, 0.051), (0.25, 0.02, 0.051), (0.25, 0.05, 0.051), (0.16, 0.05, 0.051), (0.34, 0.02, 0.051), (0.46, 0.02, 0.051), (0.46, 0.05, 0.051), (0.34, 0.05, 0.051), (0.52, 0.02, 0.051), (0.64, 0.02, 0.051), (0.64, 0.05, 0.051), (0.52, 0.05, 0.051), (0.73, 0.02, 0.051), (0.76, 0.02, 0.051), (0.76, 0.05, 0.051), (0.73, 0.05, 0.051), (0.91, 0.02, 0.051), (0.94, 0.02, 0.051), (0.94, 0.05, 0.051), (0.91, 0.05, 0.051), (-0.95, -0.01, 0.051), (-0.92, -0.01, 0.051), (-0.92, 0.02, 0.051), (-0.95, 0.02, 0.051), (-0.8, -0.01, 0.051), (-0.77, -0.01, 0.051), (-0.77, 0.02, 0.051), (-0.8, 0.02, 0.051), (-0.68, -0.01, 0.051), (-0.65, -0.01, 0.051), (-0.65, 0.02, 0.051), (-0.68, 0.02, 0.051), (-0.59, -0.01, 0.051), (-0.56, -0.01, 0.051), (-0.56, 0.02, 0.051), (-0.59, 0.02, 0.051), (-0.47, -0.01, 0.051), (-0.44, -0.01, 0.051), (-0.44, 0.02, 0.051), (-0.47, 0.02, 0.051), (-0.38, -0.01, 0.051), (-0.35, -0.01, 0.051), (-0.35, 0.02, 0.051), (-0.38, 0.02, 0.051), (-0.29, -0.01, 0.051), (-0.26, -0.01, 0.051), (-0.26, 0.02, 0.051), (-0.29, 0.02, 0.051), (-0.17, -0.01, 0.051), (-0.14, -0.01, 0.051), (-0.14, 0.02, 0.051), (-0.17, 0.02, 0.051), (-0.11, -0.01, 0.051), (-0.08, -0.01, 0.051), (-0.08, 0.02, 0.051), (-0.11, 0.02, 0.051), (-0.02, -0.01, 0.051), (0.01, -0.01, 0.051), (0.01, 0.02, 0.051), (-0.02, 0.02, 0.051), (0.07, -0.01, 0.051), (0.1, -0.01, 0.051), (0.1, 0.02, 0.051), (0.07, 0.02, 0.051), (0.13, -0.01, 0.051), (0.16, -0.01, 0.051), (0.16, 0.02, 0.051), (0.13, 0.02, 0.051), (0.25, -0.01, 0.051), (0.28, -0.01, 0.051), (0.28, 0.02, 0.051), (0.25, 0.02, 0.051), (0.34, -0.01, 0.051), (0.4, -0.01, 0.051), (0.4, 0.02, 0.051), (0.34, 0.02, 0.051), (0.46, -0.01, 0.051), (0.49, -0.01, 0.051), (0.49, 0.02, 0.051), (0.46, 0.02, 0.051), (0.55, -0.01, 0.051), (0.58, -0.01, 0.051), (0.58, 0.02, 0.051), (0.55, 0.02, 0.051), (0.61, -0.01, 0.051), (0.64, -0.01, 0.051), (0.64, 0.02, 0.051), (0.61, 0.02, 0.051), (0.73, -0.01, 0.051), (0.76, -0.01, 0.051), (0.76, 0.02, 0.051), (0.73, 0.02, 0.051), (0.91, -0.01, 0.051), (0.94, -0.01, 0.051), (0.94, 0.02, 0.051), (0.91, 0.02, 0.051), (-0.95, -0.04, 0.051), (-0.83, -0.04, 0.051), (-0.83, -0.01, 0.051), (-0.95, -0.01, 0.051), (-0.8, -0.04, 0.051), (-0.77, -0.04, 0.051), (-0.77, -0.01, 0.051), (-0.8, -0.01, 0.051), (-0.68, -0.04, 0.051), (-0.65, -0.04, 0.051), (-0.65, -0.01, 0.051), (-0.68, -0.01, 0.051), (-0.59, -0.04, 0.051), (-0.56, -0.04, 0.051), (-0.56, -0.01, 0.051), (-0.59, -0.01, 0.051), (-0.47, -0.04, 0.051), (-0.44, -0.04, 0.051), (-0.44, -0.01, 0.051), (-0.47, -0.01, 0.051), (-0.38, -0.04, 0.051), (-0.35, -0.04, 0.051), (-0.35, -0.01, 0.051), (-0.38, -0.01, 0.051), (-0.29, -0.04, 0.051), (-0.26, -0.04, 0.051), (-0.26, -0.01, 0.051), (-0.29, -0.01, 0.051), (-0.17, -0.04, 0.051), (-0.14, -0.04, 0.051), (-0.14, -0.01, 0.051), (-0.17, -0.01, 0.051), (-0.11, -0.04, 0.051), (-0.08, -0.04, 0.051), (-0.08, -0.01, 0.051), (-0.11, -0.01, 0.051), (-0.02, -0.04, 0.051), (0.01, -0.04, 0.051), (0.01, -0.01, 0.051), (-0.02, -0.01, 0.051), (0.07, -0.04, 0.051), (0.1, -0.04, 0.051), (0.1, -0.01, 0.051), (0.07, -0.01, 0.051), (0.13, -0.04, 0.051), (0.28, -0.04, 0.051), (0.28, -0.01, 0.051), (0.13, -0.01, 0.051), (0.34, -0.04, 0.051), (0.37, -0.04, 0.051), (0.37, -0.01, 0.051), (0.34, -0.01, 0.051), (0.46, -0.04, 0.051), (0.49, -0.04, 0.051), (0.49, -0.01, 0.051), (0.46, -0.01, 0.051), (0.55, -0.04, 0.051), (0.58, -0.04, 0.051), (0.58, -0.01, 0.051), (0.55, -0.01, 0.051), (0.61, -0.04, 0.051), (0.64, -0.04, 0.051), (0.64, -0.01, 0.051), (0.61, -0.01, 0.051), (0.73, -0.04, 0.051), (0.76, -0.04, 0.051), (0.76, -0.01, 0.051), (0.73, -0.01, 0.051), (0.88, -0.04, 0.051), (0.91, -0.04, 0.051), (0.91, -0.01, 0.051), (0.88, -0.01, 0.051), (-0.95, -0.07, 0.051), (-0.92, -0.07, 0.051), (-0.92, -0.04, 0.051), (-0.95, -0.04, 0.051), (-0.8, -0.07, 0.051), (-0.77, -0.07, 0.051), (-0.77, -0.04, 0.051), (-0.8, -0.04, 0.051), (-0.68, -0.07, 0.051), (-0.65, -0.07, 0.051), (-0.65, -0.04, 0.051), (-0.68, -0.04, 0.051), (-0.59, -0.07, 0.051), (-0.56, -0.07, 0.051), (-0.56, -0.04, 0.051), (-0.59, -0.04, 0.051), (-0.47, -0.07, 0.051), (-0.44, -0.07, 0.051), (-0.44, -0.04, 0.051), (-0.47, -0.04, 0.051), (-0.38, -0.07, 0.051), (-0.35, -0.07, 0.051), (-0.35, -0.04, 0.051), (-0.38, -0.04, 0.051), (-0.29, -0.07, 0.051), (-0.26, -0.07, 0.051), (-0.26, -0.04, 0.051), (-0.29, -0.04, 0.051), (-0.17, -0.07, 0.051), (-0.14, -0.07, 0.051), (-0.14, -0.04, 0.051), (-0.17, -0.04, 0.051), (-0.11, -0.07, 0.051), (-0.08, -0.07, 0.051), (-0.08, -0.04, 0.051), (-0.11, -0.04, 0.051), (-0.02, -0.07, 0.051), (0.01, -0.07, 0.051), (0.01, -0.04, 0.051), (-0.02, -0.04, 0.051), (0.07, -0.07, 0.051), (0.1, -0.07, 0.051), (0.1, -0.04, 0.051), (0.07, -0.04, 0.051), (0.13, -0.07, 0.051), (0.16, -0.07, 0.051), (0.16, -0.04, 0.051), (0.13, -0.04, 0.051), (0.34, -0.07, 0.051), (0.37, -0.07, 0.051), (0.37, -0.04, 0.051), (0.34, -0.04, 0.051), (0.46, -0.07, 0.051), (0.49, -0.07, 0.051), (0.49, -0.04, 0.051), (0.46, -0.04, 0.051), (0.55, -0.07, 0.051), (0.58, -0.07, 0.051), (0.58, -0.04, 0.051), (0.55, -0.04, 0.051), (0.61, -0.07, 0.051), (0.64, -0.07, 0.051), (0.64, -0.04, 0.051), (0.61, -0.04, 0.051), (0.73, -0.07, 0.051), (0.76, -0.07, 0.051), (0.76, -0.04, 0.051), (0.73, -0.04, 0.051), (0.85, -0.07, 0.051), (0.88, -0.07, 0.051), (0.88, -0.04, 0.051), (0.85, -0.04, 0.051), (-0.95, -0.1, 0.051), (-0.92, -0.1, 0.051), (-0.92, -0.07, 0.051), (-0.95, -0.07, 0.051), (-0.8, -0.1, 0.051), (-0.77, -0.1, 0.051), (-0.77, -0.07, 0.051), (-0.8, -0.07, 0.051), (-0.68, -0.1, 0.051), (-0.65, -0.1, 0.051), (-0.65, -0.07, 0.051), (-0.68, -0.07, 0.051), (-0.59, -0.1, 0.051), (-0.56, -0.1, 0.051), (-0.56, -0.07, 0.051), (-0.59, -0.07, 0.051), (-0.5, -0.1, 0.051), (-0.44, -0.1, 0.051), (-0.44, -0.07, 0.051), (-0.5, -0.07, 0.051), (-0.38, -0.1, 0.051), (-0.35, -0.1, 0.051), (-0.35, -0.07, 0.051), (-0.38, -0.07, 0.051), (-0.29, -0.1, 0.051), (-0.26, -0.1, 0.051), (-0.26, -0.07, 0.051), (-0.29, -0.07, 0.051), (-0.17, -0.1, 0.051), (-0.14, -0.1, 0.051), (-0.14, -0.07, 0.051), (-0.17, -0.07, 0.051), (-0.11, -0.1, 0.051), (-0.08, -0.1, 0.051), (-0.08, -0.07, 0.051), (-0.11, -0.07, 0.051), (-0.02, -0.1, 0.051), (0.01, -0.1, 0.051), (0.01, -0.07, 0.051), (-0.02, -0.07, 0.051), (0.07, -0.1, 0.051), (0.1, -0.1, 0.051), (0.1, -0.07, 0.051), (0.07, -0.07, 0.051), (0.13, -0.1, 0.051), (0.16, -0.1, 0.051), (0.16, -0.07, 0.051), (0.13, -0.07, 0.051), (0.25, -0.1, 0.051), (0.28, -0.1, 0.051), (0.28, -0.07, 0.051), (0.25, -0.07, 0.051), (0.34, -0.1, 0.051), (0.37, -0.1, 0.051), (0.37, -0.07, 0.051), (0.34, -0.07, 0.051), (0.46, -0.1, 0.051), (0.49, -0.1, 0.051), (0.49, -0.07, 0.051), (0.46, -0.07, 0.051), (0.55, -0.1, 0.051), (0.58, -0.1, 0.051), (0.58, -0.07, 0.051), (0.55, -0.07, 0.051), (0.61, -0.1, 0.051), (0.67, -0.1, 0.051), (0.67, -0.07, 0.051), (0.61, -0.07, 0.051), (0.7, -0.1, 0.051), (0.76, -0.1, 0.051), (0.76, -0.07, 0.051), (0.7, -0.07, 0.051), (0.82, -0.1, 0.051), (0.85, -0.1, 0.051), (0.85, -0.07, 0.051), (0.82, -0.07, 0.051), (-0.95, -0.13, 0.051), (-0.8, -0.13, 0.051), (-0.8, -0.1, 0.051), (-0.95, -0.1, 0.051), (-0.77, -0.13, 0.051), (-0.65, -0.13, 0.051), (-0.65, -0.1, 0.051), (-0.77, -0.1, 0.051), (-0.56, -0.13, 0.051), (-0.44, -0.13, 0.051), (-0.44, -0.1, 0.051), (-0.56, -0.1, 0.051), (-0.38, -0.13, 0.051), (-0.35, -0.13, 0.051), (-0.35, -0.1, 0.051), (-0.38, -0.1, 0.051), (-0.29, -0.13, 0.051), (-0.17, -0.13, 0.051), (-0.17, -0.1, 0.051), (-0.29, -0.1, 0.051), (-0.11, -0.13, 0.051), (-0.08, -0.13, 0.051), (-0.08, -0.1, 0.051), (-0.11, -0.1, 0.051), (-0.02, -0.13, 0.051), (0.01, -0.13, 0.051), (0.01, -0.1, 0.051), (-0.02, -0.1, 0.051), (0.07, -0.13, 0.051), (0.1, -0.13, 0.051), (0.1, -0.1, 0.051), (0.07, -0.1, 0.051), (0.16, -0.13, 0.051), (0.25, -0.13, 0.051), (0.25, -0.1, 0.051), (0.16, -0.1, 0.051), (0.34, -0.13, 0.051), (0.37, -0.13, 0.051), (0.37, -0.1, 0.051), (0.34, -0.1, 0.051), (0.46, -0.13, 0.051), (0.49, -0.13, 0.051), (0.49, -0.1, 0.051), (0.46, -0.1, 0.051), (0.55, -0.13, 0.051), (0.61, -0.13, 0.051), (0.61, -0.1, 0.051), (0.55, -0.1, 0.051), (0.64, -0.13, 0.051), (0.73, -0.13, 0.051), (0.73, -0.1, 0.051), (0.64, -0.1, 0.051), (0.82, -0.13, 0.051), (0.94, -0.13, 0.051), (0.94, -0.1, 0.051), (0.82, -0.1, 0.051), (-0.68, -0.16, 0.051), (-0.65, -0.16, 0.051), (-0.65, -0.13, 0.051), (-0.68, -0.13, 0.051), (-0.29, -0.16, 0.051), (-0.26, -0.16, 0.051), (-0.26, -0.13, 0.051), (-0.29, -0.13, 0.051), (-0.68, -0.19, 0.051), (-0.65, -0.19, 0.051), (-0.65, -0.16, 0.051), (-0.68, -0.16, 0.051), (-0.29, -0.19, 0.051), (-0.26, -0.19, 0.051), (-0.26, -0.16, 0.051), (-0.29, -0.16, 0.051)]
                        color3f[] primvars:displayColor = [(0.015, 0.022, 0.028)]
                        uniform token subdivisionScheme = "none"
                        matrix4d xformOp:transform = ( (1, 0, 0, 0), (0, 1, 0, 0), (0, 0, 1, 0), (7.5, -3, 0, 1) )
                        uniform token[] xformOpOrder = ["xformOp:transform"]
                    }

                    def Cube "ReviewLink0" (
                        prepend apiSchemas = ["MaterialBindingAPI", "AecoDerivedGeometryAPI"]
                    )
                    {
                        uniform token aeco:derived:approx = "exact"
                        uniform token aeco:derived:role = "symbol"
                        string aeco:derived:source = "d9750c20-da13-564d-93d3-45a1c3b37ef6"
                        string aeco:derived:stamp = "core hierarchy symbols 0.9.2"
                        double aeco:derived:tolerance = 0.000001
                        float3[] extent = [(-0.5, -0.5, -0.5), (0.5, 0.5, 0.5)]
                        rel material:binding = </ReviewMaterials/Link>
                        color3f[] primvars:displayColor = [(0.35, 0.4, 0.45)]
                        double size = 1
                        float3 xformOp:scale = (0.13, 0.04, 0.04)
                        matrix4d xformOp:transform = ( (1, 0, 0, 0), (0, 1, 0, 0), (0, 0, 1, 0), (6.125, -1.5, 0, 1) )
                        uniform token[] xformOpOrder = ["xformOp:transform", "xformOp:scale"]
                    }

                    def Cube "ReviewLink1" (
                        prepend apiSchemas = ["MaterialBindingAPI", "AecoDerivedGeometryAPI"]
                    )
                    {
                        uniform token aeco:derived:approx = "exact"
                        uniform token aeco:derived:role = "symbol"
                        string aeco:derived:source = "d9750c20-da13-564d-93d3-45a1c3b37ef6"
                        string aeco:derived:stamp = "core hierarchy symbols 0.9.2"
                        double aeco:derived:tolerance = 0.000001
                        float3[] extent = [(-0.5, -0.5, -0.5), (0.5, 0.5, 0.5)]
                        rel material:binding = </ReviewMaterials/Link>
                        color3f[] primvars:displayColor = [(0.35, 0.4, 0.45)]
                        double size = 1
                        float3 xformOp:scale = (0.04, 1.5, 0.04)
                        matrix4d xformOp:transform = ( (1, 0, 0, 0), (0, 1, 0, 0), (0, 0, 1, 0), (6.19, -2.25, 0, 1) )
                        uniform token[] xformOpOrder = ["xformOp:transform", "xformOp:scale"]
                    }

                    def Cube "ReviewLink2" (
                        prepend apiSchemas = ["MaterialBindingAPI", "AecoDerivedGeometryAPI"]
                    )
                    {
                        uniform token aeco:derived:approx = "exact"
                        uniform token aeco:derived:role = "symbol"
                        string aeco:derived:source = "d9750c20-da13-564d-93d3-45a1c3b37ef6"
                        string aeco:derived:stamp = "core hierarchy symbols 0.9.2"
                        double aeco:derived:tolerance = 0.000001
                        float3[] extent = [(-0.5, -0.5, -0.5), (0.5, 0.5, 0.5)]
                        rel material:binding = </ReviewMaterials/Link>
                        color3f[] primvars:displayColor = [(0.35, 0.4, 0.45)]
                        double size = 1
                        float3 xformOp:scale = (0.25, 0.04, 0.04)
                        matrix4d xformOp:transform = ( (1, 0, 0, 0), (0, 1, 0, 0), (0, 0, 1, 0), (6.3149999999999995, -3, 0, 1) )
                        uniform token[] xformOpOrder = ["xformOp:transform", "xformOp:scale"]
                    }
                }
            }

            over "HallB"
            {
                def Cube "ReviewSymbol" (
                    prepend apiSchemas = ["AecoDerivedGeometryAPI", "MaterialBindingAPI"]
                )
                {
                    uniform token aeco:derived:approx = "exact"
                    uniform token aeco:derived:role = "symbol"
                    string aeco:derived:source = "40719d1e-7bf0-5ba3-a3b6-b8c794e77fd6"
                    string aeco:derived:stamp = "core hierarchy symbols 0.9.2"
                    double aeco:derived:tolerance = 0.000001
                    float3[] extent = [(-0.5, -0.5, -0.5), (0.5, 0.5, 0.5)]
                    rel material:binding = </ReviewMaterials/Space>
                    color3f[] primvars:displayColor = [(0.22, 0.65, 0.67)]
                    double size = 1
                    float3 xformOp:scale = (2.12, 0.5, 0.08)
                    matrix4d xformOp:transform = ( (1, 0, 0, 0), (0, 1, 0, 0), (0, 0, 1, 0), (5, -3.75, 0, 1) )
                    uniform token[] xformOpOrder = ["xformOp:transform", "xformOp:scale"]
                }

                def Mesh "ReviewLabel" (
                    prepend apiSchemas = ["AecoDerivedGeometryAPI", "MaterialBindingAPI"]
                )
                {
                    uniform token aeco:derived:approx = "tessellated"
                    uniform token aeco:derived:role = "symbol"
                    string aeco:derived:source = "40719d1e-7bf0-5ba3-a3b6-b8c794e77fd6"
                    string aeco:derived:stamp = "core hierarchy symbols 0.9.2"
                    uniform bool doubleSided = 1
                    float3[] extent = [(-0.95, -0.13, 0.051), (-0.23, 0.11, 0.051)]
                    int[] faceVertexCounts = [4, 4, 4, 4, 4, 4, 4, 4, 4, 4, 4, 4, 4, 4, 4, 4, 4, 4, 4, 4, 4, 4, 4, 4, 4, 4, 4, 4, 4, 4, 4, 4, 4, 4, 4, 4, 4, 4, 4, 4, 4, 4, 4, 4, 4, 4, 4, 4, 4, 4, 4, 4]
                    int[] faceVertexIndices = [0, 1, 2, 3, 4, 5, 6, 7, 8, 9, 10, 11, 12, 13, 14, 15, 16, 17, 18, 19, 20, 21, 22, 23, 24, 25, 26, 27, 28, 29, 30, 31, 32, 33, 34, 35, 36, 37, 38, 39, 40, 41, 42, 43, 44, 45, 46, 47, 48, 49, 50, 51, 52, 53, 54, 55, 56, 57, 58, 59, 60, 61, 62, 63, 64, 65, 66, 67, 68, 69, 70, 71, 72, 73, 74, 75, 76, 77, 78, 79, 80, 81, 82, 83, 84, 85, 86, 87, 88, 89, 90, 91, 92, 93, 94, 95, 96, 97, 98, 99, 100, 101, 102, 103, 104, 105, 106, 107, 108, 109, 110, 111, 112, 113, 114, 115, 116, 117, 118, 119, 120, 121, 122, 123, 124, 125, 126, 127, 128, 129, 130, 131, 132, 133, 134, 135, 136, 137, 138, 139, 140, 141, 142, 143, 144, 145, 146, 147, 148, 149, 150, 151, 152, 153, 154, 155, 156, 157, 158, 159, 160, 161, 162, 163, 164, 165, 166, 167, 168, 169, 170, 171, 172, 173, 174, 175, 176, 177, 178, 179, 180, 181, 182, 183, 184, 185, 186, 187, 188, 189, 190, 191, 192, 193, 194, 195, 196, 197, 198, 199, 200, 201, 202, 203, 204, 205, 206, 207]
                    rel material:binding = </ReviewMaterials/Ink>
                    point3f[] points = [(-0.95, 0.08, 0.051), (-0.92, 0.08, 0.051), (-0.92, 0.11, 0.051), (-0.95, 0.11, 0.051), (-0.8, 0.08, 0.051), (-0.77, 0.08, 0.051), (-0.77, 0.11, 0.051), (-0.8, 0.11, 0.051), (-0.56, 0.08, 0.051), (-0.53, 0.08, 0.051), (-0.53, 0.11, 0.051), (-0.56, 0.11, 0.051), (-0.47, 0.08, 0.051), (-0.44, 0.08, 0.051), (-0.44, 0.11, 0.051), (-0.47, 0.11, 0.051), (-0.38, 0.08, 0.051), (-0.26, 0.08, 0.051), (-0.26, 0.11, 0.051), (-0.38, 0.11, 0.051), (-0.95, 0.05, 0.051), (-0.92, 0.05, 0.051), (-0.92, 0.08, 0.051), (-0.95, 0.08, 0.051), (-0.8, 0.05, 0.051), (-0.77, 0.05, 0.051), (-0.77, 0.08, 0.051), (-0.8, 0.08, 0.051), (-0.56, 0.05, 0.051), (-0.53, 0.05, 0.051), (-0.53, 0.08, 0.051), (-0.56, 0.08, 0.051), (-0.47, 0.05, 0.051), (-0.44, 0.05, 0.051), (-0.44, 0.08, 0.051), (-0.47, 0.08, 0.051), (-0.38, 0.05, 0.051), (-0.35, 0.05, 0.051), (-0.35, 0.08, 0.051), (-0.38, 0.08, 0.051), (-0.26, 0.05, 0.051), (-0.23, 0.05, 0.051), (-0.23, 0.08, 0.051), (-0.26, 0.08, 0.051), (-0.95, 0.02, 0.051), (-0.92, 0.02, 0.051), (-0.92, 0.05, 0.051), (-0.95, 0.05, 0.051), (-0.8, 0.02, 0.051), (-0.77, 0.02, 0.051), (-0.77, 0.05, 0.051), (-0.8, 0.05, 0.051), (-0.71, 0.02, 0.051), (-0.62, 0.02, 0.051), (-0.62, 0.05, 0.051), (-0.71, 0.05, 0.051), (-0.56, 0.02, 0.051), (-0.53, 0.02, 0.051), (-0.53, 0.05, 0.051), (-0.56, 0.05, 0.051), (-0.47, 0.02, 0.051), (-0.44, 0.02, 0.051), (-0.44, 0.05, 0.051), (-0.47, 0.05, 0.051), (-0.38, 0.02, 0.051), (-0.35, 0.02, 0.051), (-0.35, 0.05, 0.051), (-0.38, 0.05, 0.051), (-0.26, 0.02, 0.051), (-0.23, 0.02, 0.051), (-0.23, 0.05, 0.051), (-0.26, 0.05, 0.051), (-0.95, -0.01, 0.051), (-0.92, -0.01, 0.051), (-0.92, 0.02, 0.051), (-0.95, 0.02, 0.051), (-0.8, -0.01, 0.051), (-0.77, -0.01, 0.051), (-0.77, 0.02, 0.051), (-0.8, 0.02, 0.051), (-0.74, -0.01, 0.051), (-0.71, -0.01, 0.051), (-0.71, 0.02, 0.051), (-0.74, 0.02, 0.051), (-0.65, -0.01, 0.051), (-0.62, -0.01, 0.051), (-0.62, 0.02, 0.051), (-0.65, 0.02, 0.051), (-0.56, -0.01, 0.051), (-0.53, -0.01, 0.051), (-0.53, 0.02, 0.051), (-0.56, 0.02, 0.051), (-0.47, -0.01, 0.051), (-0.44, -0.01, 0.051), (-0.44, 0.02, 0.051), (-0.47, 0.02, 0.051), (-0.38, -0.01, 0.051), (-0.35, -0.01, 0.051), (-0.35, 0.02, 0.051), (-0.38, 0.02, 0.051), (-0.95, -0.04, 0.051), (-0.77, -0.04, 0.051), (-0.77, -0.01, 0.051), (-0.95, -0.01, 0.051), (-0.71, -0.04, 0.051), (-0.62, -0.04, 0.051), (-0.62, -0.01, 0.051), (-0.71, -0.01, 0.051), (-0.56, -0.04, 0.051), (-0.53, -0.04, 0.051), (-0.53, -0.01, 0.051), (-0.56, -0.01, 0.051), (-0.47, -0.04, 0.051), (-0.44, -0.04, 0.051), (-0.44, -0.01, 0.051), (-0.47, -0.01, 0.051), (-0.38, -0.04, 0.051), (-0.23, -0.04, 0.051), (-0.23, -0.01, 0.051), (-0.38, -0.01, 0.051), (-0.95, -0.07, 0.051), (-0.92, -0.07, 0.051), (-0.92, -0.04, 0.051), (-0.95, -0.04, 0.051), (-0.8, -0.07, 0.051), (-0.77, -0.07, 0.051), (-0.77, -0.04, 0.051), (-0.8, -0.04, 0.051), (-0.74, -0.07, 0.051), (-0.68, -0.07, 0.051), (-0.68, -0.04, 0.051), (-0.74, -0.04, 0.051), (-0.65, -0.07, 0.051), (-0.62, -0.07, 0.051), (-0.62, -0.04, 0.051), (-0.65, -0.04, 0.051), (-0.56, -0.07, 0.051), (-0.53, -0.07, 0.051), (-0.53, -0.04, 0.051), (-0.56, -0.04, 0.051), (-0.47, -0.07, 0.051), (-0.44, -0.07, 0.051), (-0.44, -0.04, 0.051), (-0.47, -0.04, 0.051), (-0.38, -0.07, 0.051), (-0.35, -0.07, 0.051), (-0.35, -0.04, 0.051), (-0.38, -0.04, 0.051), (-0.26, -0.07, 0.051), (-0.23, -0.07, 0.051), (-0.23, -0.04, 0.051), (-0.26, -0.04, 0.051), (-0.95, -0.1, 0.051), (-0.92, -0.1, 0.051), (-0.92, -0.07, 0.051), (-0.95, -0.07, 0.051), (-0.8, -0.1, 0.051), (-0.77, -0.1, 0.051), (-0.77, -0.07, 0.051), (-0.8, -0.07, 0.051), (-0.74, -0.1, 0.051), (-0.71, -0.1, 0.051), (-0.71, -0.07, 0.051), (-0.74, -0.07, 0.051), (-0.65, -0.1, 0.051), (-0.62, -0.1, 0.051), (-0.62, -0.07, 0.051), (-0.65, -0.07, 0.051), (-0.56, -0.1, 0.051), (-0.53, -0.1, 0.051), (-0.53, -0.07, 0.051), (-0.56, -0.07, 0.051), (-0.47, -0.1, 0.051), (-0.44, -0.1, 0.051), (-0.44, -0.07, 0.051), (-0.47, -0.07, 0.051), (-0.38, -0.1, 0.051), (-0.35, -0.1, 0.051), (-0.35, -0.07, 0.051), (-0.38, -0.07, 0.051), (-0.26, -0.1, 0.051), (-0.23, -0.1, 0.051), (-0.23, -0.07, 0.051), (-0.26, -0.07, 0.051), (-0.95, -0.13, 0.051), (-0.92, -0.13, 0.051), (-0.92, -0.1, 0.051), (-0.95, -0.1, 0.051), (-0.8, -0.13, 0.051), (-0.77, -0.13, 0.051), (-0.77, -0.1, 0.051), (-0.8, -0.1, 0.051), (-0.74, -0.13, 0.051), (-0.62, -0.13, 0.051), (-0.62, -0.1, 0.051), (-0.74, -0.1, 0.051), (-0.56, -0.13, 0.051), (-0.5, -0.13, 0.051), (-0.5, -0.1, 0.051), (-0.56, -0.1, 0.051), (-0.47, -0.13, 0.051), (-0.41, -0.13, 0.051), (-0.41, -0.1, 0.051), (-0.47, -0.1, 0.051), (-0.38, -0.13, 0.051), (-0.26, -0.13, 0.051), (-0.26, -0.1, 0.051), (-0.38, -0.1, 0.051)]
                    color3f[] primvars:displayColor = [(0.015, 0.022, 0.028)]
                    uniform token subdivisionScheme = "none"
                    matrix4d xformOp:transform = ( (1, 0, 0, 0), (0, 1, 0, 0), (0, 0, 1, 0), (5, -3.75, 0, 1) )
                    uniform token[] xformOpOrder = ["xformOp:transform"]
                }

                def Cube "ReviewLink0" (
                    prepend apiSchemas = ["MaterialBindingAPI", "AecoDerivedGeometryAPI"]
                )
                {
                    uniform token aeco:derived:approx = "exact"
                    uniform token aeco:derived:role = "symbol"
                    string aeco:derived:source = "40719d1e-7bf0-5ba3-a3b6-b8c794e77fd6"
                    string aeco:derived:stamp = "core hierarchy symbols 0.9.2"
                    double aeco:derived:tolerance = 0.000001
                    float3[] extent = [(-0.5, -0.5, -0.5), (0.5, 0.5, 0.5)]
                    rel material:binding = </ReviewMaterials/Link>
                    color3f[] primvars:displayColor = [(0.35, 0.4, 0.45)]
                    double size = 1
                    float3 xformOp:scale = (0.13, 0.04, 0.04)
                    matrix4d xformOp:transform = ( (1, 0, 0, 0), (0, 1, 0, 0), (0, 0, 1, 0), (3.625, -0.75, 0, 1) )
                    uniform token[] xformOpOrder = ["xformOp:transform", "xformOp:scale"]
                }

                def Cube "ReviewLink1" (
                    prepend apiSchemas = ["MaterialBindingAPI", "AecoDerivedGeometryAPI"]
                )
                {
                    uniform token aeco:derived:approx = "exact"
                    uniform token aeco:derived:role = "symbol"
                    string aeco:derived:source = "40719d1e-7bf0-5ba3-a3b6-b8c794e77fd6"
                    string aeco:derived:stamp = "core hierarchy symbols 0.9.2"
                    double aeco:derived:tolerance = 0.000001
                    float3[] extent = [(-0.5, -0.5, -0.5), (0.5, 0.5, 0.5)]
                    rel material:binding = </ReviewMaterials/Link>
                    color3f[] primvars:displayColor = [(0.35, 0.4, 0.45)]
                    double size = 1
                    float3 xformOp:scale = (0.04, 3, 0.04)
                    matrix4d xformOp:transform = ( (1, 0, 0, 0), (0, 1, 0, 0), (0, 0, 1, 0), (3.69, -2.25, 0, 1) )
                    uniform token[] xformOpOrder = ["xformOp:transform", "xformOp:scale"]
                }

                def Cube "ReviewLink2" (
                    prepend apiSchemas = ["MaterialBindingAPI", "AecoDerivedGeometryAPI"]
                )
                {
                    uniform token aeco:derived:approx = "exact"
                    uniform token aeco:derived:role = "symbol"
                    string aeco:derived:source = "40719d1e-7bf0-5ba3-a3b6-b8c794e77fd6"
                    string aeco:derived:stamp = "core hierarchy symbols 0.9.2"
                    double aeco:derived:tolerance = 0.000001
                    float3[] extent = [(-0.5, -0.5, -0.5), (0.5, 0.5, 0.5)]
                    rel material:binding = </ReviewMaterials/Link>
                    color3f[] primvars:displayColor = [(0.35, 0.4, 0.45)]
                    double size = 1
                    float3 xformOp:scale = (0.25, 0.04, 0.04)
                    matrix4d xformOp:transform = ( (1, 0, 0, 0), (0, 1, 0, 0), (0, 0, 1, 0), (3.815, -3.75, 0, 1) )
                    uniform token[] xformOpOrder = ["xformOp:transform", "xformOp:scale"]
                }
            }

            over "PlantRoom"
            {
                def Cube "ReviewSymbol" (
                    prepend apiSchemas = ["AecoDerivedGeometryAPI", "MaterialBindingAPI"]
                )
                {
                    uniform token aeco:derived:approx = "exact"
                    uniform token aeco:derived:role = "symbol"
                    string aeco:derived:source = "3f1184d3-5ece-530c-8670-a1fb5d0d3c7c"
                    string aeco:derived:stamp = "core hierarchy symbols 0.9.2"
                    double aeco:derived:tolerance = 0.000001
                    float3[] extent = [(-0.5, -0.5, -0.5), (0.5, 0.5, 0.5)]
                    rel material:binding = </ReviewMaterials/Space>
                    color3f[] primvars:displayColor = [(0.22, 0.65, 0.67)]
                    double size = 1
                    float3 xformOp:scale = (2.12, 0.5, 0.08)
                    matrix4d xformOp:transform = ( (1, 0, 0, 0), (0, 1, 0, 0), (0, 0, 1, 0), (5, -4.5, 0, 1) )
                    uniform token[] xformOpOrder = ["xformOp:transform", "xformOp:scale"]
                }

                def Mesh "ReviewLabel" (
                    prepend apiSchemas = ["AecoDerivedGeometryAPI", "MaterialBindingAPI"]
                )
                {
                    uniform token aeco:derived:approx = "tessellated"
                    uniform token aeco:derived:role = "symbol"
                    string aeco:derived:source = "3f1184d3-5ece-530c-8670-a1fb5d0d3c7c"
                    string aeco:derived:stamp = "core hierarchy symbols 0.9.2"
                    uniform bool doubleSided = 1
                    float3[] extent = [(-0.95, -0.13, 0.051), (0.46, 0.11, 0.051)]
                    int[] faceVertexCounts = [4, 4, 4, 4, 4, 4, 4, 4, 4, 4, 4, 4, 4, 4, 4, 4, 4, 4, 4, 4, 4, 4, 4, 4, 4, 4, 4, 4, 4, 4, 4, 4, 4, 4, 4, 4, 4, 4, 4, 4, 4, 4, 4, 4, 4, 4, 4, 4, 4, 4, 4, 4, 4, 4, 4, 4, 4, 4, 4, 4, 4, 4, 4, 4, 4, 4, 4, 4, 4, 4, 4, 4, 4, 4, 4, 4, 4, 4, 4, 4, 4, 4, 4, 4, 4, 4, 4, 4, 4]
                    int[] faceVertexIndices = [0, 1, 2, 3, 4, 5, 6, 7, 8, 9, 10, 11, 12, 13, 14, 15, 16, 17, 18, 19, 20, 21, 22, 23, 24, 25, 26, 27, 28, 29, 30, 31, 32, 33, 34, 35, 36, 37, 38, 39, 40, 41, 42, 43, 44, 45, 46, 47, 48, 49, 50, 51, 52, 53, 54, 55, 56, 57, 58, 59, 60, 61, 62, 63, 64, 65, 66, 67, 68, 69, 70, 71, 72, 73, 74, 75, 76, 77, 78, 79, 80, 81, 82, 83, 84, 85, 86, 87, 88, 89, 90, 91, 92, 93, 94, 95, 96, 97, 98, 99, 100, 101, 102, 103, 104, 105, 106, 107, 108, 109, 110, 111, 112, 113, 114, 115, 116, 117, 118, 119, 120, 121, 122, 123, 124, 125, 126, 127, 128, 129, 130, 131, 132, 133, 134, 135, 136, 137, 138, 139, 140, 141, 142, 143, 144, 145, 146, 147, 148, 149, 150, 151, 152, 153, 154, 155, 156, 157, 158, 159, 160, 161, 162, 163, 164, 165, 166, 167, 168, 169, 170, 171, 172, 173, 174, 175, 176, 177, 178, 179, 180, 181, 182, 183, 184, 185, 186, 187, 188, 189, 190, 191, 192, 193, 194, 195, 196, 197, 198, 199, 200, 201, 202, 203, 204, 205, 206, 207, 208, 209, 210, 211, 212, 213, 214, 215, 216, 217, 218, 219, 220, 221, 222, 223, 224, 225, 226, 227, 228, 229, 230, 231, 232, 233, 234, 235, 236, 237, 238, 239, 240, 241, 242, 243, 244, 245, 246, 247, 248, 249, 250, 251, 252, 253, 254, 255, 256, 257, 258, 259, 260, 261, 262, 263, 264, 265, 266, 267, 268, 269, 270, 271, 272, 273, 274, 275, 276, 277, 278, 279, 280, 281, 282, 283, 284, 285, 286, 287, 288, 289, 290, 291, 292, 293, 294, 295, 296, 297, 298, 299, 300, 301, 302, 303, 304, 305, 306, 307, 308, 309, 310, 311, 312, 313, 314, 315, 316, 317, 318, 319, 320, 321, 322, 323, 324, 325, 326, 327, 328, 329, 330, 331, 332, 333, 334, 335, 336, 337, 338, 339, 340, 341, 342, 343, 344, 345, 346, 347, 348, 349, 350, 351, 352, 353, 354, 355]
                    rel material:binding = </ReviewMaterials/Ink>
                    point3f[] points = [(-0.95, 0.08, 0.051), (-0.83, 0.08, 0.051), (-0.83, 0.11, 0.051), (-0.95, 0.11, 0.051), (-0.77, 0.08, 0.051), (-0.74, 0.08, 0.051), (-0.74, 0.11, 0.051), (-0.77, 0.11, 0.051), (-0.32, 0.08, 0.051), (-0.29, 0.08, 0.051), (-0.29, 0.11, 0.051), (-0.32, 0.11, 0.051), (-0.23, 0.08, 0.051), (-0.11, 0.08, 0.051), (-0.11, 0.11, 0.051), (-0.23, 0.11, 0.051), (-0.95, 0.05, 0.051), (-0.92, 0.05, 0.051), (-0.92, 0.08, 0.051), (-0.95, 0.08, 0.051), (-0.83, 0.05, 0.051), (-0.8, 0.05, 0.051), (-0.8, 0.08, 0.051), (-0.83, 0.08, 0.051), (-0.77, 0.05, 0.051), (-0.74, 0.05, 0.051), (-0.74, 0.08, 0.051), (-0.77, 0.08, 0.051), (-0.32, 0.05, 0.051), (-0.29, 0.05, 0.051), (-0.29, 0.08, 0.051), (-0.32, 0.08, 0.051), (-0.23, 0.05, 0.051), (-0.2, 0.05, 0.051), (-0.2, 0.08, 0.051), (-0.23, 0.08, 0.051), (-0.11, 0.05, 0.051), (-0.08, 0.05, 0.051), (-0.08, 0.08, 0.051), (-0.11, 0.08, 0.051), (-0.95, 0.02, 0.051), (-0.92, 0.02, 0.051), (-0.92, 0.05, 0.051), (-0.95, 0.05, 0.051), (-0.83, 0.02, 0.051), (-0.8, 0.02, 0.051), (-0.8, 0.05, 0.051), (-0.83, 0.05, 0.051), (-0.77, 0.02, 0.051), (-0.74, 0.02, 0.051), (-0.74, 0.05, 0.051), (-0.77, 0.05, 0.051), (-0.68, 0.02, 0.051), (-0.59, 0.02, 0.051), (-0.59, 0.05, 0.051), (-0.68, 0.05, 0.051), (-0.53, 0.02, 0.051), (-0.41, 0.02, 0.051), (-0.41, 0.05, 0.051), (-0.53, 0.05, 0.051), (-0.35, 0.02, 0.051), (-0.26, 0.02, 0.051), (-0.26, 0.05, 0.051), (-0.35, 0.05, 0.051), (-0.23, 0.02, 0.051), (-0.2, 0.02, 0.051), (-0.2, 0.05, 0.051), (-0.23, 0.05, 0.051), (-0.11, 0.02, 0.051), (-0.08, 0.02, 0.051), (-0.08, 0.05, 0.051), (-0.11, 0.05, 0.051), (-0.05, 0.02, 0.051), (0.04, 0.02, 0.051), (0.04, 0.05, 0.051), (-0.05, 0.05, 0.051), (0.1, 0.02, 0.051), (0.19, 0.02, 0.051), (0.19, 0.05, 0.051), (0.1, 0.05, 0.051), (0.25, 0.02, 0.051), (0.46, 0.02, 0.051), (0.46, 0.05, 0.051), (0.25, 0.05, 0.051), (-0.95, -0.01, 0.051), (-0.92, -0.01, 0.051), (-0.92, 0.02, 0.051), (-0.95, 0.02, 0.051), (-0.83, -0.01, 0.051), (-0.8, -0.01, 0.051), (-0.8, 0.02, 0.051), (-0.83, 0.02, 0.051), (-0.77, -0.01, 0.051), (-0.74, -0.01, 0.051), (-0.74, 0.02, 0.051), (-0.77, 0.02, 0.051), (-0.71, -0.01, 0.051), (-0.68, -0.01, 0.051), (-0.68, 0.02, 0.051), (-0.71, 0.02, 0.051), (-0.62, -0.01, 0.051), (-0.59, -0.01, 0.051), (-0.59, 0.02, 0.051), (-0.62, 0.02, 0.051), (-0.53, -0.01, 0.051), (-0.47, -0.01, 0.051), (-0.47, 0.02, 0.051), (-0.53, 0.02, 0.051), (-0.41, -0.01, 0.051), (-0.38, -0.01, 0.051), (-0.38, 0.02, 0.051), (-0.41, 0.02, 0.051), (-0.32, -0.01, 0.051), (-0.29, -0.01, 0.051), (-0.29, 0.02, 0.051), (-0.32, 0.02, 0.051), (-0.23, -0.01, 0.051), (-0.2, -0.01, 0.051), (-0.2, 0.02, 0.051), (-0.23, 0.02, 0.051), (-0.11, -0.01, 0.051), (-0.05, -0.01, 0.051), (-0.05, 0.02, 0.051), (-0.11, 0.02, 0.051), (0.04, -0.01, 0.051), (0.1, -0.01, 0.051), (0.1, 0.02, 0.051), (0.04, 0.02, 0.051), (0.19, -0.01, 0.051), (0.22, -0.01, 0.051), (0.22, 0.02, 0.051), (0.19, 0.02, 0.051), (0.25, -0.01, 0.051), (0.28, -0.01, 0.051), (0.28, 0.02, 0.051), (0.25, 0.02, 0.051), (0.34, -0.01, 0.051), (0.37, -0.01, 0.051), (0.37, 0.02, 0.051), (0.34, 0.02, 0.051), (0.43, -0.01, 0.051), (0.46, -0.01, 0.051), (0.46, 0.02, 0.051), (0.43, 0.02, 0.051), (-0.95, -0.04, 0.051), (-0.83, -0.04, 0.051), (-0.83, -0.01, 0.051), (-0.95, -0.01, 0.051), (-0.77, -0.04, 0.051), (-0.74, -0.04, 0.051), (-0.74, -0.01, 0.051), (-0.77, -0.01, 0.051), (-0.68, -0.04, 0.051), (-0.59, -0.04, 0.051), (-0.59, -0.01, 0.051), (-0.68, -0.01, 0.051), (-0.53, -0.04, 0.051), (-0.5, -0.04, 0.051), (-0.5, -0.01, 0.051), (-0.53, -0.01, 0.051), (-0.41, -0.04, 0.051), (-0.38, -0.04, 0.051), (-0.38, -0.01, 0.051), (-0.41, -0.01, 0.051), (-0.32, -0.04, 0.051), (-0.29, -0.04, 0.051), (-0.29, -0.01, 0.051), (-0.32, -0.01, 0.051), (-0.23, -0.04, 0.051), (-0.11, -0.04, 0.051), (-0.11, -0.01, 0.051), (-0.23, -0.01, 0.051), (-0.08, -0.04, 0.051), (-0.05, -0.04, 0.051), (-0.05, -0.01, 0.051), (-0.08, -0.01, 0.051), (0.04, -0.04, 0.051), (0.1, -0.04, 0.051), (0.1, -0.01, 0.051), (0.04, -0.01, 0.051), (0.19, -0.04, 0.051), (0.22, -0.04, 0.051), (0.22, -0.01, 0.051), (0.19, -0.01, 0.051), (0.25, -0.04, 0.051), (0.28, -0.04, 0.051), (0.28, -0.01, 0.051), (0.25, -0.01, 0.051), (0.34, -0.04, 0.051), (0.37, -0.04, 0.051), (0.37, -0.01, 0.051), (0.34, -0.01, 0.051), (0.43, -0.04, 0.051), (0.46, -0.04, 0.051), (0.46, -0.01, 0.051), (0.43, -0.01, 0.051), (-0.95, -0.07, 0.051), (-0.92, -0.07, 0.051), (-0.92, -0.04, 0.051), (-0.95, -0.04, 0.051), (-0.77, -0.07, 0.051), (-0.74, -0.07, 0.051), (-0.74, -0.04, 0.051), (-0.77, -0.04, 0.051), (-0.71, -0.07, 0.051), (-0.65, -0.07, 0.051), (-0.65, -0.04, 0.051), (-0.71, -0.04, 0.051), (-0.62, -0.07, 0.051), (-0.59, -0.07, 0.051), (-0.59, -0.04, 0.051), (-0.62, -0.04, 0.051), (-0.53, -0.07, 0.051), (-0.5, -0.07, 0.051), (-0.5, -0.04, 0.051), (-0.53, -0.04, 0.051), (-0.41, -0.07, 0.051), (-0.38, -0.07, 0.051), (-0.38, -0.04, 0.051), (-0.41, -0.04, 0.051), (-0.32, -0.07, 0.051), (-0.29, -0.07, 0.051), (-0.29, -0.04, 0.051), (-0.32, -0.04, 0.051), (-0.23, -0.07, 0.051), (-0.2, -0.07, 0.051), (-0.2, -0.04, 0.051), (-0.23, -0.04, 0.051), (-0.14, -0.07, 0.051), (-0.05, -0.07, 0.051), (-0.05, -0.04, 0.051), (-0.14, -0.04, 0.051), (0.04, -0.07, 0.051), (0.1, -0.07, 0.051), (0.1, -0.04, 0.051), (0.04, -0.04, 0.051), (0.19, -0.07, 0.051), (0.22, -0.07, 0.051), (0.22, -0.04, 0.051), (0.19, -0.04, 0.051), (0.25, -0.07, 0.051), (0.28, -0.07, 0.051), (0.28, -0.04, 0.051), (0.25, -0.04, 0.051), (0.34, -0.07, 0.051), (0.37, -0.07, 0.051), (0.37, -0.04, 0.051), (0.34, -0.04, 0.051), (0.43, -0.07, 0.051), (0.46, -0.07, 0.051), (0.46, -0.04, 0.051), (0.43, -0.04, 0.051), (-0.95, -0.1, 0.051), (-0.92, -0.1, 0.051), (-0.92, -0.07, 0.051), (-0.95, -0.07, 0.051), (-0.77, -0.1, 0.051), (-0.74, -0.1, 0.051), (-0.74, -0.07, 0.051), (-0.77, -0.07, 0.051), (-0.71, -0.1, 0.051), (-0.68, -0.1, 0.051), (-0.68, -0.07, 0.051), (-0.71, -0.07, 0.051), (-0.62, -0.1, 0.051), (-0.59, -0.1, 0.051), (-0.59, -0.07, 0.051), (-0.62, -0.07, 0.051), (-0.53, -0.1, 0.051), (-0.5, -0.1, 0.051), (-0.5, -0.07, 0.051), (-0.53, -0.07, 0.051), (-0.41, -0.1, 0.051), (-0.38, -0.1, 0.051), (-0.38, -0.07, 0.051), (-0.41, -0.07, 0.051), (-0.32, -0.1, 0.051), (-0.29, -0.1, 0.051), (-0.29, -0.07, 0.051), (-0.32, -0.07, 0.051), (-0.23, -0.1, 0.051), (-0.2, -0.1, 0.051), (-0.2, -0.07, 0.051), (-0.23, -0.07, 0.051), (-0.11, -0.1, 0.051), (-0.05, -0.1, 0.051), (-0.05, -0.07, 0.051), (-0.11, -0.07, 0.051), (0.04, -0.1, 0.051), (0.1, -0.1, 0.051), (0.1, -0.07, 0.051), (0.04, -0.07, 0.051), (0.19, -0.1, 0.051), (0.22, -0.1, 0.051), (0.22, -0.07, 0.051), (0.19, -0.07, 0.051), (0.25, -0.1, 0.051), (0.28, -0.1, 0.051), (0.28, -0.07, 0.051), (0.25, -0.07, 0.051), (0.34, -0.1, 0.051), (0.37, -0.1, 0.051), (0.37, -0.07, 0.051), (0.34, -0.07, 0.051), (0.43, -0.1, 0.051), (0.46, -0.1, 0.051), (0.46, -0.07, 0.051), (0.43, -0.07, 0.051), (-0.95, -0.13, 0.051), (-0.92, -0.13, 0.051), (-0.92, -0.1, 0.051), (-0.95, -0.1, 0.051), (-0.77, -0.13, 0.051), (-0.59, -0.13, 0.051), (-0.59, -0.1, 0.051), (-0.77, -0.1, 0.051), (-0.53, -0.13, 0.051), (-0.5, -0.13, 0.051), (-0.5, -0.1, 0.051), (-0.53, -0.1, 0.051), (-0.41, -0.13, 0.051), (-0.38, -0.13, 0.051), (-0.38, -0.1, 0.051), (-0.41, -0.1, 0.051), (-0.32, -0.13, 0.051), (-0.26, -0.13, 0.051), (-0.26, -0.1, 0.051), (-0.32, -0.1, 0.051), (-0.23, -0.13, 0.051), (-0.2, -0.13, 0.051), (-0.2, -0.1, 0.051), (-0.23, -0.1, 0.051), (-0.11, -0.13, 0.051), (-0.08, -0.13, 0.051), (-0.08, -0.1, 0.051), (-0.11, -0.1, 0.051), (-0.05, -0.13, 0.051), (0.04, -0.13, 0.051), (0.04, -0.1, 0.051), (-0.05, -0.1, 0.051), (0.1, -0.13, 0.051), (0.19, -0.13, 0.051), (0.19, -0.1, 0.051), (0.1, -0.1, 0.051), (0.25, -0.13, 0.051), (0.28, -0.13, 0.051), (0.28, -0.1, 0.051), (0.25, -0.1, 0.051), (0.34, -0.13, 0.051), (0.37, -0.13, 0.051), (0.37, -0.1, 0.051), (0.34, -0.1, 0.051), (0.43, -0.13, 0.051), (0.46, -0.13, 0.051), (0.46, -0.1, 0.051), (0.43, -0.1, 0.051)]
                    color3f[] primvars:displayColor = [(0.015, 0.022, 0.028)]
                    uniform token subdivisionScheme = "none"
                    matrix4d xformOp:transform = ( (1, 0, 0, 0), (0, 1, 0, 0), (0, 0, 1, 0), (5, -4.5, 0, 1) )
                    uniform token[] xformOpOrder = ["xformOp:transform"]
                }

                def Cube "ReviewLink0" (
                    prepend apiSchemas = ["MaterialBindingAPI", "AecoDerivedGeometryAPI"]
                )
                {
                    uniform token aeco:derived:approx = "exact"
                    uniform token aeco:derived:role = "symbol"
                    string aeco:derived:source = "3f1184d3-5ece-530c-8670-a1fb5d0d3c7c"
                    string aeco:derived:stamp = "core hierarchy symbols 0.9.2"
                    double aeco:derived:tolerance = 0.000001
                    float3[] extent = [(-0.5, -0.5, -0.5), (0.5, 0.5, 0.5)]
                    rel material:binding = </ReviewMaterials/Link>
                    color3f[] primvars:displayColor = [(0.35, 0.4, 0.45)]
                    double size = 1
                    float3 xformOp:scale = (0.13, 0.04, 0.04)
                    matrix4d xformOp:transform = ( (1, 0, 0, 0), (0, 1, 0, 0), (0, 0, 1, 0), (3.625, -0.75, 0, 1) )
                    uniform token[] xformOpOrder = ["xformOp:transform", "xformOp:scale"]
                }

                def Cube "ReviewLink1" (
                    prepend apiSchemas = ["MaterialBindingAPI", "AecoDerivedGeometryAPI"]
                )
                {
                    uniform token aeco:derived:approx = "exact"
                    uniform token aeco:derived:role = "symbol"
                    string aeco:derived:source = "3f1184d3-5ece-530c-8670-a1fb5d0d3c7c"
                    string aeco:derived:stamp = "core hierarchy symbols 0.9.2"
                    double aeco:derived:tolerance = 0.000001
                    float3[] extent = [(-0.5, -0.5, -0.5), (0.5, 0.5, 0.5)]
                    rel material:binding = </ReviewMaterials/Link>
                    color3f[] primvars:displayColor = [(0.35, 0.4, 0.45)]
                    double size = 1
                    float3 xformOp:scale = (0.04, 3.75, 0.04)
                    matrix4d xformOp:transform = ( (1, 0, 0, 0), (0, 1, 0, 0), (0, 0, 1, 0), (3.69, -2.625, 0, 1) )
                    uniform token[] xformOpOrder = ["xformOp:transform", "xformOp:scale"]
                }

                def Cube "ReviewLink2" (
                    prepend apiSchemas = ["MaterialBindingAPI", "AecoDerivedGeometryAPI"]
                )
                {
                    uniform token aeco:derived:approx = "exact"
                    uniform token aeco:derived:role = "symbol"
                    string aeco:derived:source = "3f1184d3-5ece-530c-8670-a1fb5d0d3c7c"
                    string aeco:derived:stamp = "core hierarchy symbols 0.9.2"
                    double aeco:derived:tolerance = 0.000001
                    float3[] extent = [(-0.5, -0.5, -0.5), (0.5, 0.5, 0.5)]
                    rel material:binding = </ReviewMaterials/Link>
                    color3f[] primvars:displayColor = [(0.35, 0.4, 0.45)]
                    double size = 1
                    float3 xformOp:scale = (0.25, 0.04, 0.04)
                    matrix4d xformOp:transform = ( (1, 0, 0, 0), (0, 1, 0, 0), (0, 0, 1, 0), (3.815, -4.5, 0, 1) )
                    uniform token[] xformOpOrder = ["xformOp:transform", "xformOp:scale"]
                }
            }

            over "ServiceCorridor"
            {
                def Cube "ReviewSymbol" (
                    prepend apiSchemas = ["AecoDerivedGeometryAPI", "MaterialBindingAPI"]
                )
                {
                    uniform token aeco:derived:approx = "exact"
                    uniform token aeco:derived:role = "symbol"
                    string aeco:derived:source = "141ffdc3-5ade-5d2b-9f6f-3343df642b64"
                    string aeco:derived:stamp = "core hierarchy symbols 0.9.2"
                    double aeco:derived:tolerance = 0.000001
                    float3[] extent = [(-0.5, -0.5, -0.5), (0.5, 0.5, 0.5)]
                    rel material:binding = </ReviewMaterials/Space>
                    color3f[] primvars:displayColor = [(0.22, 0.65, 0.67)]
                    double size = 1
                    float3 xformOp:scale = (2.12, 0.5, 0.08)
                    matrix4d xformOp:transform = ( (1, 0, 0, 0), (0, 1, 0, 0), (0, 0, 1, 0), (5, -5.25, 0, 1) )
                    uniform token[] xformOpOrder = ["xformOp:transform", "xformOp:scale"]
                }

                def Mesh "ReviewLabel" (
                    prepend apiSchemas = ["AecoDerivedGeometryAPI", "MaterialBindingAPI"]
                )
                {
                    uniform token aeco:derived:approx = "tessellated"
                    uniform token aeco:derived:role = "symbol"
                    string aeco:derived:source = "141ffdc3-5ade-5d2b-9f6f-3343df642b64"
                    string aeco:derived:stamp = "core hierarchy symbols 0.9.2"
                    uniform bool doubleSided = 1
                    float3[] extent = [(-0.9531507, -0.09849315, 0.051), (0.98, 0.11630137, 0.051)]
                    int[] faceVertexCounts = [4, 4, 4, 4, 4, 4, 4, 4, 4, 4, 4, 4, 4, 4, 4, 4, 4, 4, 4, 4, 4, 4, 4, 4, 4, 4, 4, 4, 4, 4, 4, 4, 4, 4, 4, 4, 4, 4, 4, 4, 4, 4, 4, 4, 4, 4, 4, 4, 4, 4, 4, 4, 4, 4, 4, 4, 4, 4, 4, 4, 4, 4, 4, 4, 4, 4, 4, 4, 4, 4, 4, 4, 4, 4, 4, 4, 4, 4, 4, 4, 4, 4, 4, 4, 4, 4, 4, 4, 4, 4, 4, 4, 4, 4, 4, 4, 4, 4, 4, 4, 4, 4, 4, 4, 4, 4, 4, 4, 4, 4, 4, 4, 4, 4, 4, 4, 4, 4, 4, 4]
                    int[] faceVertexIndices = [0, 1, 2, 3, 4, 5, 6, 7, 8, 9, 10, 11, 12, 13, 14, 15, 16, 17, 18, 19, 20, 21, 22, 23, 24, 25, 26, 27, 28, 29, 30, 31, 32, 33, 34, 35, 36, 37, 38, 39, 40, 41, 42, 43, 44, 45, 46, 47, 48, 49, 50, 51, 52, 53, 54, 55, 56, 57, 58, 59, 60, 61, 62, 63, 64, 65, 66, 67, 68, 69, 70, 71, 72, 73, 74, 75, 76, 77, 78, 79, 80, 81, 82, 83, 84, 85, 86, 87, 88, 89, 90, 91, 92, 93, 94, 95, 96, 97, 98, 99, 100, 101, 102, 103, 104, 105, 106, 107, 108, 109, 110, 111, 112, 113, 114, 115, 116, 117, 118, 119, 120, 121, 122, 123, 124, 125, 126, 127, 128, 129, 130, 131, 132, 133, 134, 135, 136, 137, 138, 139, 140, 141, 142, 143, 144, 145, 146, 147, 148, 149, 150, 151, 152, 153, 154, 155, 156, 157, 158, 159, 160, 161, 162, 163, 164, 165, 166, 167, 168, 169, 170, 171, 172, 173, 174, 175, 176, 177, 178, 179, 180, 181, 182, 183, 184, 185, 186, 187, 188, 189, 190, 191, 192, 193, 194, 195, 196, 197, 198, 199, 200, 201, 202, 203, 204, 205, 206, 207, 208, 209, 210, 211, 212, 213, 214, 215, 216, 217, 218, 219, 220, 221, 222, 223, 224, 225, 226, 227, 228, 229, 230, 231, 232, 233, 234, 235, 236, 237, 238, 239, 240, 241, 242, 243, 244, 245, 246, 247, 248, 249, 250, 251, 252, 253, 254, 255, 256, 257, 258, 259, 260, 261, 262, 263, 264, 265, 266, 267, 268, 269, 270, 271, 272, 273, 274, 275, 276, 277, 278, 279, 280, 281, 282, 283, 284, 285, 286, 287, 288, 289, 290, 291, 292, 293, 294, 295, 296, 297, 298, 299, 300, 301, 302, 303, 304, 305, 306, 307, 308, 309, 310, 311, 312, 313, 314, 315, 316, 317, 318, 319, 320, 321, 322, 323, 324, 325, 326, 327, 328, 329, 330, 331, 332, 333, 334, 335, 336, 337, 338, 339, 340, 341, 342, 343, 344, 345, 346, 347, 348, 349, 350, 351, 352, 353, 354, 355, 356, 357, 358, 359, 360, 361, 362, 363, 364, 365, 366, 367, 368, 369, 370, 371, 372, 373, 374, 375, 376, 377, 378, 379, 380, 381, 382, 383, 384, 385, 386, 387, 388, 389, 390, 391, 392, 393, 394, 395, 396, 397, 398, 399, 400, 401, 402, 403, 404, 405, 406, 407, 408, 409, 410, 411, 412, 413, 414, 415, 416, 417, 418, 419, 420, 421, 422, 423, 424, 425, 426, 427, 428, 429, 430, 431, 432, 433, 434, 435, 436, 437, 438, 439, 440, 441, 442, 443, 444, 445, 446, 447, 448, 449, 450, 451, 452, 453, 454, 455, 456, 457, 458, 459, 460, 461, 462, 463, 464, 465, 466, 467, 468, 469, 470, 471, 472, 473, 474, 475, 476, 477, 478, 479]
                    rel material:binding = </ReviewMaterials/Ink>
                    point3f[] points = [(-0.92630136, 0.08945206, 0.051), (-0.84575343, 0.08945206, 0.051), (-0.84575343, 0.11630137, 0.051), (-0.92630136, 0.11630137, 0.051), (-0.38931507, 0.08945206, 0.051), (-0.36246574, 0.08945206, 0.051), (-0.36246574, 0.11630137, 0.051), (-0.38931507, 0.11630137, 0.051), (-0.013424657, 0.08945206, 0.051), (0.0939726, 0.08945206, 0.051), (0.0939726, 0.11630137, 0.051), (-0.013424657, 0.11630137, 0.051), (0.52356166, 0.08945206, 0.051), (0.550411, 0.08945206, 0.051), (0.550411, 0.11630137, 0.051), (0.52356166, 0.11630137, 0.051), (0.6846575, 0.08945206, 0.051), (0.71150684, 0.08945206, 0.051), (0.71150684, 0.11630137, 0.051), (0.6846575, 0.11630137, 0.051), (-0.9531507, 0.062602736, 0.051), (-0.92630136, 0.062602736, 0.051), (-0.92630136, 0.08945206, 0.051), (-0.9531507, 0.08945206, 0.051), (-0.84575343, 0.062602736, 0.051), (-0.8189041, 0.062602736, 0.051), (-0.8189041, 0.08945206, 0.051), (-0.84575343, 0.08945206, 0.051), (-0.013424657, 0.062602736, 0.051), (0.013424657, 0.062602736, 0.051), (0.013424657, 0.08945206, 0.051), (-0.013424657, 0.08945206, 0.051), (0.0939726, 0.062602736, 0.051), (0.120821916, 0.062602736, 0.051), (0.120821916, 0.08945206, 0.051), (0.0939726, 0.08945206, 0.051), (0.6846575, 0.062602736, 0.051), (0.71150684, 0.062602736, 0.051), (0.71150684, 0.08945206, 0.051), (0.6846575, 0.08945206, 0.051), (-0.9531507, 0.035753425, 0.051), (-0.92630136, 0.035753425, 0.051), (-0.92630136, 0.062602736, 0.051), (-0.9531507, 0.062602736, 0.051), (-0.7920548, 0.035753425, 0.051), (-0.71150684, 0.035753425, 0.051), (-0.71150684, 0.062602736, 0.051), (-0.7920548, 0.062602736, 0.051), (-0.6309589, 0.035753425, 0.051), (-0.52356166, 0.035753425, 0.051), (-0.52356166, 0.062602736, 0.051), (-0.6309589, 0.062602736, 0.051), (-0.4430137, 0.035753425, 0.051), (-0.4161644, 0.035753425, 0.051), (-0.4161644, 0.062602736, 0.051), (-0.4430137, 0.062602736, 0.051), (-0.38931507, 0.035753425, 0.051), (-0.36246574, 0.035753425, 0.051), (-0.36246574, 0.062602736, 0.051), (-0.38931507, 0.062602736, 0.051), (-0.3087671, 0.035753425, 0.051), (-0.22821918, 0.035753425, 0.051), (-0.22821918, 0.062602736, 0.051), (-0.3087671, 0.062602736, 0.051), (-0.17452055, 0.035753425, 0.051), (-0.0939726, 0.035753425, 0.051), (-0.0939726, 0.062602736, 0.051), (-0.17452055, 0.062602736, 0.051), (-0.04027397, 0.035753425, 0.051), (-0.013424657, 0.035753425, 0.051), (-0.013424657, 0.062602736, 0.051), (-0.04027397, 0.062602736, 0.051), (0.0939726, 0.035753425, 0.051), (0.120821916, 0.035753425, 0.051), (0.120821916, 0.062602736, 0.051), (0.0939726, 0.062602736, 0.051), (0.17452055, 0.035753425, 0.051), (0.25506848, 0.035753425, 0.051), (0.25506848, 0.062602736, 0.051), (0.17452055, 0.062602736, 0.051), (0.3087671, 0.035753425, 0.051), (0.38931507, 0.035753425, 0.051), (0.38931507, 0.062602736, 0.051), (0.3087671, 0.062602736, 0.051), (0.4161644, 0.035753425, 0.051), (0.49671233, 0.035753425, 0.051), (0.49671233, 0.062602736, 0.051), (0.4161644, 0.062602736, 0.051), (0.52356166, 0.035753425, 0.051), (0.550411, 0.035753425, 0.051), (0.550411, 0.062602736, 0.051), (0.52356166, 0.062602736, 0.051), (0.6041096, 0.035753425, 0.051), (0.71150684, 0.035753425, 0.051), (0.71150684, 0.062602736, 0.051), (0.6041096, 0.062602736, 0.051), (0.7652055, 0.035753425, 0.051), (0.84575343, 0.035753425, 0.051), (0.84575343, 0.062602736, 0.051), (0.7652055, 0.062602736, 0.051), (0.89945203, 0.035753425, 0.051), (0.98, 0.035753425, 0.051), (0.98, 0.062602736, 0.051), (0.89945203, 0.062602736, 0.051), (-0.92630136, 0.00890411, 0.051), (-0.87260276, 0.00890411, 0.051), (-0.87260276, 0.035753425, 0.051), (-0.92630136, 0.035753425, 0.051), (-0.8189041, 0.00890411, 0.051), (-0.7920548, 0.00890411, 0.051), (-0.7920548, 0.035753425, 0.051), (-0.8189041, 0.035753425, 0.051), (-0.71150684, 0.00890411, 0.051), (-0.6846575, 0.00890411, 0.051), (-0.6846575, 0.035753425, 0.051), (-0.71150684, 0.035753425, 0.051), (-0.6309589, 0.00890411, 0.051), (-0.6041096, 0.00890411, 0.051), (-0.6041096, 0.035753425, 0.051), (-0.6309589, 0.035753425, 0.051), (-0.550411, 0.00890411, 0.051), (-0.49671233, 0.00890411, 0.051), (-0.49671233, 0.035753425, 0.051), (-0.550411, 0.035753425, 0.051), (-0.4430137, 0.00890411, 0.051), (-0.4161644, 0.00890411, 0.051), (-0.4161644, 0.035753425, 0.051), (-0.4430137, 0.035753425, 0.051), (-0.38931507, 0.00890411, 0.051), (-0.36246574, 0.00890411, 0.051), (-0.36246574, 0.035753425, 0.051), (-0.38931507, 0.035753425, 0.051), (-0.33561644, 0.00890411, 0.051), (-0.3087671, 0.00890411, 0.051), (-0.3087671, 0.035753425, 0.051), (-0.33561644, 0.035753425, 0.051), (-0.22821918, 0.00890411, 0.051), (-0.17452055, 0.00890411, 0.051), (-0.17452055, 0.035753425, 0.051), (-0.22821918, 0.035753425, 0.051), (-0.0939726, 0.00890411, 0.051), (-0.06712329, 0.00890411, 0.051), (-0.06712329, 0.035753425, 0.051), (-0.0939726, 0.035753425, 0.051), (-0.04027397, 0.00890411, 0.051), (-0.013424657, 0.00890411, 0.051), (-0.013424657, 0.035753425, 0.051), (-0.04027397, 0.035753425, 0.051), (0.14767124, 0.00890411, 0.051), (0.17452055, 0.00890411, 0.051), (0.17452055, 0.035753425, 0.051), (0.14767124, 0.035753425, 0.051), (0.25506848, 0.00890411, 0.051), (0.2819178, 0.00890411, 0.051), (0.2819178, 0.035753425, 0.051), (0.25506848, 0.035753425, 0.051), (0.3087671, 0.00890411, 0.051), (0.33561644, 0.00890411, 0.051), (0.33561644, 0.035753425, 0.051), (0.3087671, 0.035753425, 0.051), (0.4161644, 0.00890411, 0.051), (0.4430137, 0.00890411, 0.051), (0.4430137, 0.035753425, 0.051), (0.4161644, 0.035753425, 0.051), (0.52356166, 0.00890411, 0.051), (0.550411, 0.00890411, 0.051), (0.550411, 0.035753425, 0.051), (0.52356166, 0.035753425, 0.051), (0.57726026, 0.00890411, 0.051), (0.6041096, 0.00890411, 0.051), (0.6041096, 0.035753425, 0.051), (0.57726026, 0.035753425, 0.051), (0.6846575, 0.00890411, 0.051), (0.71150684, 0.00890411, 0.051), (0.71150684, 0.035753425, 0.051), (0.6846575, 0.035753425, 0.051), (0.7383562, 0.00890411, 0.051), (0.7652055, 0.00890411, 0.051), (0.7652055, 0.035753425, 0.051), (0.7383562, 0.035753425, 0.051), (0.84575343, 0.00890411, 0.051), (0.87260276, 0.00890411, 0.051), (0.87260276, 0.035753425, 0.051), (0.84575343, 0.035753425, 0.051), (0.89945203, 0.00890411, 0.051), (0.92630136, 0.00890411, 0.051), (0.92630136, 0.035753425, 0.051), (0.89945203, 0.035753425, 0.051), (-0.87260276, -0.017945206, 0.051), (-0.6846575, -0.017945206, 0.051), (-0.6846575, 0.00890411, 0.051), (-0.87260276, 0.00890411, 0.051), (-0.6309589, -0.017945206, 0.051), (-0.6041096, -0.017945206, 0.051), (-0.6041096, 0.00890411, 0.051), (-0.6309589, 0.00890411, 0.051), (-0.52356166, -0.017945206, 0.051), (-0.49671233, -0.017945206, 0.051), (-0.49671233, 0.00890411, 0.051), (-0.52356166, 0.00890411, 0.051), (-0.46986303, -0.017945206, 0.051), (-0.4430137, -0.017945206, 0.051), (-0.4430137, 0.00890411, 0.051), (-0.46986303, 0.00890411, 0.051), (-0.38931507, -0.017945206, 0.051), (-0.36246574, -0.017945206, 0.051), (-0.36246574, 0.00890411, 0.051), (-0.38931507, 0.00890411, 0.051), (-0.33561644, -0.017945206, 0.051), (-0.3087671, -0.017945206, 0.051), (-0.3087671, 0.00890411, 0.051), (-0.33561644, 0.00890411, 0.051), (-0.20136987, -0.017945206, 0.051), (-0.06712329, -0.017945206, 0.051), (-0.06712329, 0.00890411, 0.051), (-0.20136987, 0.00890411, 0.051), (-0.04027397, -0.017945206, 0.051), (-0.013424657, -0.017945206, 0.051), (-0.013424657, 0.00890411, 0.051), (-0.04027397, 0.00890411, 0.051), (0.14767124, -0.017945206, 0.051), (0.17452055, -0.017945206, 0.051), (0.17452055, 0.00890411, 0.051), (0.14767124, 0.00890411, 0.051), (0.25506848, -0.017945206, 0.051), (0.2819178, -0.017945206, 0.051), (0.2819178, 0.00890411, 0.051), (0.25506848, 0.00890411, 0.051), (0.3087671, -0.017945206, 0.051), (0.33561644, -0.017945206, 0.051), (0.33561644, 0.00890411, 0.051), (0.3087671, 0.00890411, 0.051), (0.4161644, -0.017945206, 0.051), (0.4430137, -0.017945206, 0.051), (0.4430137, 0.00890411, 0.051), (0.4161644, 0.00890411, 0.051), (0.52356166, -0.017945206, 0.051), (0.550411, -0.017945206, 0.051), (0.550411, 0.00890411, 0.051), (0.52356166, 0.00890411, 0.051), (0.57726026, -0.017945206, 0.051), (0.6041096, -0.017945206, 0.051), (0.6041096, 0.00890411, 0.051), (0.57726026, 0.00890411, 0.051), (0.6846575, -0.017945206, 0.051), (0.71150684, -0.017945206, 0.051), (0.71150684, 0.00890411, 0.051), (0.6846575, 0.00890411, 0.051), (0.7383562, -0.017945206, 0.051), (0.7652055, -0.017945206, 0.051), (0.7652055, 0.00890411, 0.051), (0.7383562, 0.00890411, 0.051), (0.84575343, -0.017945206, 0.051), (0.87260276, -0.017945206, 0.051), (0.87260276, 0.00890411, 0.051), (0.84575343, 0.00890411, 0.051), (0.89945203, -0.017945206, 0.051), (0.92630136, -0.017945206, 0.051), (0.92630136, 0.00890411, 0.051), (0.89945203, 0.00890411, 0.051), (-0.84575343, -0.044794522, 0.051), (-0.7920548, -0.044794522, 0.051), (-0.7920548, -0.017945206, 0.051), (-0.84575343, -0.017945206, 0.051), (-0.6309589, -0.044794522, 0.051), (-0.6041096, -0.044794522, 0.051), (-0.6041096, -0.017945206, 0.051), (-0.6309589, -0.017945206, 0.051), (-0.52356166, -0.044794522, 0.051), (-0.49671233, -0.044794522, 0.051), (-0.49671233, -0.017945206, 0.051), (-0.52356166, -0.017945206, 0.051), (-0.46986303, -0.044794522, 0.051), (-0.4430137, -0.044794522, 0.051), (-0.4430137, -0.017945206, 0.051), (-0.46986303, -0.017945206, 0.051), (-0.38931507, -0.044794522, 0.051), (-0.36246574, -0.044794522, 0.051), (-0.36246574, -0.017945206, 0.051), (-0.38931507, -0.017945206, 0.051), (-0.33561644, -0.044794522, 0.051), (-0.3087671, -0.044794522, 0.051), (-0.3087671, -0.017945206, 0.051), (-0.33561644, -0.017945206, 0.051), (-0.20136987, -0.044794522, 0.051), (-0.17452055, -0.044794522, 0.051), (-0.17452055, -0.017945206, 0.051), (-0.20136987, -0.017945206, 0.051), (-0.04027397, -0.044794522, 0.051), (-0.013424657, -0.044794522, 0.051), (-0.013424657, -0.017945206, 0.051), (-0.04027397, -0.017945206, 0.051), (0.0939726, -0.044794522, 0.051), (0.120821916, -0.044794522, 0.051), (0.120821916, -0.017945206, 0.051), (0.0939726, -0.017945206, 0.051), (0.14767124, -0.044794522, 0.051), (0.17452055, -0.044794522, 0.051), (0.17452055, -0.017945206, 0.051), (0.14767124, -0.017945206, 0.051), (0.25506848, -0.044794522, 0.051), (0.2819178, -0.044794522, 0.051), (0.2819178, -0.017945206, 0.051), (0.25506848, -0.017945206, 0.051), (0.3087671, -0.044794522, 0.051), (0.33561644, -0.044794522, 0.051), (0.33561644, -0.017945206, 0.051), (0.3087671, -0.017945206, 0.051), (0.4161644, -0.044794522, 0.051), (0.4430137, -0.044794522, 0.051), (0.4430137, -0.017945206, 0.051), (0.4161644, -0.017945206, 0.051), (0.52356166, -0.044794522, 0.051), (0.550411, -0.044794522, 0.051), (0.550411, -0.017945206, 0.051), (0.52356166, -0.017945206, 0.051), (0.57726026, -0.044794522, 0.051), (0.6041096, -0.044794522, 0.051), (0.6041096, -0.017945206, 0.051), (0.57726026, -0.017945206, 0.051), (0.6846575, -0.044794522, 0.051), (0.71150684, -0.044794522, 0.051), (0.71150684, -0.017945206, 0.051), (0.6846575, -0.017945206, 0.051), (0.7383562, -0.044794522, 0.051), (0.7652055, -0.044794522, 0.051), (0.7652055, -0.017945206, 0.051), (0.7383562, -0.017945206, 0.051), (0.84575343, -0.044794522, 0.051), (0.87260276, -0.044794522, 0.051), (0.87260276, -0.017945206, 0.051), (0.84575343, -0.017945206, 0.051), (0.89945203, -0.044794522, 0.051), (0.92630136, -0.044794522, 0.051), (0.92630136, -0.017945206, 0.051), (0.89945203, -0.017945206, 0.051), (-0.9531507, -0.07164384, 0.051), (-0.92630136, -0.07164384, 0.051), (-0.92630136, -0.044794522, 0.051), (-0.9531507, -0.044794522, 0.051), (-0.84575343, -0.07164384, 0.051), (-0.7920548, -0.07164384, 0.051), (-0.7920548, -0.044794522, 0.051), (-0.84575343, -0.044794522, 0.051), (-0.71150684, -0.07164384, 0.051), (-0.6846575, -0.07164384, 0.051), (-0.6846575, -0.044794522, 0.051), (-0.71150684, -0.044794522, 0.051), (-0.6309589, -0.07164384, 0.051), (-0.6041096, -0.07164384, 0.051), (-0.6041096, -0.044794522, 0.051), (-0.6309589, -0.044794522, 0.051), (-0.52356166, -0.07164384, 0.051), (-0.4430137, -0.07164384, 0.051), (-0.4430137, -0.044794522, 0.051), (-0.52356166, -0.044794522, 0.051), (-0.38931507, -0.07164384, 0.051), (-0.36246574, -0.07164384, 0.051), (-0.36246574, -0.044794522, 0.051), (-0.38931507, -0.044794522, 0.051), (-0.33561644, -0.07164384, 0.051), (-0.3087671, -0.07164384, 0.051), (-0.3087671, -0.044794522, 0.051), (-0.33561644, -0.044794522, 0.051), (-0.25506848, -0.07164384, 0.051), (-0.17452055, -0.07164384, 0.051), (-0.17452055, -0.044794522, 0.051), (-0.25506848, -0.044794522, 0.051), (-0.0939726, -0.07164384, 0.051), (-0.06712329, -0.07164384, 0.051), (-0.06712329, -0.044794522, 0.051), (-0.0939726, -0.044794522, 0.051), (-0.013424657, -0.07164384, 0.051), (0.013424657, -0.07164384, 0.051), (0.013424657, -0.044794522, 0.051), (-0.013424657, -0.044794522, 0.051), (0.0939726, -0.07164384, 0.051), (0.120821916, -0.07164384, 0.051), (0.120821916, -0.044794522, 0.051), (0.0939726, -0.044794522, 0.051), (0.14767124, -0.07164384, 0.051), (0.17452055, -0.07164384, 0.051), (0.17452055, -0.044794522, 0.051), (0.14767124, -0.044794522, 0.051), (0.25506848, -0.07164384, 0.051), (0.2819178, -0.07164384, 0.051), (0.2819178, -0.044794522, 0.051), (0.25506848, -0.044794522, 0.051), (0.3087671, -0.07164384, 0.051), (0.33561644, -0.07164384, 0.051), (0.33561644, -0.044794522, 0.051), (0.3087671, -0.044794522, 0.051), (0.4161644, -0.07164384, 0.051), (0.4430137, -0.07164384, 0.051), (0.4430137, -0.044794522, 0.051), (0.4161644, -0.044794522, 0.051), (0.52356166, -0.07164384, 0.051), (0.550411, -0.07164384, 0.051), (0.550411, -0.044794522, 0.051), (0.52356166, -0.044794522, 0.051), (0.57726026, -0.07164384, 0.051), (0.6041096, -0.07164384, 0.051), (0.6041096, -0.044794522, 0.051), (0.57726026, -0.044794522, 0.051), (0.6846575, -0.07164384, 0.051), (0.71150684, -0.07164384, 0.051), (0.71150684, -0.044794522, 0.051), (0.6846575, -0.044794522, 0.051), (0.7383562, -0.07164384, 0.051), (0.7652055, -0.07164384, 0.051), (0.7652055, -0.044794522, 0.051), (0.7383562, -0.044794522, 0.051), (0.84575343, -0.07164384, 0.051), (0.87260276, -0.07164384, 0.051), (0.87260276, -0.044794522, 0.051), (0.84575343, -0.044794522, 0.051), (0.89945203, -0.07164384, 0.051), (0.92630136, -0.07164384, 0.051), (0.92630136, -0.044794522, 0.051), (0.89945203, -0.044794522, 0.051), (-0.92630136, -0.09849315, 0.051), (-0.84575343, -0.09849315, 0.051), (-0.84575343, -0.07164384, 0.051), (-0.92630136, -0.07164384, 0.051), (-0.7920548, -0.09849315, 0.051), (-0.71150684, -0.09849315, 0.051), (-0.71150684, -0.07164384, 0.051), (-0.7920548, -0.07164384, 0.051), (-0.6309589, -0.09849315, 0.051), (-0.6041096, -0.09849315, 0.051), (-0.6041096, -0.07164384, 0.051), (-0.6309589, -0.07164384, 0.051), (-0.49671233, -0.09849315, 0.051), (-0.46986303, -0.09849315, 0.051), (-0.46986303, -0.07164384, 0.051), (-0.49671233, -0.07164384, 0.051), (-0.38931507, -0.09849315, 0.051), (-0.36246574, -0.09849315, 0.051), (-0.36246574, -0.07164384, 0.051), (-0.38931507, -0.07164384, 0.051), (-0.3087671, -0.09849315, 0.051), (-0.22821918, -0.09849315, 0.051), (-0.22821918, -0.07164384, 0.051), (-0.3087671, -0.07164384, 0.051), (-0.17452055, -0.09849315, 0.051), (-0.0939726, -0.09849315, 0.051), (-0.0939726, -0.07164384, 0.051), (-0.17452055, -0.07164384, 0.051), (-0.013424657, -0.09849315, 0.051), (0.0939726, -0.09849315, 0.051), (0.0939726, -0.07164384, 0.051), (-0.013424657, -0.07164384, 0.051), (0.17452055, -0.09849315, 0.051), (0.25506848, -0.09849315, 0.051), (0.25506848, -0.07164384, 0.051), (0.17452055, -0.07164384, 0.051), (0.3087671, -0.09849315, 0.051), (0.33561644, -0.09849315, 0.051), (0.33561644, -0.07164384, 0.051), (0.3087671, -0.07164384, 0.051), (0.4161644, -0.09849315, 0.051), (0.4430137, -0.09849315, 0.051), (0.4430137, -0.07164384, 0.051), (0.4161644, -0.07164384, 0.051), (0.52356166, -0.09849315, 0.051), (0.550411, -0.09849315, 0.051), (0.550411, -0.07164384, 0.051), (0.52356166, -0.07164384, 0.051), (0.6041096, -0.09849315, 0.051), (0.71150684, -0.09849315, 0.051), (0.71150684, -0.07164384, 0.051), (0.6041096, -0.07164384, 0.051), (0.7652055, -0.09849315, 0.051), (0.84575343, -0.09849315, 0.051), (0.84575343, -0.07164384, 0.051), (0.7652055, -0.07164384, 0.051), (0.89945203, -0.09849315, 0.051), (0.92630136, -0.09849315, 0.051), (0.92630136, -0.07164384, 0.051), (0.89945203, -0.07164384, 0.051)]
                    color3f[] primvars:displayColor = [(0.015, 0.022, 0.028)]
                    uniform token subdivisionScheme = "none"
                    matrix4d xformOp:transform = ( (1, 0, 0, 0), (0, 1, 0, 0), (0, 0, 1, 0), (5, -5.25, 0, 1) )
                    uniform token[] xformOpOrder = ["xformOp:transform"]
                }

                def Cube "ReviewLink0" (
                    prepend apiSchemas = ["MaterialBindingAPI", "AecoDerivedGeometryAPI"]
                )
                {
                    uniform token aeco:derived:approx = "exact"
                    uniform token aeco:derived:role = "symbol"
                    string aeco:derived:source = "141ffdc3-5ade-5d2b-9f6f-3343df642b64"
                    string aeco:derived:stamp = "core hierarchy symbols 0.9.2"
                    double aeco:derived:tolerance = 0.000001
                    float3[] extent = [(-0.5, -0.5, -0.5), (0.5, 0.5, 0.5)]
                    rel material:binding = </ReviewMaterials/Link>
                    color3f[] primvars:displayColor = [(0.35, 0.4, 0.45)]
                    double size = 1
                    float3 xformOp:scale = (0.13, 0.04, 0.04)
                    matrix4d xformOp:transform = ( (1, 0, 0, 0), (0, 1, 0, 0), (0, 0, 1, 0), (3.625, -0.75, 0, 1) )
                    uniform token[] xformOpOrder = ["xformOp:transform", "xformOp:scale"]
                }

                def Cube "ReviewLink1" (
                    prepend apiSchemas = ["MaterialBindingAPI", "AecoDerivedGeometryAPI"]
                )
                {
                    uniform token aeco:derived:approx = "exact"
                    uniform token aeco:derived:role = "symbol"
                    string aeco:derived:source = "141ffdc3-5ade-5d2b-9f6f-3343df642b64"
                    string aeco:derived:stamp = "core hierarchy symbols 0.9.2"
                    double aeco:derived:tolerance = 0.000001
                    float3[] extent = [(-0.5, -0.5, -0.5), (0.5, 0.5, 0.5)]
                    rel material:binding = </ReviewMaterials/Link>
                    color3f[] primvars:displayColor = [(0.35, 0.4, 0.45)]
                    double size = 1
                    float3 xformOp:scale = (0.04, 4.5, 0.04)
                    matrix4d xformOp:transform = ( (1, 0, 0, 0), (0, 1, 0, 0), (0, 0, 1, 0), (3.69, -3, 0, 1) )
                    uniform token[] xformOpOrder = ["xformOp:transform", "xformOp:scale"]
                }

                def Cube "ReviewLink2" (
                    prepend apiSchemas = ["MaterialBindingAPI", "AecoDerivedGeometryAPI"]
                )
                {
                    uniform token aeco:derived:approx = "exact"
                    uniform token aeco:derived:role = "symbol"
                    string aeco:derived:source = "141ffdc3-5ade-5d2b-9f6f-3343df642b64"
                    string aeco:derived:stamp = "core hierarchy symbols 0.9.2"
                    double aeco:derived:tolerance = 0.000001
                    float3[] extent = [(-0.5, -0.5, -0.5), (0.5, 0.5, 0.5)]
                    rel material:binding = </ReviewMaterials/Link>
                    color3f[] primvars:displayColor = [(0.35, 0.4, 0.45)]
                    double size = 1
                    float3 xformOp:scale = (0.25, 0.04, 0.04)
                    matrix4d xformOp:transform = ( (1, 0, 0, 0), (0, 1, 0, 0), (0, 0, 1, 0), (3.815, -5.25, 0, 1) )
                    uniform token[] xformOpOrder = ["xformOp:transform", "xformOp:scale"]
                }
            }
        }

        over "Switchyard"
        {
            def Cube "ReviewSymbol" (
                prepend apiSchemas = ["AecoDerivedGeometryAPI", "MaterialBindingAPI"]
            )
            {
                uniform token aeco:derived:approx = "exact"
                uniform token aeco:derived:role = "symbol"
                string aeco:derived:source = "4bcaa6bc-880e-52b5-90b3-efa260188536"
                string aeco:derived:stamp = "core hierarchy symbols 0.9.2"
                double aeco:derived:tolerance = 0.000001
                float3[] extent = [(-0.5, -0.5, -0.5), (0.5, 0.5, 0.5)]
                rel material:binding = </ReviewMaterials/Space>
                color3f[] primvars:displayColor = [(0.22, 0.65, 0.67)]
                double size = 1
                float3 xformOp:scale = (2.12, 0.5, 0.08)
                matrix4d xformOp:transform = ( (1, 0, 0, 0), (0, 1, 0, 0), (0, 0, 1, 0), (2.5, -6, 0, 1) )
                uniform token[] xformOpOrder = ["xformOp:transform", "xformOp:scale"]
            }

            def Mesh "ReviewLabel" (
                prepend apiSchemas = ["AecoDerivedGeometryAPI", "MaterialBindingAPI"]
            )
            {
                uniform token aeco:derived:approx = "tessellated"
                uniform token aeco:derived:role = "symbol"
                string aeco:derived:source = "4bcaa6bc-880e-52b5-90b3-efa260188536"
                string aeco:derived:stamp = "core hierarchy symbols 0.9.2"
                uniform bool doubleSided = 1
                float3[] extent = [(-0.95, -0.19, 0.051), (0.55, 0.11, 0.051)]
                int[] faceVertexCounts = [4, 4, 4, 4, 4, 4, 4, 4, 4, 4, 4, 4, 4, 4, 4, 4, 4, 4, 4, 4, 4, 4, 4, 4, 4, 4, 4, 4, 4, 4, 4, 4, 4, 4, 4, 4, 4, 4, 4, 4, 4, 4, 4, 4, 4, 4, 4, 4, 4, 4, 4, 4, 4, 4, 4, 4, 4, 4, 4, 4, 4, 4, 4, 4, 4, 4, 4, 4, 4, 4, 4, 4, 4, 4, 4, 4, 4, 4, 4, 4, 4, 4, 4, 4, 4, 4, 4, 4, 4, 4, 4, 4, 4, 4, 4, 4, 4, 4, 4, 4]
                int[] faceVertexIndices = [0, 1, 2, 3, 4, 5, 6, 7, 8, 9, 10, 11, 12, 13, 14, 15, 16, 17, 18, 19, 20, 21, 22, 23, 24, 25, 26, 27, 28, 29, 30, 31, 32, 33, 34, 35, 36, 37, 38, 39, 40, 41, 42, 43, 44, 45, 46, 47, 48, 49, 50, 51, 52, 53, 54, 55, 56, 57, 58, 59, 60, 61, 62, 63, 64, 65, 66, 67, 68, 69, 70, 71, 72, 73, 74, 75, 76, 77, 78, 79, 80, 81, 82, 83, 84, 85, 86, 87, 88, 89, 90, 91, 92, 93, 94, 95, 96, 97, 98, 99, 100, 101, 102, 103, 104, 105, 106, 107, 108, 109, 110, 111, 112, 113, 114, 115, 116, 117, 118, 119, 120, 121, 122, 123, 124, 125, 126, 127, 128, 129, 130, 131, 132, 133, 134, 135, 136, 137, 138, 139, 140, 141, 142, 143, 144, 145, 146, 147, 148, 149, 150, 151, 152, 153, 154, 155, 156, 157, 158, 159, 160, 161, 162, 163, 164, 165, 166, 167, 168, 169, 170, 171, 172, 173, 174, 175, 176, 177, 178, 179, 180, 181, 182, 183, 184, 185, 186, 187, 188, 189, 190, 191, 192, 193, 194, 195, 196, 197, 198, 199, 200, 201, 202, 203, 204, 205, 206, 207, 208, 209, 210, 211, 212, 213, 214, 215, 216, 217, 218, 219, 220, 221, 222, 223, 224, 225, 226, 227, 228, 229, 230, 231, 232, 233, 234, 235, 236, 237, 238, 239, 240, 241, 242, 243, 244, 245, 246, 247, 248, 249, 250, 251, 252, 253, 254, 255, 256, 257, 258, 259, 260, 261, 262, 263, 264, 265, 266, 267, 268, 269, 270, 271, 272, 273, 274, 275, 276, 277, 278, 279, 280, 281, 282, 283, 284, 285, 286, 287, 288, 289, 290, 291, 292, 293, 294, 295, 296, 297, 298, 299, 300, 301, 302, 303, 304, 305, 306, 307, 308, 309, 310, 311, 312, 313, 314, 315, 316, 317, 318, 319, 320, 321, 322, 323, 324, 325, 326, 327, 328, 329, 330, 331, 332, 333, 334, 335, 336, 337, 338, 339, 340, 341, 342, 343, 344, 345, 346, 347, 348, 349, 350, 351, 352, 353, 354, 355, 356, 357, 358, 359, 360, 361, 362, 363, 364, 365, 366, 367, 368, 369, 370, 371, 372, 373, 374, 375, 376, 377, 378, 379, 380, 381, 382, 383, 384, 385, 386, 387, 388, 389, 390, 391, 392, 393, 394, 395, 396, 397, 398, 399]
                rel material:binding = </ReviewMaterials/Ink>
                point3f[] points = [(-0.92, 0.08, 0.051), (-0.83, 0.08, 0.051), (-0.83, 0.11, 0.051), (-0.92, 0.11, 0.051), (-0.53, 0.08, 0.051), (-0.5, 0.08, 0.051), (-0.5, 0.11, 0.051), (-0.53, 0.11, 0.051), (-0.44, 0.08, 0.051), (-0.41, 0.08, 0.051), (-0.41, 0.11, 0.051), (-0.44, 0.11, 0.051), (-0.2, 0.08, 0.051), (-0.17, 0.08, 0.051), (-0.17, 0.11, 0.051), (-0.2, 0.11, 0.051), (0.52, 0.08, 0.051), (0.55, 0.08, 0.051), (0.55, 0.11, 0.051), (0.52, 0.11, 0.051), (-0.95, 0.05, 0.051), (-0.92, 0.05, 0.051), (-0.92, 0.08, 0.051), (-0.95, 0.08, 0.051), (-0.83, 0.05, 0.051), (-0.8, 0.05, 0.051), (-0.8, 0.08, 0.051), (-0.83, 0.08, 0.051), (-0.44, 0.05, 0.051), (-0.41, 0.05, 0.051), (-0.41, 0.08, 0.051), (-0.44, 0.08, 0.051), (-0.2, 0.05, 0.051), (-0.17, 0.05, 0.051), (-0.17, 0.08, 0.051), (-0.2, 0.08, 0.051), (0.52, 0.05, 0.051), (0.55, 0.05, 0.051), (0.55, 0.08, 0.051), (0.52, 0.08, 0.051), (-0.95, 0.02, 0.051), (-0.92, 0.02, 0.051), (-0.92, 0.05, 0.051), (-0.95, 0.05, 0.051), (-0.8, 0.02, 0.051), (-0.77, 0.02, 0.051), (-0.77, 0.05, 0.051), (-0.8, 0.05, 0.051), (-0.71, 0.02, 0.051), (-0.65, 0.02, 0.051), (-0.65, 0.05, 0.051), (-0.71, 0.05, 0.051), (-0.59, 0.02, 0.051), (-0.56, 0.02, 0.051), (-0.56, 0.05, 0.051), (-0.59, 0.05, 0.051), (-0.53, 0.02, 0.051), (-0.5, 0.02, 0.051), (-0.5, 0.05, 0.051), (-0.53, 0.05, 0.051), (-0.47, 0.02, 0.051), (-0.38, 0.02, 0.051), (-0.38, 0.05, 0.051), (-0.47, 0.05, 0.051), (-0.35, 0.02, 0.051), (-0.26, 0.02, 0.051), (-0.26, 0.05, 0.051), (-0.35, 0.05, 0.051), (-0.2, 0.02, 0.051), (-0.08, 0.02, 0.051), (-0.08, 0.05, 0.051), (-0.2, 0.05, 0.051), (-0.02, 0.02, 0.051), (0.01, 0.02, 0.051), (0.01, 0.05, 0.051), (-0.02, 0.05, 0.051), (0.1, 0.02, 0.051), (0.13, 0.02, 0.051), (0.13, 0.05, 0.051), (0.1, 0.05, 0.051), (0.16, 0.02, 0.051), (0.25, 0.02, 0.051), (0.25, 0.05, 0.051), (0.16, 0.05, 0.051), (0.31, 0.02, 0.051), (0.4, 0.02, 0.051), (0.4, 0.05, 0.051), (0.31, 0.05, 0.051), (0.43, 0.02, 0.051), (0.55, 0.02, 0.051), (0.55, 0.05, 0.051), (0.43, 0.05, 0.051), (-0.92, -0.01, 0.051), (-0.86, -0.01, 0.051), (-0.86, 0.02, 0.051), (-0.92, 0.02, 0.051), (-0.8, -0.01, 0.051), (-0.77, -0.01, 0.051), (-0.77, 0.02, 0.051), (-0.8, 0.02, 0.051), (-0.71, -0.01, 0.051), (-0.65, -0.01, 0.051), (-0.65, 0.02, 0.051), (-0.71, 0.02, 0.051), (-0.62, -0.01, 0.051), (-0.59, -0.01, 0.051), (-0.59, 0.02, 0.051), (-0.62, 0.02, 0.051), (-0.53, -0.01, 0.051), (-0.5, -0.01, 0.051), (-0.5, 0.02, 0.051), (-0.53, 0.02, 0.051), (-0.44, -0.01, 0.051), (-0.41, -0.01, 0.051), (-0.41, 0.02, 0.051), (-0.44, 0.02, 0.051), (-0.38, -0.01, 0.051), (-0.35, -0.01, 0.051), (-0.35, 0.02, 0.051), (-0.38, 0.02, 0.051), (-0.26, -0.01, 0.051), (-0.23, -0.01, 0.051), (-0.23, 0.02, 0.051), (-0.26, 0.02, 0.051), (-0.2, -0.01, 0.051), (-0.14, -0.01, 0.051), (-0.14, 0.02, 0.051), (-0.2, 0.02, 0.051), (-0.08, -0.01, 0.051), (-0.05, -0.01, 0.051), (-0.05, 0.02, 0.051), (-0.08, 0.02, 0.051), (-0.02, -0.01, 0.051), (0.04, -0.01, 0.051), (0.04, 0.02, 0.051), (-0.02, 0.02, 0.051), (0.1, -0.01, 0.051), (0.16, -0.01, 0.051), (0.16, 0.02, 0.051), (0.1, 0.02, 0.051), (0.22, -0.01, 0.051), (0.25, -0.01, 0.051), (0.25, 0.02, 0.051), (0.22, 0.02, 0.051), (0.31, -0.01, 0.051), (0.34, -0.01, 0.051), (0.34, 0.02, 0.051), (0.31, 0.02, 0.051), (0.4, -0.01, 0.051), (0.43, -0.01, 0.051), (0.43, 0.02, 0.051), (0.4, 0.02, 0.051), (0.52, -0.01, 0.051), (0.55, -0.01, 0.051), (0.55, 0.02, 0.051), (0.52, 0.02, 0.051), (-0.86, -0.04, 0.051), (-0.8, -0.04, 0.051), (-0.8, -0.01, 0.051), (-0.86, -0.01, 0.051), (-0.77, -0.04, 0.051), (-0.74, -0.04, 0.051), (-0.74, -0.01, 0.051), (-0.77, -0.01, 0.051), (-0.71, -0.04, 0.051), (-0.65, -0.04, 0.051), (-0.65, -0.01, 0.051), (-0.71, -0.01, 0.051), (-0.62, -0.04, 0.051), (-0.59, -0.04, 0.051), (-0.59, -0.01, 0.051), (-0.62, -0.01, 0.051), (-0.53, -0.04, 0.051), (-0.5, -0.04, 0.051), (-0.5, -0.01, 0.051), (-0.53, -0.01, 0.051), (-0.44, -0.04, 0.051), (-0.41, -0.04, 0.051), (-0.41, -0.01, 0.051), (-0.44, -0.01, 0.051), (-0.38, -0.04, 0.051), (-0.35, -0.04, 0.051), (-0.35, -0.01, 0.051), (-0.38, -0.01, 0.051), (-0.2, -0.04, 0.051), (-0.17, -0.04, 0.051), (-0.17, -0.01, 0.051), (-0.2, -0.01, 0.051), (-0.08, -0.04, 0.051), (-0.05, -0.04, 0.051), (-0.05, -0.01, 0.051), (-0.08, -0.01, 0.051), (0.01, -0.04, 0.051), (0.04, -0.04, 0.051), (0.04, -0.01, 0.051), (0.01, -0.01, 0.051), (0.07, -0.04, 0.051), (0.1, -0.04, 0.051), (0.1, -0.01, 0.051), (0.07, -0.01, 0.051), (0.16, -0.04, 0.051), (0.25, -0.04, 0.051), (0.25, -0.01, 0.051), (0.16, -0.01, 0.051), (0.31, -0.04, 0.051), (0.34, -0.04, 0.051), (0.34, -0.01, 0.051), (0.31, -0.01, 0.051), (0.4, -0.04, 0.051), (0.43, -0.04, 0.051), (0.43, -0.01, 0.051), (0.4, -0.01, 0.051), (0.52, -0.04, 0.051), (0.55, -0.04, 0.051), (0.55, -0.01, 0.051), (0.52, -0.01, 0.051), (-0.83, -0.07, 0.051), (-0.8, -0.07, 0.051), (-0.8, -0.04, 0.051), (-0.83, -0.04, 0.051), (-0.77, -0.07, 0.051), (-0.71, -0.07, 0.051), (-0.71, -0.04, 0.051), (-0.77, -0.04, 0.051), (-0.68, -0.07, 0.051), (-0.65, -0.07, 0.051), (-0.65, -0.04, 0.051), (-0.68, -0.04, 0.051), (-0.62, -0.07, 0.051), (-0.59, -0.07, 0.051), (-0.59, -0.04, 0.051), (-0.62, -0.04, 0.051), (-0.53, -0.07, 0.051), (-0.5, -0.07, 0.051), (-0.5, -0.04, 0.051), (-0.53, -0.04, 0.051), (-0.44, -0.07, 0.051), (-0.41, -0.07, 0.051), (-0.41, -0.04, 0.051), (-0.44, -0.04, 0.051), (-0.38, -0.07, 0.051), (-0.35, -0.07, 0.051), (-0.35, -0.04, 0.051), (-0.38, -0.04, 0.051), (-0.2, -0.07, 0.051), (-0.17, -0.07, 0.051), (-0.17, -0.04, 0.051), (-0.2, -0.04, 0.051), (-0.08, -0.07, 0.051), (-0.05, -0.07, 0.051), (-0.05, -0.04, 0.051), (-0.08, -0.04, 0.051), (0.01, -0.07, 0.051), (0.04, -0.07, 0.051), (0.04, -0.04, 0.051), (0.01, -0.04, 0.051), (0.07, -0.07, 0.051), (0.1, -0.07, 0.051), (0.1, -0.04, 0.051), (0.07, -0.04, 0.051), (0.13, -0.07, 0.051), (0.19, -0.07, 0.051), (0.19, -0.04, 0.051), (0.13, -0.04, 0.051), (0.22, -0.07, 0.051), (0.25, -0.07, 0.051), (0.25, -0.04, 0.051), (0.22, -0.04, 0.051), (0.31, -0.07, 0.051), (0.34, -0.07, 0.051), (0.34, -0.04, 0.051), (0.31, -0.04, 0.051), (0.4, -0.07, 0.051), (0.43, -0.07, 0.051), (0.43, -0.04, 0.051), (0.4, -0.04, 0.051), (0.52, -0.07, 0.051), (0.55, -0.07, 0.051), (0.55, -0.04, 0.051), (0.52, -0.04, 0.051), (-0.95, -0.1, 0.051), (-0.92, -0.1, 0.051), (-0.92, -0.07, 0.051), (-0.95, -0.07, 0.051), (-0.83, -0.1, 0.051), (-0.8, -0.1, 0.051), (-0.8, -0.07, 0.051), (-0.83, -0.07, 0.051), (-0.77, -0.1, 0.051), (-0.71, -0.1, 0.051), (-0.71, -0.07, 0.051), (-0.77, -0.07, 0.051), (-0.65, -0.1, 0.051), (-0.59, -0.1, 0.051), (-0.59, -0.07, 0.051), (-0.65, -0.07, 0.051), (-0.53, -0.1, 0.051), (-0.5, -0.1, 0.051), (-0.5, -0.07, 0.051), (-0.53, -0.07, 0.051), (-0.44, -0.1, 0.051), (-0.41, -0.1, 0.051), (-0.41, -0.07, 0.051), (-0.44, -0.07, 0.051), (-0.38, -0.1, 0.051), (-0.35, -0.1, 0.051), (-0.35, -0.07, 0.051), (-0.38, -0.07, 0.051), (-0.29, -0.1, 0.051), (-0.23, -0.1, 0.051), (-0.23, -0.07, 0.051), (-0.29, -0.07, 0.051), (-0.2, -0.1, 0.051), (-0.17, -0.1, 0.051), (-0.17, -0.07, 0.051), (-0.2, -0.07, 0.051), (-0.08, -0.1, 0.051), (-0.05, -0.1, 0.051), (-0.05, -0.07, 0.051), (-0.08, -0.07, 0.051), (0.01, -0.1, 0.051), (0.1, -0.1, 0.051), (0.1, -0.07, 0.051), (0.01, -0.07, 0.051), (0.13, -0.1, 0.051), (0.16, -0.1, 0.051), (0.16, -0.07, 0.051), (0.13, -0.07, 0.051), (0.22, -0.1, 0.051), (0.25, -0.1, 0.051), (0.25, -0.07, 0.051), (0.22, -0.07, 0.051), (0.31, -0.1, 0.051), (0.34, -0.1, 0.051), (0.34, -0.07, 0.051), (0.31, -0.07, 0.051), (0.4, -0.1, 0.051), (0.43, -0.1, 0.051), (0.43, -0.07, 0.051), (0.4, -0.07, 0.051), (0.52, -0.1, 0.051), (0.55, -0.1, 0.051), (0.55, -0.07, 0.051), (0.52, -0.07, 0.051), (-0.92, -0.13, 0.051), (-0.83, -0.13, 0.051), (-0.83, -0.1, 0.051), (-0.92, -0.1, 0.051), (-0.77, -0.13, 0.051), (-0.71, -0.13, 0.051), (-0.71, -0.1, 0.051), (-0.77, -0.1, 0.051), (-0.65, -0.13, 0.051), (-0.62, -0.13, 0.051), (-0.62, -0.1, 0.051), (-0.65, -0.1, 0.051), (-0.53, -0.13, 0.051), (-0.5, -0.13, 0.051), (-0.5, -0.1, 0.051), (-0.53, -0.1, 0.051), (-0.44, -0.13, 0.051), (-0.38, -0.13, 0.051), (-0.38, -0.1, 0.051), (-0.44, -0.1, 0.051), (-0.35, -0.13, 0.051), (-0.26, -0.13, 0.051), (-0.26, -0.1, 0.051), (-0.35, -0.1, 0.051), (-0.2, -0.13, 0.051), (-0.17, -0.13, 0.051), (-0.17, -0.1, 0.051), (-0.2, -0.1, 0.051), (-0.08, -0.13, 0.051), (-0.05, -0.13, 0.051), (-0.05, -0.1, 0.051), (-0.08, -0.1, 0.051), (0.04, -0.13, 0.051), (0.07, -0.13, 0.051), (0.07, -0.1, 0.051), (0.04, -0.1, 0.051), (0.13, -0.13, 0.051), (0.25, -0.13, 0.051), (0.25, -0.1, 0.051), (0.13, -0.1, 0.051), (0.31, -0.13, 0.051), (0.34, -0.13, 0.051), (0.34, -0.1, 0.051), (0.31, -0.1, 0.051), (0.43, -0.13, 0.051), (0.55, -0.13, 0.051), (0.55, -0.1, 0.051), (0.43, -0.1, 0.051), (0.04, -0.16, 0.051), (0.07, -0.16, 0.051), (0.07, -0.13, 0.051), (0.04, -0.13, 0.051), (0.01, -0.19, 0.051), (0.04, -0.19, 0.051), (0.04, -0.16, 0.051), (0.01, -0.16, 0.051)]
                color3f[] primvars:displayColor = [(0.015, 0.022, 0.028)]
                uniform token subdivisionScheme = "none"
                matrix4d xformOp:transform = ( (1, 0, 0, 0), (0, 1, 0, 0), (0, 0, 1, 0), (2.5, -6, 0, 1) )
                uniform token[] xformOpOrder = ["xformOp:transform"]
            }

            def Cube "ReviewLink0" (
                prepend apiSchemas = ["MaterialBindingAPI", "AecoDerivedGeometryAPI"]
            )
            {
                uniform token aeco:derived:approx = "exact"
                uniform token aeco:derived:role = "symbol"
                string aeco:derived:source = "4bcaa6bc-880e-52b5-90b3-efa260188536"
                string aeco:derived:stamp = "core hierarchy symbols 0.9.2"
                double aeco:derived:tolerance = 0.000001
                float3[] extent = [(-0.5, -0.5, -0.5), (0.5, 0.5, 0.5)]
                rel material:binding = </ReviewMaterials/Link>
                color3f[] primvars:displayColor = [(0.35, 0.4, 0.45)]
                double size = 1
                float3 xformOp:scale = (0.13, 0.04, 0.04)
                matrix4d xformOp:transform = ( (1, 0, 0, 0), (0, 1, 0, 0), (0, 0, 1, 0), (1.125, 0, 0, 1) )
                uniform token[] xformOpOrder = ["xformOp:transform", "xformOp:scale"]
            }

            def Cube "ReviewLink1" (
                prepend apiSchemas = ["MaterialBindingAPI", "AecoDerivedGeometryAPI"]
            )
            {
                uniform token aeco:derived:approx = "exact"
                uniform token aeco:derived:role = "symbol"
                string aeco:derived:source = "4bcaa6bc-880e-52b5-90b3-efa260188536"
                string aeco:derived:stamp = "core hierarchy symbols 0.9.2"
                double aeco:derived:tolerance = 0.000001
                float3[] extent = [(-0.5, -0.5, -0.5), (0.5, 0.5, 0.5)]
                rel material:binding = </ReviewMaterials/Link>
                color3f[] primvars:displayColor = [(0.35, 0.4, 0.45)]
                double size = 1
                float3 xformOp:scale = (0.04, 6, 0.04)
                matrix4d xformOp:transform = ( (1, 0, 0, 0), (0, 1, 0, 0), (0, 0, 1, 0), (1.19, -3, 0, 1) )
                uniform token[] xformOpOrder = ["xformOp:transform", "xformOp:scale"]
            }

            def Cube "ReviewLink2" (
                prepend apiSchemas = ["MaterialBindingAPI", "AecoDerivedGeometryAPI"]
            )
            {
                uniform token aeco:derived:approx = "exact"
                uniform token aeco:derived:role = "symbol"
                string aeco:derived:source = "4bcaa6bc-880e-52b5-90b3-efa260188536"
                string aeco:derived:stamp = "core hierarchy symbols 0.9.2"
                double aeco:derived:tolerance = 0.000001
                float3[] extent = [(-0.5, -0.5, -0.5), (0.5, 0.5, 0.5)]
                rel material:binding = </ReviewMaterials/Link>
                color3f[] primvars:displayColor = [(0.35, 0.4, 0.45)]
                double size = 1
                float3 xformOp:scale = (0.25, 0.04, 0.04)
                matrix4d xformOp:transform = ( (1, 0, 0, 0), (0, 1, 0, 0), (0, 0, 1, 0), (1.315, -6, 0, 1) )
                uniform token[] xformOpOrder = ["xformOp:transform", "xformOp:scale"]
            }

            over "Transformer1"
            {
                def Cube "ReviewSymbol" (
                    prepend apiSchemas = ["AecoDerivedGeometryAPI", "MaterialBindingAPI"]
                )
                {
                    uniform token aeco:derived:approx = "exact"
                    uniform token aeco:derived:role = "symbol"
                    string aeco:derived:source = "ff9f0724-f882-5bd9-8fd4-7ebf346d2f1e"
                    string aeco:derived:stamp = "core hierarchy symbols 0.9.2"
                    double aeco:derived:tolerance = 0.000001
                    float3[] extent = [(-0.5, -0.5, -0.5), (0.5, 0.5, 0.5)]
                    rel material:binding = </ReviewMaterials/Element>
                    color3f[] primvars:displayColor = [(0.85, 0.57, 0.2)]
                    double size = 1
                    float3 xformOp:scale = (2.12, 0.5, 0.08)
                    matrix4d xformOp:transform = ( (1, 0, 0, 0), (0, 1, 0, 0), (0, 0, 1, 0), (5, -6.75, 0, 1) )
                    uniform token[] xformOpOrder = ["xformOp:transform", "xformOp:scale"]
                }

                def Mesh "ReviewLabel" (
                    prepend apiSchemas = ["AecoDerivedGeometryAPI", "MaterialBindingAPI"]
                )
                {
                    uniform token aeco:derived:approx = "tessellated"
                    uniform token aeco:derived:role = "symbol"
                    string aeco:derived:source = "ff9f0724-f882-5bd9-8fd4-7ebf346d2f1e"
                    string aeco:derived:stamp = "core hierarchy symbols 0.9.2"
                    uniform bool doubleSided = 1
                    float3[] extent = [(-0.95, -0.13, 0.051), (0.85, 0.14, 0.051)]
                    int[] faceVertexCounts = [4, 4, 4, 4, 4, 4, 4, 4, 4, 4, 4, 4, 4, 4, 4, 4, 4, 4, 4, 4, 4, 4, 4, 4, 4, 4, 4, 4, 4, 4, 4, 4, 4, 4, 4, 4, 4, 4, 4, 4, 4, 4, 4, 4, 4, 4, 4, 4, 4, 4, 4, 4, 4, 4, 4, 4, 4, 4, 4, 4, 4, 4, 4, 4, 4, 4, 4, 4, 4, 4, 4, 4, 4, 4, 4, 4, 4, 4, 4, 4, 4, 4, 4, 4, 4, 4, 4, 4, 4, 4, 4, 4, 4, 4, 4, 4, 4, 4, 4, 4, 4, 4, 4, 4, 4]
                    int[] faceVertexIndices = [0, 1, 2, 3, 4, 5, 6, 7, 8, 9, 10, 11, 12, 13, 14, 15, 16, 17, 18, 19, 20, 21, 22, 23, 24, 25, 26, 27, 28, 29, 30, 31, 32, 33, 34, 35, 36, 37, 38, 39, 40, 41, 42, 43, 44, 45, 46, 47, 48, 49, 50, 51, 52, 53, 54, 55, 56, 57, 58, 59, 60, 61, 62, 63, 64, 65, 66, 67, 68, 69, 70, 71, 72, 73, 74, 75, 76, 77, 78, 79, 80, 81, 82, 83, 84, 85, 86, 87, 88, 89, 90, 91, 92, 93, 94, 95, 96, 97, 98, 99, 100, 101, 102, 103, 104, 105, 106, 107, 108, 109, 110, 111, 112, 113, 114, 115, 116, 117, 118, 119, 120, 121, 122, 123, 124, 125, 126, 127, 128, 129, 130, 131, 132, 133, 134, 135, 136, 137, 138, 139, 140, 141, 142, 143, 144, 145, 146, 147, 148, 149, 150, 151, 152, 153, 154, 155, 156, 157, 158, 159, 160, 161, 162, 163, 164, 165, 166, 167, 168, 169, 170, 171, 172, 173, 174, 175, 176, 177, 178, 179, 180, 181, 182, 183, 184, 185, 186, 187, 188, 189, 190, 191, 192, 193, 194, 195, 196, 197, 198, 199, 200, 201, 202, 203, 204, 205, 206, 207, 208, 209, 210, 211, 212, 213, 214, 215, 216, 217, 218, 219, 220, 221, 222, 223, 224, 225, 226, 227, 228, 229, 230, 231, 232, 233, 234, 235, 236, 237, 238, 239, 240, 241, 242, 243, 244, 245, 246, 247, 248, 249, 250, 251, 252, 253, 254, 255, 256, 257, 258, 259, 260, 261, 262, 263, 264, 265, 266, 267, 268, 269, 270, 271, 272, 273, 274, 275, 276, 277, 278, 279, 280, 281, 282, 283, 284, 285, 286, 287, 288, 289, 290, 291, 292, 293, 294, 295, 296, 297, 298, 299, 300, 301, 302, 303, 304, 305, 306, 307, 308, 309, 310, 311, 312, 313, 314, 315, 316, 317, 318, 319, 320, 321, 322, 323, 324, 325, 326, 327, 328, 329, 330, 331, 332, 333, 334, 335, 336, 337, 338, 339, 340, 341, 342, 343, 344, 345, 346, 347, 348, 349, 350, 351, 352, 353, 354, 355, 356, 357, 358, 359, 360, 361, 362, 363, 364, 365, 366, 367, 368, 369, 370, 371, 372, 373, 374, 375, 376, 377, 378, 379, 380, 381, 382, 383, 384, 385, 386, 387, 388, 389, 390, 391, 392, 393, 394, 395, 396, 397, 398, 399, 400, 401, 402, 403, 404, 405, 406, 407, 408, 409, 410, 411, 412, 413, 414, 415, 416, 417, 418, 419]
                    rel material:binding = </ReviewMaterials/Ink>
                    point3f[] points = [(-0.14, 0.11, 0.051), (-0.11, 0.11, 0.051), (-0.11, 0.14, 0.051), (-0.14, 0.14, 0.051), (-0.95, 0.08, 0.051), (-0.8, 0.08, 0.051), (-0.8, 0.11, 0.051), (-0.95, 0.11, 0.051), (-0.17, 0.08, 0.051), (-0.11, 0.08, 0.051), (-0.11, 0.11, 0.051), (-0.17, 0.11, 0.051), (0.79, 0.08, 0.051), (0.85, 0.08, 0.051), (0.85, 0.11, 0.051), (0.79, 0.11, 0.051), (-0.89, 0.05, 0.051), (-0.86, 0.05, 0.051), (-0.86, 0.08, 0.051), (-0.89, 0.08, 0.051), (-0.17, 0.05, 0.051), (-0.14, 0.05, 0.051), (-0.14, 0.08, 0.051), (-0.17, 0.08, 0.051), (0.76, 0.05, 0.051), (0.85, 0.05, 0.051), (0.85, 0.08, 0.051), (0.76, 0.08, 0.051), (-0.89, 0.02, 0.051), (-0.86, 0.02, 0.051), (-0.86, 0.05, 0.051), (-0.89, 0.05, 0.051), (-0.77, 0.02, 0.051), (-0.68, 0.02, 0.051), (-0.68, 0.05, 0.051), (-0.77, 0.05, 0.051), (-0.65, 0.02, 0.051), (-0.56, 0.02, 0.051), (-0.56, 0.05, 0.051), (-0.65, 0.05, 0.051), (-0.5, 0.02, 0.051), (-0.38, 0.02, 0.051), (-0.38, 0.05, 0.051), (-0.5, 0.05, 0.051), (-0.32, 0.02, 0.051), (-0.23, 0.02, 0.051), (-0.23, 0.05, 0.051), (-0.32, 0.05, 0.051), (-0.2, 0.02, 0.051), (-0.11, 0.02, 0.051), (-0.11, 0.05, 0.051), (-0.2, 0.05, 0.051), (-0.08, 0.02, 0.051), (0.01, 0.02, 0.051), (0.01, 0.05, 0.051), (-0.08, 0.05, 0.051), (0.07, 0.02, 0.051), (0.16, 0.02, 0.051), (0.16, 0.05, 0.051), (0.07, 0.05, 0.051), (0.19, 0.02, 0.051), (0.4, 0.02, 0.051), (0.4, 0.05, 0.051), (0.19, 0.05, 0.051), (0.46, 0.02, 0.051), (0.55, 0.02, 0.051), (0.55, 0.05, 0.051), (0.46, 0.05, 0.051), (0.64, 0.02, 0.051), (0.73, 0.02, 0.051), (0.73, 0.05, 0.051), (0.64, 0.05, 0.051), (0.82, 0.02, 0.051), (0.85, 0.02, 0.051), (0.85, 0.05, 0.051), (0.82, 0.05, 0.051), (-0.89, -0.01, 0.051), (-0.86, -0.01, 0.051), (-0.86, 0.02, 0.051), (-0.89, 0.02, 0.051), (-0.77, -0.01, 0.051), (-0.74, -0.01, 0.051), (-0.74, 0.02, 0.051), (-0.77, 0.02, 0.051), (-0.68, -0.01, 0.051), (-0.65, -0.01, 0.051), (-0.65, 0.02, 0.051), (-0.68, 0.02, 0.051), (-0.59, -0.01, 0.051), (-0.56, -0.01, 0.051), (-0.56, 0.02, 0.051), (-0.59, 0.02, 0.051), (-0.5, -0.01, 0.051), (-0.44, -0.01, 0.051), (-0.44, 0.02, 0.051), (-0.5, 0.02, 0.051), (-0.38, -0.01, 0.051), (-0.35, -0.01, 0.051), (-0.35, 0.02, 0.051), (-0.38, 0.02, 0.051), (-0.32, -0.01, 0.051), (-0.29, -0.01, 0.051), (-0.29, 0.02, 0.051), (-0.32, 0.02, 0.051), (-0.23, -0.01, 0.051), (-0.2, -0.01, 0.051), (-0.2, 0.02, 0.051), (-0.23, 0.02, 0.051), (-0.17, -0.01, 0.051), (-0.14, -0.01, 0.051), (-0.14, 0.02, 0.051), (-0.17, 0.02, 0.051), (-0.11, -0.01, 0.051), (-0.08, -0.01, 0.051), (-0.08, 0.02, 0.051), (-0.11, 0.02, 0.051), (0.01, -0.01, 0.051), (0.04, -0.01, 0.051), (0.04, 0.02, 0.051), (0.01, 0.02, 0.051), (0.07, -0.01, 0.051), (0.1, -0.01, 0.051), (0.1, 0.02, 0.051), (0.07, 0.02, 0.051), (0.19, -0.01, 0.051), (0.22, -0.01, 0.051), (0.22, 0.02, 0.051), (0.19, 0.02, 0.051), (0.28, -0.01, 0.051), (0.31, -0.01, 0.051), (0.31, 0.02, 0.051), (0.28, 0.02, 0.051), (0.37, -0.01, 0.051), (0.4, -0.01, 0.051), (0.4, 0.02, 0.051), (0.37, 0.02, 0.051), (0.43, -0.01, 0.051), (0.46, -0.01, 0.051), (0.46, 0.02, 0.051), (0.43, 0.02, 0.051), (0.55, -0.01, 0.051), (0.58, -0.01, 0.051), (0.58, 0.02, 0.051), (0.55, 0.02, 0.051), (0.64, -0.01, 0.051), (0.67, -0.01, 0.051), (0.67, 0.02, 0.051), (0.64, 0.02, 0.051), (0.82, -0.01, 0.051), (0.85, -0.01, 0.051), (0.85, 0.02, 0.051), (0.82, 0.02, 0.051), (-0.89, -0.04, 0.051), (-0.86, -0.04, 0.051), (-0.86, -0.01, 0.051), (-0.89, -0.01, 0.051), (-0.77, -0.04, 0.051), (-0.74, -0.04, 0.051), (-0.74, -0.01, 0.051), (-0.77, -0.01, 0.051), (-0.65, -0.04, 0.051), (-0.56, -0.04, 0.051), (-0.56, -0.01, 0.051), (-0.65, -0.01, 0.051), (-0.5, -0.04, 0.051), (-0.47, -0.04, 0.051), (-0.47, -0.01, 0.051), (-0.5, -0.01, 0.051), (-0.38, -0.04, 0.051), (-0.35, -0.04, 0.051), (-0.35, -0.01, 0.051), (-0.38, -0.01, 0.051), (-0.32, -0.04, 0.051), (-0.26, -0.04, 0.051), (-0.26, -0.01, 0.051), (-0.32, -0.01, 0.051), (-0.17, -0.04, 0.051), (-0.14, -0.04, 0.051), (-0.14, -0.01, 0.051), (-0.17, -0.01, 0.051), (-0.11, -0.04, 0.051), (-0.08, -0.04, 0.051), (-0.08, -0.01, 0.051), (-0.11, -0.01, 0.051), (0.01, -0.04, 0.051), (0.04, -0.04, 0.051), (0.04, -0.01, 0.051), (0.01, -0.01, 0.051), (0.07, -0.04, 0.051), (0.1, -0.04, 0.051), (0.1, -0.01, 0.051), (0.07, -0.01, 0.051), (0.19, -0.04, 0.051), (0.22, -0.04, 0.051), (0.22, -0.01, 0.051), (0.19, -0.01, 0.051), (0.28, -0.04, 0.051), (0.31, -0.04, 0.051), (0.31, -0.01, 0.051), (0.28, -0.01, 0.051), (0.37, -0.04, 0.051), (0.4, -0.04, 0.051), (0.4, -0.01, 0.051), (0.37, -0.01, 0.051), (0.43, -0.04, 0.051), (0.58, -0.04, 0.051), (0.58, -0.01, 0.051), (0.43, -0.01, 0.051), (0.64, -0.04, 0.051), (0.67, -0.04, 0.051), (0.67, -0.01, 0.051), (0.64, -0.01, 0.051), (0.82, -0.04, 0.051), (0.85, -0.04, 0.051), (0.85, -0.01, 0.051), (0.82, -0.01, 0.051), (-0.89, -0.07, 0.051), (-0.86, -0.07, 0.051), (-0.86, -0.04, 0.051), (-0.89, -0.04, 0.051), (-0.77, -0.07, 0.051), (-0.74, -0.07, 0.051), (-0.74, -0.04, 0.051), (-0.77, -0.04, 0.051), (-0.68, -0.07, 0.051), (-0.62, -0.07, 0.051), (-0.62, -0.04, 0.051), (-0.68, -0.04, 0.051), (-0.59, -0.07, 0.051), (-0.56, -0.07, 0.051), (-0.56, -0.04, 0.051), (-0.59, -0.04, 0.051), (-0.5, -0.07, 0.051), (-0.47, -0.07, 0.051), (-0.47, -0.04, 0.051), (-0.5, -0.04, 0.051), (-0.38, -0.07, 0.051), (-0.35, -0.07, 0.051), (-0.35, -0.04, 0.051), (-0.38, -0.04, 0.051), (-0.26, -0.07, 0.051), (-0.2, -0.07, 0.051), (-0.2, -0.04, 0.051), (-0.26, -0.04, 0.051), (-0.17, -0.07, 0.051), (-0.14, -0.07, 0.051), (-0.14, -0.04, 0.051), (-0.17, -0.04, 0.051), (-0.11, -0.07, 0.051), (-0.08, -0.07, 0.051), (-0.08, -0.04, 0.051), (-0.11, -0.04, 0.051), (0.01, -0.07, 0.051), (0.04, -0.07, 0.051), (0.04, -0.04, 0.051), (0.01, -0.04, 0.051), (0.07, -0.07, 0.051), (0.1, -0.07, 0.051), (0.1, -0.04, 0.051), (0.07, -0.04, 0.051), (0.19, -0.07, 0.051), (0.22, -0.07, 0.051), (0.22, -0.04, 0.051), (0.19, -0.04, 0.051), (0.28, -0.07, 0.051), (0.31, -0.07, 0.051), (0.31, -0.04, 0.051), (0.28, -0.04, 0.051), (0.37, -0.07, 0.051), (0.4, -0.07, 0.051), (0.4, -0.04, 0.051), (0.37, -0.04, 0.051), (0.43, -0.07, 0.051), (0.46, -0.07, 0.051), (0.46, -0.04, 0.051), (0.43, -0.04, 0.051), (0.64, -0.07, 0.051), (0.67, -0.07, 0.051), (0.67, -0.04, 0.051), (0.64, -0.04, 0.051), (0.82, -0.07, 0.051), (0.85, -0.07, 0.051), (0.85, -0.04, 0.051), (0.82, -0.04, 0.051), (-0.89, -0.1, 0.051), (-0.86, -0.1, 0.051), (-0.86, -0.07, 0.051), (-0.89, -0.07, 0.051), (-0.77, -0.1, 0.051), (-0.74, -0.1, 0.051), (-0.74, -0.07, 0.051), (-0.77, -0.07, 0.051), (-0.68, -0.1, 0.051), (-0.65, -0.1, 0.051), (-0.65, -0.07, 0.051), (-0.68, -0.07, 0.051), (-0.59, -0.1, 0.051), (-0.56, -0.1, 0.051), (-0.56, -0.07, 0.051), (-0.59, -0.07, 0.051), (-0.5, -0.1, 0.051), (-0.47, -0.1, 0.051), (-0.47, -0.07, 0.051), (-0.5, -0.07, 0.051), (-0.38, -0.1, 0.051), (-0.35, -0.1, 0.051), (-0.35, -0.07, 0.051), (-0.38, -0.07, 0.051), (-0.32, -0.1, 0.051), (-0.29, -0.1, 0.051), (-0.29, -0.07, 0.051), (-0.32, -0.07, 0.051), (-0.23, -0.1, 0.051), (-0.2, -0.1, 0.051), (-0.2, -0.07, 0.051), (-0.23, -0.07, 0.051), (-0.17, -0.1, 0.051), (-0.14, -0.1, 0.051), (-0.14, -0.07, 0.051), (-0.17, -0.07, 0.051), (-0.11, -0.1, 0.051), (-0.08, -0.1, 0.051), (-0.08, -0.07, 0.051), (-0.11, -0.07, 0.051), (0.01, -0.1, 0.051), (0.04, -0.1, 0.051), (0.04, -0.07, 0.051), (0.01, -0.07, 0.051), (0.07, -0.1, 0.051), (0.1, -0.1, 0.051), (0.1, -0.07, 0.051), (0.07, -0.07, 0.051), (0.19, -0.1, 0.051), (0.22, -0.1, 0.051), (0.22, -0.07, 0.051), (0.19, -0.07, 0.051), (0.28, -0.1, 0.051), (0.31, -0.1, 0.051), (0.31, -0.07, 0.051), (0.28, -0.07, 0.051), (0.37, -0.1, 0.051), (0.4, -0.1, 0.051), (0.4, -0.07, 0.051), (0.37, -0.07, 0.051), (0.43, -0.1, 0.051), (0.46, -0.1, 0.051), (0.46, -0.07, 0.051), (0.43, -0.07, 0.051), (0.55, -0.1, 0.051), (0.58, -0.1, 0.051), (0.58, -0.07, 0.051), (0.55, -0.07, 0.051), (0.64, -0.1, 0.051), (0.67, -0.1, 0.051), (0.67, -0.07, 0.051), (0.64, -0.07, 0.051), (0.82, -0.1, 0.051), (0.85, -0.1, 0.051), (0.85, -0.07, 0.051), (0.82, -0.07, 0.051), (-0.89, -0.13, 0.051), (-0.86, -0.13, 0.051), (-0.86, -0.1, 0.051), (-0.89, -0.1, 0.051), (-0.77, -0.13, 0.051), (-0.74, -0.13, 0.051), (-0.74, -0.1, 0.051), (-0.77, -0.1, 0.051), (-0.68, -0.13, 0.051), (-0.56, -0.13, 0.051), (-0.56, -0.1, 0.051), (-0.68, -0.1, 0.051), (-0.5, -0.13, 0.051), (-0.47, -0.13, 0.051), (-0.47, -0.1, 0.051), (-0.5, -0.1, 0.051), (-0.38, -0.13, 0.051), (-0.35, -0.13, 0.051), (-0.35, -0.1, 0.051), (-0.38, -0.1, 0.051), (-0.32, -0.13, 0.051), (-0.2, -0.13, 0.051), (-0.2, -0.1, 0.051), (-0.32, -0.1, 0.051), (-0.17, -0.13, 0.051), (-0.14, -0.13, 0.051), (-0.14, -0.1, 0.051), (-0.17, -0.1, 0.051), (-0.08, -0.13, 0.051), (0.01, -0.13, 0.051), (0.01, -0.1, 0.051), (-0.08, -0.1, 0.051), (0.07, -0.13, 0.051), (0.1, -0.13, 0.051), (0.1, -0.1, 0.051), (0.07, -0.1, 0.051), (0.19, -0.13, 0.051), (0.22, -0.13, 0.051), (0.22, -0.1, 0.051), (0.19, -0.1, 0.051), (0.28, -0.13, 0.051), (0.31, -0.13, 0.051), (0.31, -0.1, 0.051), (0.28, -0.1, 0.051), (0.37, -0.13, 0.051), (0.4, -0.13, 0.051), (0.4, -0.1, 0.051), (0.37, -0.1, 0.051), (0.46, -0.13, 0.051), (0.55, -0.13, 0.051), (0.55, -0.1, 0.051), (0.46, -0.1, 0.051), (0.64, -0.13, 0.051), (0.67, -0.13, 0.051), (0.67, -0.1, 0.051), (0.64, -0.1, 0.051), (0.82, -0.13, 0.051), (0.85, -0.13, 0.051), (0.85, -0.1, 0.051), (0.82, -0.1, 0.051)]
                    color3f[] primvars:displayColor = [(0.015, 0.022, 0.028)]
                    uniform token subdivisionScheme = "none"
                    matrix4d xformOp:transform = ( (1, 0, 0, 0), (0, 1, 0, 0), (0, 0, 1, 0), (5, -6.75, 0, 1) )
                    uniform token[] xformOpOrder = ["xformOp:transform"]
                }

                def Cube "ReviewLink0" (
                    prepend apiSchemas = ["MaterialBindingAPI", "AecoDerivedGeometryAPI"]
                )
                {
                    uniform token aeco:derived:approx = "exact"
                    uniform token aeco:derived:role = "symbol"
                    string aeco:derived:source = "ff9f0724-f882-5bd9-8fd4-7ebf346d2f1e"
                    string aeco:derived:stamp = "core hierarchy symbols 0.9.2"
                    double aeco:derived:tolerance = 0.000001
                    float3[] extent = [(-0.5, -0.5, -0.5), (0.5, 0.5, 0.5)]
                    rel material:binding = </ReviewMaterials/Link>
                    color3f[] primvars:displayColor = [(0.35, 0.4, 0.45)]
                    double size = 1
                    float3 xformOp:scale = (0.13, 0.04, 0.04)
                    matrix4d xformOp:transform = ( (1, 0, 0, 0), (0, 1, 0, 0), (0, 0, 1, 0), (3.625, -6, 0, 1) )
                    uniform token[] xformOpOrder = ["xformOp:transform", "xformOp:scale"]
                }

                def Cube "ReviewLink1" (
                    prepend apiSchemas = ["MaterialBindingAPI", "AecoDerivedGeometryAPI"]
                )
                {
                    uniform token aeco:derived:approx = "exact"
                    uniform token aeco:derived:role = "symbol"
                    string aeco:derived:source = "ff9f0724-f882-5bd9-8fd4-7ebf346d2f1e"
                    string aeco:derived:stamp = "core hierarchy symbols 0.9.2"
                    double aeco:derived:tolerance = 0.000001
                    float3[] extent = [(-0.5, -0.5, -0.5), (0.5, 0.5, 0.5)]
                    rel material:binding = </ReviewMaterials/Link>
                    color3f[] primvars:displayColor = [(0.35, 0.4, 0.45)]
                    double size = 1
                    float3 xformOp:scale = (0.04, 0.75, 0.04)
                    matrix4d xformOp:transform = ( (1, 0, 0, 0), (0, 1, 0, 0), (0, 0, 1, 0), (3.69, -6.375, 0, 1) )
                    uniform token[] xformOpOrder = ["xformOp:transform", "xformOp:scale"]
                }

                def Cube "ReviewLink2" (
                    prepend apiSchemas = ["MaterialBindingAPI", "AecoDerivedGeometryAPI"]
                )
                {
                    uniform token aeco:derived:approx = "exact"
                    uniform token aeco:derived:role = "symbol"
                    string aeco:derived:source = "ff9f0724-f882-5bd9-8fd4-7ebf346d2f1e"
                    string aeco:derived:stamp = "core hierarchy symbols 0.9.2"
                    double aeco:derived:tolerance = 0.000001
                    float3[] extent = [(-0.5, -0.5, -0.5), (0.5, 0.5, 0.5)]
                    rel material:binding = </ReviewMaterials/Link>
                    color3f[] primvars:displayColor = [(0.35, 0.4, 0.45)]
                    double size = 1
                    float3 xformOp:scale = (0.25, 0.04, 0.04)
                    matrix4d xformOp:transform = ( (1, 0, 0, 0), (0, 1, 0, 0), (0, 0, 1, 0), (3.815, -6.75, 0, 1) )
                    uniform token[] xformOpOrder = ["xformOp:transform", "xformOp:scale"]
                }
            }
        }

        over "GeneratorYard"
        {
            def Cube "ReviewSymbol" (
                prepend apiSchemas = ["AecoDerivedGeometryAPI", "MaterialBindingAPI"]
            )
            {
                uniform token aeco:derived:approx = "exact"
                uniform token aeco:derived:role = "symbol"
                string aeco:derived:source = "c49aeba5-5d35-5844-b941-9a9a6f2ac822"
                string aeco:derived:stamp = "core hierarchy symbols 0.9.2"
                double aeco:derived:tolerance = 0.000001
                float3[] extent = [(-0.5, -0.5, -0.5), (0.5, 0.5, 0.5)]
                rel material:binding = </ReviewMaterials/Space>
                color3f[] primvars:displayColor = [(0.22, 0.65, 0.67)]
                double size = 1
                float3 xformOp:scale = (2.12, 0.5, 0.08)
                matrix4d xformOp:transform = ( (1, 0, 0, 0), (0, 1, 0, 0), (0, 0, 1, 0), (2.5, -7.5, 0, 1) )
                uniform token[] xformOpOrder = ["xformOp:transform", "xformOp:scale"]
            }

            def Mesh "ReviewLabel" (
                prepend apiSchemas = ["AecoDerivedGeometryAPI", "MaterialBindingAPI"]
            )
            {
                uniform token aeco:derived:approx = "tessellated"
                uniform token aeco:derived:role = "symbol"
                string aeco:derived:source = "c49aeba5-5d35-5844-b941-9a9a6f2ac822"
                string aeco:derived:stamp = "core hierarchy symbols 0.9.2"
                uniform bool doubleSided = 1
                float3[] extent = [(-0.98, -0.1182353, 0.051), (0.95117646, 0.11235294, 0.051)]
                int[] faceVertexCounts = [4, 4, 4, 4, 4, 4, 4, 4, 4, 4, 4, 4, 4, 4, 4, 4, 4, 4, 4, 4, 4, 4, 4, 4, 4, 4, 4, 4, 4, 4, 4, 4, 4, 4, 4, 4, 4, 4, 4, 4, 4, 4, 4, 4, 4, 4, 4, 4, 4, 4, 4, 4, 4, 4, 4, 4, 4, 4, 4, 4, 4, 4, 4, 4, 4, 4, 4, 4, 4, 4, 4, 4, 4, 4, 4, 4, 4, 4, 4, 4, 4, 4, 4, 4, 4, 4, 4, 4, 4, 4, 4, 4, 4, 4, 4, 4, 4, 4, 4, 4, 4, 4, 4, 4, 4, 4, 4, 4, 4, 4, 4, 4, 4, 4, 4, 4, 4, 4]
                int[] faceVertexIndices = [0, 1, 2, 3, 4, 5, 6, 7, 8, 9, 10, 11, 12, 13, 14, 15, 16, 17, 18, 19, 20, 21, 22, 23, 24, 25, 26, 27, 28, 29, 30, 31, 32, 33, 34, 35, 36, 37, 38, 39, 40, 41, 42, 43, 44, 45, 46, 47, 48, 49, 50, 51, 52, 53, 54, 55, 56, 57, 58, 59, 60, 61, 62, 63, 64, 65, 66, 67, 68, 69, 70, 71, 72, 73, 74, 75, 76, 77, 78, 79, 80, 81, 82, 83, 84, 85, 86, 87, 88, 89, 90, 91, 92, 93, 94, 95, 96, 97, 98, 99, 100, 101, 102, 103, 104, 105, 106, 107, 108, 109, 110, 111, 112, 113, 114, 115, 116, 117, 118, 119, 120, 121, 122, 123, 124, 125, 126, 127, 128, 129, 130, 131, 132, 133, 134, 135, 136, 137, 138, 139, 140, 141, 142, 143, 144, 145, 146, 147, 148, 149, 150, 151, 152, 153, 154, 155, 156, 157, 158, 159, 160, 161, 162, 163, 164, 165, 166, 167, 168, 169, 170, 171, 172, 173, 174, 175, 176, 177, 178, 179, 180, 181, 182, 183, 184, 185, 186, 187, 188, 189, 190, 191, 192, 193, 194, 195, 196, 197, 198, 199, 200, 201, 202, 203, 204, 205, 206, 207, 208, 209, 210, 211, 212, 213, 214, 215, 216, 217, 218, 219, 220, 221, 222, 223, 224, 225, 226, 227, 228, 229, 230, 231, 232, 233, 234, 235, 236, 237, 238, 239, 240, 241, 242, 243, 244, 245, 246, 247, 248, 249, 250, 251, 252, 253, 254, 255, 256, 257, 258, 259, 260, 261, 262, 263, 264, 265, 266, 267, 268, 269, 270, 271, 272, 273, 274, 275, 276, 277, 278, 279, 280, 281, 282, 283, 284, 285, 286, 287, 288, 289, 290, 291, 292, 293, 294, 295, 296, 297, 298, 299, 300, 301, 302, 303, 304, 305, 306, 307, 308, 309, 310, 311, 312, 313, 314, 315, 316, 317, 318, 319, 320, 321, 322, 323, 324, 325, 326, 327, 328, 329, 330, 331, 332, 333, 334, 335, 336, 337, 338, 339, 340, 341, 342, 343, 344, 345, 346, 347, 348, 349, 350, 351, 352, 353, 354, 355, 356, 357, 358, 359, 360, 361, 362, 363, 364, 365, 366, 367, 368, 369, 370, 371, 372, 373, 374, 375, 376, 377, 378, 379, 380, 381, 382, 383, 384, 385, 386, 387, 388, 389, 390, 391, 392, 393, 394, 395, 396, 397, 398, 399, 400, 401, 402, 403, 404, 405, 406, 407, 408, 409, 410, 411, 412, 413, 414, 415, 416, 417, 418, 419, 420, 421, 422, 423, 424, 425, 426, 427, 428, 429, 430, 431, 432, 433, 434, 435, 436, 437, 438, 439, 440, 441, 442, 443, 444, 445, 446, 447, 448, 449, 450, 451, 452, 453, 454, 455, 456, 457, 458, 459, 460, 461, 462, 463, 464, 465, 466, 467, 468, 469, 470, 471]
                rel material:binding = </ReviewMaterials/Ink>
                point3f[] points = [(-0.95117646, 0.08352941, 0.051), (-0.83588237, 0.08352941, 0.051), (-0.83588237, 0.11235294, 0.051), (-0.95117646, 0.11235294, 0.051), (0.05764706, 0.08352941, 0.051), (0.08647059, 0.08352941, 0.051), (0.08647059, 0.11235294, 0.051), (0.05764706, 0.11235294, 0.051), (0.4035294, 0.08352941, 0.051), (0.43235293, 0.08352941, 0.051), (0.43235293, 0.11235294, 0.051), (0.4035294, 0.11235294, 0.051), (0.5188235, 0.08352941, 0.051), (0.54764706, 0.08352941, 0.051), (0.54764706, 0.11235294, 0.051), (0.5188235, 0.11235294, 0.051), (0.92235297, 0.08352941, 0.051), (0.95117646, 0.08352941, 0.051), (0.95117646, 0.11235294, 0.051), (0.92235297, 0.11235294, 0.051), (-0.95117646, 0.05470588, 0.051), (-0.92235297, 0.05470588, 0.051), (-0.92235297, 0.08352941, 0.051), (-0.95117646, 0.08352941, 0.051), (-0.86470586, 0.05470588, 0.051), (-0.8070588, 0.05470588, 0.051), (-0.8070588, 0.08352941, 0.051), (-0.86470586, 0.08352941, 0.051), (0.05764706, 0.05470588, 0.051), (0.08647059, 0.05470588, 0.051), (0.08647059, 0.08352941, 0.051), (0.05764706, 0.08352941, 0.051), (0.4035294, 0.05470588, 0.051), (0.43235293, 0.05470588, 0.051), (0.43235293, 0.08352941, 0.051), (0.4035294, 0.08352941, 0.051), (0.5188235, 0.05470588, 0.051), (0.54764706, 0.05470588, 0.051), (0.54764706, 0.08352941, 0.051), (0.5188235, 0.08352941, 0.051), (0.92235297, 0.05470588, 0.051), (0.95117646, 0.05470588, 0.051), (0.95117646, 0.08352941, 0.051), (0.92235297, 0.08352941, 0.051), (-0.98, 0.025882352, 0.051), (-0.95117646, 0.025882352, 0.051), (-0.95117646, 0.05470588, 0.051), (-0.98, 0.05470588, 0.051), (-0.83588237, 0.025882352, 0.051), (-0.8070588, 0.025882352, 0.051), (-0.8070588, 0.05470588, 0.051), (-0.83588237, 0.05470588, 0.051), (-0.74941176, 0.025882352, 0.051), (-0.66294116, 0.025882352, 0.051), (-0.66294116, 0.05470588, 0.051), (-0.74941176, 0.05470588, 0.051), (-0.5764706, 0.025882352, 0.051), (-0.46117648, 0.025882352, 0.051), (-0.46117648, 0.05470588, 0.051), (-0.5764706, 0.05470588, 0.051), (-0.37470588, 0.025882352, 0.051), (-0.2882353, 0.025882352, 0.051), (-0.2882353, 0.05470588, 0.051), (-0.37470588, 0.05470588, 0.051), (-0.2017647, 0.025882352, 0.051), (-0.11529412, 0.025882352, 0.051), (-0.11529412, 0.05470588, 0.051), (-0.2017647, 0.05470588, 0.051), (-0.08647059, 0.025882352, 0.051), (0, 0.025882352, 0.051), (0, 0.05470588, 0.051), (-0.08647059, 0.05470588, 0.051), (0.02882353, 0.025882352, 0.051), (0.11529412, 0.025882352, 0.051), (0.11529412, 0.05470588, 0.051), (0.02882353, 0.05470588, 0.051), (0.14411765, 0.025882352, 0.051), (0.23058824, 0.025882352, 0.051), (0.23058824, 0.05470588, 0.051), (0.14411765, 0.05470588, 0.051), (0.2882353, 0.025882352, 0.051), (0.37470588, 0.025882352, 0.051), (0.37470588, 0.05470588, 0.051), (0.2882353, 0.05470588, 0.051), (0.43235293, 0.025882352, 0.051), (0.46117648, 0.025882352, 0.051), (0.46117648, 0.05470588, 0.051), (0.43235293, 0.05470588, 0.051), (0.49, 0.025882352, 0.051), (0.5188235, 0.025882352, 0.051), (0.5188235, 0.05470588, 0.051), (0.49, 0.05470588, 0.051), (0.5764706, 0.025882352, 0.051), (0.66294116, 0.025882352, 0.051), (0.66294116, 0.05470588, 0.051), (0.5764706, 0.05470588, 0.051), (0.7205882, 0.025882352, 0.051), (0.8070588, 0.025882352, 0.051), (0.8070588, 0.05470588, 0.051), (0.7205882, 0.05470588, 0.051), (0.83588237, 0.025882352, 0.051), (0.95117646, 0.025882352, 0.051), (0.95117646, 0.05470588, 0.051), (0.83588237, 0.05470588, 0.051), (-0.98, -0.0029411765, 0.051), (-0.95117646, -0.0029411765, 0.051), (-0.95117646, 0.025882352, 0.051), (-0.98, 0.025882352, 0.051), (-0.7782353, -0.0029411765, 0.051), (-0.74941176, -0.0029411765, 0.051), (-0.74941176, 0.025882352, 0.051), (-0.7782353, 0.025882352, 0.051), (-0.66294116, -0.0029411765, 0.051), (-0.63411766, -0.0029411765, 0.051), (-0.63411766, 0.025882352, 0.051), (-0.66294116, 0.025882352, 0.051), (-0.5764706, -0.0029411765, 0.051), (-0.5188235, -0.0029411765, 0.051), (-0.5188235, 0.025882352, 0.051), (-0.5764706, 0.025882352, 0.051), (-0.46117648, -0.0029411765, 0.051), (-0.43235293, -0.0029411765, 0.051), (-0.43235293, 0.025882352, 0.051), (-0.46117648, 0.025882352, 0.051), (-0.4035294, -0.0029411765, 0.051), (-0.37470588, -0.0029411765, 0.051), (-0.37470588, 0.025882352, 0.051), (-0.4035294, 0.025882352, 0.051), (-0.2882353, -0.0029411765, 0.051), (-0.25941175, -0.0029411765, 0.051), (-0.25941175, 0.025882352, 0.051), (-0.2882353, 0.025882352, 0.051), (-0.2017647, -0.0029411765, 0.051), (-0.17294118, -0.0029411765, 0.051), (-0.17294118, 0.025882352, 0.051), (-0.2017647, 0.025882352, 0.051), (-0.11529412, -0.0029411765, 0.051), (-0.08647059, -0.0029411765, 0.051), (-0.08647059, 0.025882352, 0.051), (-0.11529412, 0.025882352, 0.051), (-0.02882353, -0.0029411765, 0.051), (0, -0.0029411765, 0.051), (0, 0.025882352, 0.051), (-0.02882353, 0.025882352, 0.051), (0.05764706, -0.0029411765, 0.051), (0.08647059, -0.0029411765, 0.051), (0.08647059, 0.025882352, 0.051), (0.05764706, 0.025882352, 0.051), (0.11529412, -0.0029411765, 0.051), (0.14411765, -0.0029411765, 0.051), (0.14411765, 0.025882352, 0.051), (0.11529412, 0.025882352, 0.051), (0.23058824, -0.0029411765, 0.051), (0.25941175, -0.0029411765, 0.051), (0.25941175, 0.025882352, 0.051), (0.23058824, 0.025882352, 0.051), (0.2882353, -0.0029411765, 0.051), (0.31705883, -0.0029411765, 0.051), (0.31705883, 0.025882352, 0.051), (0.2882353, 0.025882352, 0.051), (0.43235293, -0.0029411765, 0.051), (0.5188235, -0.0029411765, 0.051), (0.5188235, 0.025882352, 0.051), (0.43235293, 0.025882352, 0.051), (0.54764706, -0.0029411765, 0.051), (0.5764706, -0.0029411765, 0.051), (0.5764706, 0.025882352, 0.051), (0.54764706, 0.025882352, 0.051), (0.63411766, -0.0029411765, 0.051), (0.66294116, -0.0029411765, 0.051), (0.66294116, 0.025882352, 0.051), (0.63411766, 0.025882352, 0.051), (0.7205882, -0.0029411765, 0.051), (0.74941176, -0.0029411765, 0.051), (0.74941176, 0.025882352, 0.051), (0.7205882, 0.025882352, 0.051), (0.8070588, -0.0029411765, 0.051), (0.83588237, -0.0029411765, 0.051), (0.83588237, 0.025882352, 0.051), (0.8070588, 0.025882352, 0.051), (0.92235297, -0.0029411765, 0.051), (0.95117646, -0.0029411765, 0.051), (0.95117646, 0.025882352, 0.051), (0.92235297, 0.025882352, 0.051), (-0.98, -0.031764705, 0.051), (-0.95117646, -0.031764705, 0.051), (-0.95117646, -0.0029411765, 0.051), (-0.98, -0.0029411765, 0.051), (-0.8935294, -0.031764705, 0.051), (-0.8070588, -0.031764705, 0.051), (-0.8070588, -0.0029411765, 0.051), (-0.8935294, -0.0029411765, 0.051), (-0.7782353, -0.031764705, 0.051), (-0.63411766, -0.031764705, 0.051), (-0.63411766, -0.0029411765, 0.051), (-0.7782353, -0.0029411765, 0.051), (-0.5764706, -0.031764705, 0.051), (-0.54764706, -0.031764705, 0.051), (-0.54764706, -0.0029411765, 0.051), (-0.5764706, -0.0029411765, 0.051), (-0.46117648, -0.031764705, 0.051), (-0.43235293, -0.031764705, 0.051), (-0.43235293, -0.0029411765, 0.051), (-0.46117648, -0.0029411765, 0.051), (-0.4035294, -0.031764705, 0.051), (-0.25941175, -0.031764705, 0.051), (-0.25941175, -0.0029411765, 0.051), (-0.4035294, -0.0029411765, 0.051), (-0.2017647, -0.031764705, 0.051), (-0.17294118, -0.031764705, 0.051), (-0.17294118, -0.0029411765, 0.051), (-0.2017647, -0.0029411765, 0.051), (-0.08647059, -0.031764705, 0.051), (0, -0.031764705, 0.051), (0, -0.0029411765, 0.051), (-0.08647059, -0.0029411765, 0.051), (0.05764706, -0.031764705, 0.051), (0.08647059, -0.031764705, 0.051), (0.08647059, -0.0029411765, 0.051), (0.05764706, -0.0029411765, 0.051), (0.11529412, -0.031764705, 0.051), (0.14411765, -0.031764705, 0.051), (0.14411765, -0.0029411765, 0.051), (0.11529412, -0.0029411765, 0.051), (0.23058824, -0.031764705, 0.051), (0.25941175, -0.031764705, 0.051), (0.25941175, -0.0029411765, 0.051), (0.23058824, -0.0029411765, 0.051), (0.2882353, -0.031764705, 0.051), (0.31705883, -0.031764705, 0.051), (0.31705883, -0.0029411765, 0.051), (0.2882353, -0.0029411765, 0.051), (0.46117648, -0.031764705, 0.051), (0.49, -0.031764705, 0.051), (0.49, -0.0029411765, 0.051), (0.46117648, -0.0029411765, 0.051), (0.5764706, -0.031764705, 0.051), (0.66294116, -0.031764705, 0.051), (0.66294116, -0.0029411765, 0.051), (0.5764706, -0.0029411765, 0.051), (0.7205882, -0.031764705, 0.051), (0.74941176, -0.031764705, 0.051), (0.74941176, -0.0029411765, 0.051), (0.7205882, -0.0029411765, 0.051), (0.8070588, -0.031764705, 0.051), (0.83588237, -0.031764705, 0.051), (0.83588237, -0.0029411765, 0.051), (0.8070588, -0.0029411765, 0.051), (0.92235297, -0.031764705, 0.051), (0.95117646, -0.031764705, 0.051), (0.95117646, -0.0029411765, 0.051), (0.92235297, -0.0029411765, 0.051), (-0.98, -0.060588237, 0.051), (-0.95117646, -0.060588237, 0.051), (-0.95117646, -0.031764705, 0.051), (-0.98, -0.031764705, 0.051), (-0.83588237, -0.060588237, 0.051), (-0.8070588, -0.060588237, 0.051), (-0.8070588, -0.031764705, 0.051), (-0.83588237, -0.031764705, 0.051), (-0.7782353, -0.060588237, 0.051), (-0.74941176, -0.060588237, 0.051), (-0.74941176, -0.031764705, 0.051), (-0.7782353, -0.031764705, 0.051), (-0.5764706, -0.060588237, 0.051), (-0.54764706, -0.060588237, 0.051), (-0.54764706, -0.031764705, 0.051), (-0.5764706, -0.031764705, 0.051), (-0.46117648, -0.060588237, 0.051), (-0.43235293, -0.060588237, 0.051), (-0.43235293, -0.031764705, 0.051), (-0.46117648, -0.031764705, 0.051), (-0.4035294, -0.060588237, 0.051), (-0.37470588, -0.060588237, 0.051), (-0.37470588, -0.031764705, 0.051), (-0.4035294, -0.031764705, 0.051), (-0.2017647, -0.060588237, 0.051), (-0.17294118, -0.060588237, 0.051), (-0.17294118, -0.031764705, 0.051), (-0.2017647, -0.031764705, 0.051), (-0.11529412, -0.060588237, 0.051), (-0.05764706, -0.060588237, 0.051), (-0.05764706, -0.031764705, 0.051), (-0.11529412, -0.031764705, 0.051), (-0.02882353, -0.060588237, 0.051), (0, -0.060588237, 0.051), (0, -0.031764705, 0.051), (-0.02882353, -0.031764705, 0.051), (0.05764706, -0.060588237, 0.051), (0.08647059, -0.060588237, 0.051), (0.08647059, -0.031764705, 0.051), (0.05764706, -0.031764705, 0.051), (0.11529412, -0.060588237, 0.051), (0.14411765, -0.060588237, 0.051), (0.14411765, -0.031764705, 0.051), (0.11529412, -0.031764705, 0.051), (0.23058824, -0.060588237, 0.051), (0.25941175, -0.060588237, 0.051), (0.25941175, -0.031764705, 0.051), (0.23058824, -0.031764705, 0.051), (0.2882353, -0.060588237, 0.051), (0.31705883, -0.060588237, 0.051), (0.31705883, -0.031764705, 0.051), (0.2882353, -0.031764705, 0.051), (0.46117648, -0.060588237, 0.051), (0.49, -0.060588237, 0.051), (0.49, -0.031764705, 0.051), (0.46117648, -0.031764705, 0.051), (0.54764706, -0.060588237, 0.051), (0.6052941, -0.060588237, 0.051), (0.6052941, -0.031764705, 0.051), (0.54764706, -0.031764705, 0.051), (0.63411766, -0.060588237, 0.051), (0.66294116, -0.060588237, 0.051), (0.66294116, -0.031764705, 0.051), (0.63411766, -0.031764705, 0.051), (0.7205882, -0.060588237, 0.051), (0.74941176, -0.060588237, 0.051), (0.74941176, -0.031764705, 0.051), (0.7205882, -0.031764705, 0.051), (0.8070588, -0.060588237, 0.051), (0.83588237, -0.060588237, 0.051), (0.83588237, -0.031764705, 0.051), (0.8070588, -0.031764705, 0.051), (0.92235297, -0.060588237, 0.051), (0.95117646, -0.060588237, 0.051), (0.95117646, -0.031764705, 0.051), (0.92235297, -0.031764705, 0.051), (-0.95117646, -0.089411765, 0.051), (-0.92235297, -0.089411765, 0.051), (-0.92235297, -0.060588237, 0.051), (-0.95117646, -0.060588237, 0.051), (-0.86470586, -0.089411765, 0.051), (-0.8070588, -0.089411765, 0.051), (-0.8070588, -0.060588237, 0.051), (-0.86470586, -0.060588237, 0.051), (-0.7782353, -0.089411765, 0.051), (-0.74941176, -0.089411765, 0.051), (-0.74941176, -0.060588237, 0.051), (-0.7782353, -0.060588237, 0.051), (-0.66294116, -0.089411765, 0.051), (-0.63411766, -0.089411765, 0.051), (-0.63411766, -0.060588237, 0.051), (-0.66294116, -0.060588237, 0.051), (-0.5764706, -0.089411765, 0.051), (-0.54764706, -0.089411765, 0.051), (-0.54764706, -0.060588237, 0.051), (-0.5764706, -0.060588237, 0.051), (-0.46117648, -0.089411765, 0.051), (-0.43235293, -0.089411765, 0.051), (-0.43235293, -0.060588237, 0.051), (-0.46117648, -0.060588237, 0.051), (-0.4035294, -0.089411765, 0.051), (-0.37470588, -0.089411765, 0.051), (-0.37470588, -0.060588237, 0.051), (-0.4035294, -0.060588237, 0.051), (-0.2882353, -0.089411765, 0.051), (-0.25941175, -0.089411765, 0.051), (-0.25941175, -0.060588237, 0.051), (-0.2882353, -0.060588237, 0.051), (-0.2017647, -0.089411765, 0.051), (-0.17294118, -0.089411765, 0.051), (-0.17294118, -0.060588237, 0.051), (-0.2017647, -0.060588237, 0.051), (-0.11529412, -0.089411765, 0.051), (-0.08647059, -0.089411765, 0.051), (-0.08647059, -0.060588237, 0.051), (-0.11529412, -0.060588237, 0.051), (-0.02882353, -0.089411765, 0.051), (0, -0.089411765, 0.051), (0, -0.060588237, 0.051), (-0.02882353, -0.060588237, 0.051), (0.05764706, -0.089411765, 0.051), (0.08647059, -0.089411765, 0.051), (0.08647059, -0.060588237, 0.051), (0.05764706, -0.060588237, 0.051), (0.11529412, -0.089411765, 0.051), (0.14411765, -0.089411765, 0.051), (0.14411765, -0.060588237, 0.051), (0.11529412, -0.060588237, 0.051), (0.23058824, -0.089411765, 0.051), (0.25941175, -0.089411765, 0.051), (0.25941175, -0.060588237, 0.051), (0.23058824, -0.060588237, 0.051), (0.2882353, -0.089411765, 0.051), (0.31705883, -0.089411765, 0.051), (0.31705883, -0.060588237, 0.051), (0.2882353, -0.060588237, 0.051), (0.46117648, -0.089411765, 0.051), (0.49, -0.089411765, 0.051), (0.49, -0.060588237, 0.051), (0.46117648, -0.060588237, 0.051), (0.54764706, -0.089411765, 0.051), (0.5764706, -0.089411765, 0.051), (0.5764706, -0.060588237, 0.051), (0.54764706, -0.060588237, 0.051), (0.63411766, -0.089411765, 0.051), (0.66294116, -0.089411765, 0.051), (0.66294116, -0.060588237, 0.051), (0.63411766, -0.060588237, 0.051), (0.7205882, -0.089411765, 0.051), (0.74941176, -0.089411765, 0.051), (0.74941176, -0.060588237, 0.051), (0.7205882, -0.060588237, 0.051), (0.8070588, -0.089411765, 0.051), (0.83588237, -0.089411765, 0.051), (0.83588237, -0.060588237, 0.051), (0.8070588, -0.060588237, 0.051), (0.92235297, -0.089411765, 0.051), (0.95117646, -0.089411765, 0.051), (0.95117646, -0.060588237, 0.051), (0.92235297, -0.060588237, 0.051), (-0.95117646, -0.1182353, 0.051), (-0.86470586, -0.1182353, 0.051), (-0.86470586, -0.089411765, 0.051), (-0.95117646, -0.089411765, 0.051), (-0.83588237, -0.1182353, 0.051), (-0.8070588, -0.1182353, 0.051), (-0.8070588, -0.089411765, 0.051), (-0.83588237, -0.089411765, 0.051), (-0.74941176, -0.1182353, 0.051), (-0.66294116, -0.1182353, 0.051), (-0.66294116, -0.089411765, 0.051), (-0.74941176, -0.089411765, 0.051), (-0.5764706, -0.1182353, 0.051), (-0.54764706, -0.1182353, 0.051), (-0.54764706, -0.089411765, 0.051), (-0.5764706, -0.089411765, 0.051), (-0.46117648, -0.1182353, 0.051), (-0.43235293, -0.1182353, 0.051), (-0.43235293, -0.089411765, 0.051), (-0.46117648, -0.089411765, 0.051), (-0.37470588, -0.1182353, 0.051), (-0.2882353, -0.1182353, 0.051), (-0.2882353, -0.089411765, 0.051), (-0.37470588, -0.089411765, 0.051), (-0.2017647, -0.1182353, 0.051), (-0.17294118, -0.1182353, 0.051), (-0.17294118, -0.089411765, 0.051), (-0.2017647, -0.089411765, 0.051), (-0.11529412, -0.1182353, 0.051), (0, -0.1182353, 0.051), (0, -0.089411765, 0.051), (-0.11529412, -0.089411765, 0.051), (0.05764706, -0.1182353, 0.051), (0.11529412, -0.1182353, 0.051), (0.11529412, -0.089411765, 0.051), (0.05764706, -0.089411765, 0.051), (0.14411765, -0.1182353, 0.051), (0.23058824, -0.1182353, 0.051), (0.23058824, -0.089411765, 0.051), (0.14411765, -0.089411765, 0.051), (0.2882353, -0.1182353, 0.051), (0.31705883, -0.1182353, 0.051), (0.31705883, -0.089411765, 0.051), (0.2882353, -0.089411765, 0.051), (0.46117648, -0.1182353, 0.051), (0.49, -0.1182353, 0.051), (0.49, -0.089411765, 0.051), (0.46117648, -0.089411765, 0.051), (0.54764706, -0.1182353, 0.051), (0.66294116, -0.1182353, 0.051), (0.66294116, -0.089411765, 0.051), (0.54764706, -0.089411765, 0.051), (0.7205882, -0.1182353, 0.051), (0.74941176, -0.1182353, 0.051), (0.74941176, -0.089411765, 0.051), (0.7205882, -0.089411765, 0.051), (0.83588237, -0.1182353, 0.051), (0.95117646, -0.1182353, 0.051), (0.95117646, -0.089411765, 0.051), (0.83588237, -0.089411765, 0.051)]
                color3f[] primvars:displayColor = [(0.015, 0.022, 0.028)]
                uniform token subdivisionScheme = "none"
                matrix4d xformOp:transform = ( (1, 0, 0, 0), (0, 1, 0, 0), (0, 0, 1, 0), (2.5, -7.5, 0, 1) )
                uniform token[] xformOpOrder = ["xformOp:transform"]
            }

            def Cube "ReviewLink0" (
                prepend apiSchemas = ["MaterialBindingAPI", "AecoDerivedGeometryAPI"]
            )
            {
                uniform token aeco:derived:approx = "exact"
                uniform token aeco:derived:role = "symbol"
                string aeco:derived:source = "c49aeba5-5d35-5844-b941-9a9a6f2ac822"
                string aeco:derived:stamp = "core hierarchy symbols 0.9.2"
                double aeco:derived:tolerance = 0.000001
                float3[] extent = [(-0.5, -0.5, -0.5), (0.5, 0.5, 0.5)]
                rel material:binding = </ReviewMaterials/Link>
                color3f[] primvars:displayColor = [(0.35, 0.4, 0.45)]
                double size = 1
                float3 xformOp:scale = (0.13, 0.04, 0.04)
                matrix4d xformOp:transform = ( (1, 0, 0, 0), (0, 1, 0, 0), (0, 0, 1, 0), (1.125, 0, 0, 1) )
                uniform token[] xformOpOrder = ["xformOp:transform", "xformOp:scale"]
            }

            def Cube "ReviewLink1" (
                prepend apiSchemas = ["MaterialBindingAPI", "AecoDerivedGeometryAPI"]
            )
            {
                uniform token aeco:derived:approx = "exact"
                uniform token aeco:derived:role = "symbol"
                string aeco:derived:source = "c49aeba5-5d35-5844-b941-9a9a6f2ac822"
                string aeco:derived:stamp = "core hierarchy symbols 0.9.2"
                double aeco:derived:tolerance = 0.000001
                float3[] extent = [(-0.5, -0.5, -0.5), (0.5, 0.5, 0.5)]
                rel material:binding = </ReviewMaterials/Link>
                color3f[] primvars:displayColor = [(0.35, 0.4, 0.45)]
                double size = 1
                float3 xformOp:scale = (0.04, 7.5, 0.04)
                matrix4d xformOp:transform = ( (1, 0, 0, 0), (0, 1, 0, 0), (0, 0, 1, 0), (1.19, -3.75, 0, 1) )
                uniform token[] xformOpOrder = ["xformOp:transform", "xformOp:scale"]
            }

            def Cube "ReviewLink2" (
                prepend apiSchemas = ["MaterialBindingAPI", "AecoDerivedGeometryAPI"]
            )
            {
                uniform token aeco:derived:approx = "exact"
                uniform token aeco:derived:role = "symbol"
                string aeco:derived:source = "c49aeba5-5d35-5844-b941-9a9a6f2ac822"
                string aeco:derived:stamp = "core hierarchy symbols 0.9.2"
                double aeco:derived:tolerance = 0.000001
                float3[] extent = [(-0.5, -0.5, -0.5), (0.5, 0.5, 0.5)]
                rel material:binding = </ReviewMaterials/Link>
                color3f[] primvars:displayColor = [(0.35, 0.4, 0.45)]
                double size = 1
                float3 xformOp:scale = (0.25, 0.04, 0.04)
                matrix4d xformOp:transform = ( (1, 0, 0, 0), (0, 1, 0, 0), (0, 0, 1, 0), (1.315, -7.5, 0, 1) )
                uniform token[] xformOpOrder = ["xformOp:transform", "xformOp:scale"]
            }

            over "Genset1"
            {
                def Cube "ReviewSymbol" (
                    prepend apiSchemas = ["AecoDerivedGeometryAPI", "MaterialBindingAPI"]
                )
                {
                    uniform token aeco:derived:approx = "exact"
                    uniform token aeco:derived:role = "symbol"
                    string aeco:derived:source = "b155ceaa-2ee9-5c80-b51e-771848171f1a"
                    string aeco:derived:stamp = "core hierarchy symbols 0.9.2"
                    double aeco:derived:tolerance = 0.000001
                    float3[] extent = [(-0.5, -0.5, -0.5), (0.5, 0.5, 0.5)]
                    rel material:binding = </ReviewMaterials/Element>
                    color3f[] primvars:displayColor = [(0.85, 0.57, 0.2)]
                    double size = 1
                    float3 xformOp:scale = (2.12, 0.5, 0.08)
                    matrix4d xformOp:transform = ( (1, 0, 0, 0), (0, 1, 0, 0), (0, 0, 1, 0), (5, -8.25, 0, 1) )
                    uniform token[] xformOpOrder = ["xformOp:transform", "xformOp:scale"]
                }

                def Mesh "ReviewLabel" (
                    prepend apiSchemas = ["AecoDerivedGeometryAPI", "MaterialBindingAPI"]
                )
                {
                    uniform token aeco:derived:approx = "tessellated"
                    uniform token aeco:derived:role = "symbol"
                    string aeco:derived:source = "b155ceaa-2ee9-5c80-b51e-771848171f1a"
                    string aeco:derived:stamp = "core hierarchy symbols 0.9.2"
                    uniform bool doubleSided = 1
                    float3[] extent = [(-0.98, -0.13, 0.051), (0.13, 0.11, 0.051)]
                    int[] faceVertexCounts = [4, 4, 4, 4, 4, 4, 4, 4, 4, 4, 4, 4, 4, 4, 4, 4, 4, 4, 4, 4, 4, 4, 4, 4, 4, 4, 4, 4, 4, 4, 4, 4, 4, 4, 4, 4, 4, 4, 4, 4, 4, 4, 4, 4, 4, 4, 4, 4, 4, 4, 4, 4, 4, 4, 4, 4, 4, 4, 4, 4, 4, 4]
                    int[] faceVertexIndices = [0, 1, 2, 3, 4, 5, 6, 7, 8, 9, 10, 11, 12, 13, 14, 15, 16, 17, 18, 19, 20, 21, 22, 23, 24, 25, 26, 27, 28, 29, 30, 31, 32, 33, 34, 35, 36, 37, 38, 39, 40, 41, 42, 43, 44, 45, 46, 47, 48, 49, 50, 51, 52, 53, 54, 55, 56, 57, 58, 59, 60, 61, 62, 63, 64, 65, 66, 67, 68, 69, 70, 71, 72, 73, 74, 75, 76, 77, 78, 79, 80, 81, 82, 83, 84, 85, 86, 87, 88, 89, 90, 91, 92, 93, 94, 95, 96, 97, 98, 99, 100, 101, 102, 103, 104, 105, 106, 107, 108, 109, 110, 111, 112, 113, 114, 115, 116, 117, 118, 119, 120, 121, 122, 123, 124, 125, 126, 127, 128, 129, 130, 131, 132, 133, 134, 135, 136, 137, 138, 139, 140, 141, 142, 143, 144, 145, 146, 147, 148, 149, 150, 151, 152, 153, 154, 155, 156, 157, 158, 159, 160, 161, 162, 163, 164, 165, 166, 167, 168, 169, 170, 171, 172, 173, 174, 175, 176, 177, 178, 179, 180, 181, 182, 183, 184, 185, 186, 187, 188, 189, 190, 191, 192, 193, 194, 195, 196, 197, 198, 199, 200, 201, 202, 203, 204, 205, 206, 207, 208, 209, 210, 211, 212, 213, 214, 215, 216, 217, 218, 219, 220, 221, 222, 223, 224, 225, 226, 227, 228, 229, 230, 231, 232, 233, 234, 235, 236, 237, 238, 239, 240, 241, 242, 243, 244, 245, 246, 247]
                    rel material:binding = </ReviewMaterials/Ink>
                    point3f[] points = [(-0.95, 0.08, 0.051), (-0.83, 0.08, 0.051), (-0.83, 0.11, 0.051), (-0.95, 0.11, 0.051), (-0.05, 0.08, 0.051), (-0.02, 0.08, 0.051), (-0.02, 0.11, 0.051), (-0.05, 0.11, 0.051), (0.07, 0.08, 0.051), (0.13, 0.08, 0.051), (0.13, 0.11, 0.051), (0.07, 0.11, 0.051), (-0.95, 0.05, 0.051), (-0.92, 0.05, 0.051), (-0.92, 0.08, 0.051), (-0.95, 0.08, 0.051), (-0.86, 0.05, 0.051), (-0.8, 0.05, 0.051), (-0.8, 0.08, 0.051), (-0.86, 0.08, 0.051), (-0.05, 0.05, 0.051), (-0.02, 0.05, 0.051), (-0.02, 0.08, 0.051), (-0.05, 0.08, 0.051), (0.04, 0.05, 0.051), (0.13, 0.05, 0.051), (0.13, 0.08, 0.051), (0.04, 0.08, 0.051), (-0.98, 0.02, 0.051), (-0.95, 0.02, 0.051), (-0.95, 0.05, 0.051), (-0.98, 0.05, 0.051), (-0.83, 0.02, 0.051), (-0.8, 0.02, 0.051), (-0.8, 0.05, 0.051), (-0.83, 0.05, 0.051), (-0.74, 0.02, 0.051), (-0.65, 0.02, 0.051), (-0.65, 0.05, 0.051), (-0.74, 0.05, 0.051), (-0.56, 0.02, 0.051), (-0.44, 0.02, 0.051), (-0.44, 0.05, 0.051), (-0.56, 0.05, 0.051), (-0.38, 0.02, 0.051), (-0.29, 0.02, 0.051), (-0.29, 0.05, 0.051), (-0.38, 0.05, 0.051), (-0.23, 0.02, 0.051), (-0.14, 0.02, 0.051), (-0.14, 0.05, 0.051), (-0.23, 0.05, 0.051), (-0.08, 0.02, 0.051), (0.01, 0.02, 0.051), (0.01, 0.05, 0.051), (-0.08, 0.05, 0.051), (0.1, 0.02, 0.051), (0.13, 0.02, 0.051), (0.13, 0.05, 0.051), (0.1, 0.05, 0.051), (-0.98, -0.01, 0.051), (-0.95, -0.01, 0.051), (-0.95, 0.02, 0.051), (-0.98, 0.02, 0.051), (-0.77, -0.01, 0.051), (-0.74, -0.01, 0.051), (-0.74, 0.02, 0.051), (-0.77, 0.02, 0.051), (-0.65, -0.01, 0.051), (-0.62, -0.01, 0.051), (-0.62, 0.02, 0.051), (-0.65, 0.02, 0.051), (-0.56, -0.01, 0.051), (-0.5, -0.01, 0.051), (-0.5, 0.02, 0.051), (-0.56, 0.02, 0.051), (-0.44, -0.01, 0.051), (-0.41, -0.01, 0.051), (-0.41, 0.02, 0.051), (-0.44, 0.02, 0.051), (-0.38, -0.01, 0.051), (-0.35, -0.01, 0.051), (-0.35, 0.02, 0.051), (-0.38, 0.02, 0.051), (-0.29, -0.01, 0.051), (-0.23, -0.01, 0.051), (-0.23, 0.02, 0.051), (-0.29, 0.02, 0.051), (-0.14, -0.01, 0.051), (-0.11, -0.01, 0.051), (-0.11, 0.02, 0.051), (-0.14, 0.02, 0.051), (-0.05, -0.01, 0.051), (-0.02, -0.01, 0.051), (-0.02, 0.02, 0.051), (-0.05, 0.02, 0.051), (0.1, -0.01, 0.051), (0.13, -0.01, 0.051), (0.13, 0.02, 0.051), (0.1, 0.02, 0.051), (-0.98, -0.04, 0.051), (-0.95, -0.04, 0.051), (-0.95, -0.01, 0.051), (-0.98, -0.01, 0.051), (-0.89, -0.04, 0.051), (-0.8, -0.04, 0.051), (-0.8, -0.01, 0.051), (-0.89, -0.01, 0.051), (-0.77, -0.04, 0.051), (-0.62, -0.04, 0.051), (-0.62, -0.01, 0.051), (-0.77, -0.01, 0.051), (-0.56, -0.04, 0.051), (-0.53, -0.04, 0.051), (-0.53, -0.01, 0.051), (-0.56, -0.01, 0.051), (-0.44, -0.04, 0.051), (-0.41, -0.04, 0.051), (-0.41, -0.01, 0.051), (-0.44, -0.01, 0.051), (-0.38, -0.04, 0.051), (-0.32, -0.04, 0.051), (-0.32, -0.01, 0.051), (-0.38, -0.01, 0.051), (-0.26, -0.04, 0.051), (-0.11, -0.04, 0.051), (-0.11, -0.01, 0.051), (-0.26, -0.01, 0.051), (-0.05, -0.04, 0.051), (-0.02, -0.04, 0.051), (-0.02, -0.01, 0.051), (-0.05, -0.01, 0.051), (0.1, -0.04, 0.051), (0.13, -0.04, 0.051), (0.13, -0.01, 0.051), (0.1, -0.01, 0.051), (-0.98, -0.07, 0.051), (-0.95, -0.07, 0.051), (-0.95, -0.04, 0.051), (-0.98, -0.04, 0.051), (-0.83, -0.07, 0.051), (-0.8, -0.07, 0.051), (-0.8, -0.04, 0.051), (-0.83, -0.04, 0.051), (-0.77, -0.07, 0.051), (-0.74, -0.07, 0.051), (-0.74, -0.04, 0.051), (-0.77, -0.04, 0.051), (-0.56, -0.07, 0.051), (-0.53, -0.07, 0.051), (-0.53, -0.04, 0.051), (-0.56, -0.04, 0.051), (-0.44, -0.07, 0.051), (-0.41, -0.07, 0.051), (-0.41, -0.04, 0.051), (-0.44, -0.04, 0.051), (-0.32, -0.07, 0.051), (-0.23, -0.07, 0.051), (-0.23, -0.04, 0.051), (-0.32, -0.04, 0.051), (-0.05, -0.07, 0.051), (-0.02, -0.07, 0.051), (-0.02, -0.04, 0.051), (-0.05, -0.04, 0.051), (0.1, -0.07, 0.051), (0.13, -0.07, 0.051), (0.13, -0.04, 0.051), (0.1, -0.04, 0.051), (-0.95, -0.1, 0.051), (-0.92, -0.1, 0.051), (-0.92, -0.07, 0.051), (-0.95, -0.07, 0.051), (-0.86, -0.1, 0.051), (-0.8, -0.1, 0.051), (-0.8, -0.07, 0.051), (-0.86, -0.07, 0.051), (-0.77, -0.1, 0.051), (-0.74, -0.1, 0.051), (-0.74, -0.07, 0.051), (-0.77, -0.07, 0.051), (-0.65, -0.1, 0.051), (-0.62, -0.1, 0.051), (-0.62, -0.07, 0.051), (-0.65, -0.07, 0.051), (-0.56, -0.1, 0.051), (-0.53, -0.1, 0.051), (-0.53, -0.07, 0.051), (-0.56, -0.07, 0.051), (-0.44, -0.1, 0.051), (-0.41, -0.1, 0.051), (-0.41, -0.07, 0.051), (-0.44, -0.07, 0.051), (-0.38, -0.1, 0.051), (-0.35, -0.1, 0.051), (-0.35, -0.07, 0.051), (-0.38, -0.07, 0.051), (-0.29, -0.1, 0.051), (-0.23, -0.1, 0.051), (-0.23, -0.07, 0.051), (-0.29, -0.07, 0.051), (-0.14, -0.1, 0.051), (-0.11, -0.1, 0.051), (-0.11, -0.07, 0.051), (-0.14, -0.07, 0.051), (-0.05, -0.1, 0.051), (-0.02, -0.1, 0.051), (-0.02, -0.07, 0.051), (-0.05, -0.07, 0.051), (0.1, -0.1, 0.051), (0.13, -0.1, 0.051), (0.13, -0.07, 0.051), (0.1, -0.07, 0.051), (-0.95, -0.13, 0.051), (-0.86, -0.13, 0.051), (-0.86, -0.1, 0.051), (-0.95, -0.1, 0.051), (-0.83, -0.13, 0.051), (-0.8, -0.13, 0.051), (-0.8, -0.1, 0.051), (-0.83, -0.1, 0.051), (-0.74, -0.13, 0.051), (-0.65, -0.13, 0.051), (-0.65, -0.1, 0.051), (-0.74, -0.1, 0.051), (-0.56, -0.13, 0.051), (-0.53, -0.13, 0.051), (-0.53, -0.1, 0.051), (-0.56, -0.1, 0.051), (-0.44, -0.13, 0.051), (-0.41, -0.13, 0.051), (-0.41, -0.1, 0.051), (-0.44, -0.1, 0.051), (-0.38, -0.13, 0.051), (-0.26, -0.13, 0.051), (-0.26, -0.1, 0.051), (-0.38, -0.1, 0.051), (-0.23, -0.13, 0.051), (-0.14, -0.13, 0.051), (-0.14, -0.1, 0.051), (-0.23, -0.1, 0.051), (-0.05, -0.13, 0.051), (0.01, -0.13, 0.051), (0.01, -0.1, 0.051), (-0.05, -0.1, 0.051), (0.1, -0.13, 0.051), (0.13, -0.13, 0.051), (0.13, -0.1, 0.051), (0.1, -0.1, 0.051)]
                    color3f[] primvars:displayColor = [(0.015, 0.022, 0.028)]
                    uniform token subdivisionScheme = "none"
                    matrix4d xformOp:transform = ( (1, 0, 0, 0), (0, 1, 0, 0), (0, 0, 1, 0), (5, -8.25, 0, 1) )
                    uniform token[] xformOpOrder = ["xformOp:transform"]
                }

                def Cube "ReviewLink0" (
                    prepend apiSchemas = ["MaterialBindingAPI", "AecoDerivedGeometryAPI"]
                )
                {
                    uniform token aeco:derived:approx = "exact"
                    uniform token aeco:derived:role = "symbol"
                    string aeco:derived:source = "b155ceaa-2ee9-5c80-b51e-771848171f1a"
                    string aeco:derived:stamp = "core hierarchy symbols 0.9.2"
                    double aeco:derived:tolerance = 0.000001
                    float3[] extent = [(-0.5, -0.5, -0.5), (0.5, 0.5, 0.5)]
                    rel material:binding = </ReviewMaterials/Link>
                    color3f[] primvars:displayColor = [(0.35, 0.4, 0.45)]
                    double size = 1
                    float3 xformOp:scale = (0.13, 0.04, 0.04)
                    matrix4d xformOp:transform = ( (1, 0, 0, 0), (0, 1, 0, 0), (0, 0, 1, 0), (3.625, -7.5, 0, 1) )
                    uniform token[] xformOpOrder = ["xformOp:transform", "xformOp:scale"]
                }

                def Cube "ReviewLink1" (
                    prepend apiSchemas = ["MaterialBindingAPI", "AecoDerivedGeometryAPI"]
                )
                {
                    uniform token aeco:derived:approx = "exact"
                    uniform token aeco:derived:role = "symbol"
                    string aeco:derived:source = "b155ceaa-2ee9-5c80-b51e-771848171f1a"
                    string aeco:derived:stamp = "core hierarchy symbols 0.9.2"
                    double aeco:derived:tolerance = 0.000001
                    float3[] extent = [(-0.5, -0.5, -0.5), (0.5, 0.5, 0.5)]
                    rel material:binding = </ReviewMaterials/Link>
                    color3f[] primvars:displayColor = [(0.35, 0.4, 0.45)]
                    double size = 1
                    float3 xformOp:scale = (0.04, 0.75, 0.04)
                    matrix4d xformOp:transform = ( (1, 0, 0, 0), (0, 1, 0, 0), (0, 0, 1, 0), (3.69, -7.875, 0, 1) )
                    uniform token[] xformOpOrder = ["xformOp:transform", "xformOp:scale"]
                }

                def Cube "ReviewLink2" (
                    prepend apiSchemas = ["MaterialBindingAPI", "AecoDerivedGeometryAPI"]
                )
                {
                    uniform token aeco:derived:approx = "exact"
                    uniform token aeco:derived:role = "symbol"
                    string aeco:derived:source = "b155ceaa-2ee9-5c80-b51e-771848171f1a"
                    string aeco:derived:stamp = "core hierarchy symbols 0.9.2"
                    double aeco:derived:tolerance = 0.000001
                    float3[] extent = [(-0.5, -0.5, -0.5), (0.5, 0.5, 0.5)]
                    rel material:binding = </ReviewMaterials/Link>
                    color3f[] primvars:displayColor = [(0.35, 0.4, 0.45)]
                    double size = 1
                    float3 xformOp:scale = (0.25, 0.04, 0.04)
                    matrix4d xformOp:transform = ( (1, 0, 0, 0), (0, 1, 0, 0), (0, 0, 1, 0), (3.815, -8.25, 0, 1) )
                    uniform token[] xformOpOrder = ["xformOp:transform", "xformOp:scale"]
                }
            }
        }
    }
}

